{
    "header": {
        "target": "w",
        "formatVersion": 5,
        "hidef": true,
        "compressed": 128
    },
    "readers": [
        {
            "type": "Microsoft.Xna.Framework.Content.DictionaryReader`2[[System.String, mscorlib, Version=4.0.0.0, Culture=neutral, PublicKeyToken=b77a5c561934e089],[System.String, mscorlib, Version=4.0.0.0, Culture=neutral, PublicKeyToken=b77a5c561934e089]]",
            "version": 0
        },
        {
            "type": "Microsoft.Xna.Framework.Content.StringReader",
            "version": 0
        }
    ],
    "content": {
        "UnderConstruction": "อยู่ระหว่างการก่อสร้าง",
        "DismountBeforeEntering": "ลงจากหลังม้าก่อน",
        "PiecesOfHay": "ชิ้นส่วนของฟาง (Hay): {0}/{1}",
        "AddedHay": "เพิ่มฟาง (Hay) ในยุ้งฉาง {0} ชิ้น",
        "MillFull": "ไม่มีพื้นที่ว่าง",
        "CantMill": "ไม่สามารถบดได้",
        "NeedSilo": "ต้องการ ยุ้งฉาง",
        "CantEnter": "ไม่สามารถเติมใด้ในตอนนี้",
        "WrongFishType": "{0} ของคุณ ไม่ต้องการ {1} ในนี้",
        "WrongFishTypeCoral": "{0} สามารถเลี้ยง {0} ได้เท่านั้น",
        "CantPutInPonds": "{0} พวกเราไม่มีความสุขในนี้บ่อเลย",
        "NoFish": "สามารถเลี้ยงปลาในบ่อนี้ได้",
        "PondFull": "บ่อนี้เต็มแล้ว"
    }
}
