{
    "header": {
        "target": "w",
        "formatVersion": 5,
        "hidef": true,
        "compressed": 128
    },
    "readers": [
        {
            "type": "Microsoft.Xna.Framework.Content.DictionaryReader`2[[System.String, mscorlib, Version=4.0.0.0, Culture=neutral, PublicKeyToken=b77a5c561934e089],[System.String, mscorlib, Version=4.0.0.0, Culture=neutral, PublicKeyToken=b77a5c561934e089]]",
            "version": 0
        },
        {
            "type": "Microsoft.Xna.Framework.Content.StringReader",
            "version": 0
        }
    ],
    "content": {
        "NameYourHorse": "ตั้งชื่อม้าของคุณ",
        "WipedMemory": "คุณคือชาวสวนที่เพิ่งมาใหม่ใช่มั้ย?#$e#ฉันว่าคุณดูคุ้นๆ นะ... ไม่สิฉันมั่นใจว่าเราไม่เคยเจอกันมาก่อน",
        "DefaultHorseName": "Grover",
        "PiecesOfHay": "หญ้าหนึ่งกำ: {0}/{1}",
        "JunimoTextAboveHead1": "จูนิโม่!",
        "JunimoTextAboveHead2": "ดวงดาว!",
        "JunimoThankYou1": "ขอบคุณ!",
        "JunimoThankYou2": "ของขวัญ!",
        "AbigailInMineFlute": "%อบิเกลกำลังเพลิดเพลินไปกับเพลงที่เธอฟัง...",
        "AbigailInMineFirst": "เฮ้! @ แปลกใจหรอ? ...ในที่สุดฉันก็รวบรวบความกล้าเพื่อลงมาที่นี่ได้แล้ว #$b#ตอนแรกก็กลัวนะ แต่ก็ฝืนมาจนได้#$b#ฉันรู้สึกมั่นใจขึ้นมากเลย  จริงๆ มันก็สนุกมากเลยล่ะ!$h",
        "AbigailInMine0": "เฮ้! ฉันมาได้ไกลอยู่ไม่ใช่หรอ?$h",
        "AbigailInMine1": "ว้าย !$7#$b# ฮ่าฮ่า! คุณทำให้ฉันตกใจนะ! ไม่คิดว่าจะได้เจอคนอื่นที่ข้างล่างนี่เลย!$h#$e#ขอโทษที ฉันตื่นเต้นจนเหงื่อท่วมไปหมด",
        "AbigailInMine2": "ไง @! ฉันมาถึงนี่ได้โดยไม่ได้สู้กับสัตว์ประหลาดสักตัวเลยนะ ",
        "AbigailInMine3": "เฮ้! ค่อยยังชั่วหน่อยที่ได้เจอคุณข้างล่างนี่...$h#$e#...เอ่อ อย่าบอกพ่อฉันนะ เข้าใจมั้ย?$9",
        "AbigailInMine4": "เฮ้! สำรวจเหมืองในวันที่ฝนตกหรอ? ฉันก็เหมือนกัน!$h",
        "Henchman1": "หืมม ห้ะ!! มนุษย์เหรอ!#$b#...เจ้าต้องการจะผ่านไปทางนี้สินะ? ต้องขอโทษที นี่เป็นที่ส่วนบุคคลนะ$s",
        "Henchman2": "ข้าขอโทษ แต่ข้าให้เจ้าผ่านไม่ได้จริงๆ ... ไม่งั้นข้าจะตกงานเอานะ",
        "Henchman3": "เจ้าจะให้สิ่งนั้นกับข้าหรือ? อืมมม... ไม่ละ ขอบใจ$s",
        "Henchman4": "อืมมม นั่นมันก็ดูใช้ได้อยู่นะ แต่ไม่ละ ขอบใจ... ทำไมเจ้าไม่เก็บเอาไว้เองหละ?",
        "Henchman5": "ฟุดฟิด ฟุดฟิด...#$b#กลิ่นนั่น..#$b#ข้าอดใจไม่ไหวแล้ว... เอามันมานี่!$h",
        "Henchman6": "ขอบใจ",
        "KrobusDarkTalisman": "อะไรนะ เจ้ากำลังตามหายันต์แห่งความมืด (dark talisman) หรอ?#$b#...อืมม พอเจ้าพูดขึ้นมาก็นึกขึ้นได้ ข้าเคยครอบครองมันอยู่เมื่อไม่นานมานี้#$b# แต่น่าเสียดายที่ข้าทำมันตกระหว่างที่สำรวจท่อตรงมุมโน้น#$b# แล้วสถานการณ์มันก็แย่ลงเรื่อยๆ ข้าเลยรีบหนีออกมาแล้วปิดผนึกทางเข้าไว้#$b#เจ้าดูแข็งแรงใช้ได้... เพราะงั้นข้าจะเปิดมันให้เจ้าเข้าไปเท่านั้นนะ  ระวังตัวด้วย โอเคมั้ย?",
        "Divorced_bouquet": "นี่มัน... คุณจะทำให้ฉันต้องเจ็บปวดไปถึงไหนกันนะ?$s",
        "Divorced_gift": "ฉันไม่ต้องการของขวัญอะไรจากคุณทั้งนั้น$a",
        "PetLovesYou": "{0} รักคุณ<",
        "Saloon_goodEvent_0": "ได้แต้ม!!",
        "Saloon_goodEvent_1": "วู้วว!",
        "Saloon_goodEvent_2": "เล่นได้เจ๋ง!",
        "Saloon_goodEvent_3": "ใช่!",
        "Saloon_goodEvent_4": "ทำได้ดี!",
        "Saloon_badEvent_0": "อาาา!",
        "Saloon_badEvent_1": "ไม่นะ!",
        "Saloon_badEvent_2": "บูวว!",
        "Saloon_badEvent_3": "อึก",
        "Saloon_badEvent_4": "ไม่ดีเลย",
        "Saloon_neutralEvent_0": "เอาหน่อย...",
        "Saloon_neutralEvent_1": "ใกล้แล้ว!",
        "Saloon_neutralEvent_2": "ไปเลย!",
        "Saloon_neutralEvent_3": "ส่งบอล!",
        "Saloon_neutralEvent_4": "เอาให้ได้!",
        "KrobusDarkTalisman_elsewhere": "อะไรนะ เจ้ากำลังตามหายันต์แห่งความมืด (dark talisman) หรอ?#$b#...อืมม พอเจ้าพูดขึ้นมาก็นึกได้ ข้าเคยครอบครองมันอยู่ เมื่อไม่นานมานี้ #$b# แต่น่าเสียดายที่ข้า ทำมันตกระหว่างที่สำรวจท่อน้ำทิ้ง #$b# แล้วสถานการณ์มันก็แย่ลงเรื่อยๆ ข้าเลยรีบหนีออกมาแล้ว ปิดผนึกทางเข้าเอาไว้ #$b# เจ้าดูแข็งแรงใช้ได้... เพราะงั้น ข้าจะเปิดมันให้เจ้าเข้าไปเท่านั้นนะ ระวังตัวด้วย โอเคมั้ย?",
        "MovieInvite_Festival": "โรงภาพยนตร์ปิด ทำการในวันที่มีเทศกาล!",
        "MovieInvite_Closed": "โรงภาพยนตร์ปิดทำ การแล้วสำหรับค่ำคืนนี้",
        "MovieInvite_AlreadyInvitedSomeone": "คุณมีนัดที่จะดูภาพยนตร์กับ {0} แล้ว  วันนี้!",
        "MovieInvite_NoTheater": "{0}ดูงุนงง...",
        "MovieInvite_CantInvite": "คุณไม่สามารถเชิญ {0}ไปดูภาพยนตร์ด้วยได้",
        "MovieInvite_InvitedBySomeoneElse": "ขอโทษที ฉันมีนัดไปดูหนังแล้ววันนี้ แต่คุณจะไปด้วยกันก็ได้นะ",
        "MovieInvite_FarmerAlreadySeen": "ฉันยังไม่ค่อยอยาก จะไปดูหนังเรื่องนั้น อีกรอบเท่าไหร่น่ะ...",
        "MovieInvite_AlreadySeen": "ขอโทษที แต่อาทิตย์นี้ฉันดูหนังไปแล้ว...",
        "MovieInvite_Invited_Sandy": "โอ้ ฉันอยากไปด้วย  คุณไปก่อนได้เลย เดี๋ยวฉันตามไป ที่รัก...ฉันต้องไปแต่งตัวก่อน!",
        "MovieInvite_Invited_Dwarf": "หนะ- อะไรนะ? อืม ฉันมั่นใจว่าฉันต้องชอบมันแน่นอน! ฉันจะไปกับคุณ",
        "MovieInvite_Invited_Krobus": "โอ้ แต่ปกติข้าจะซ่อนตัวจากมนุษย์นะ...#$b#แต่...คิดอะไรออกแล้ว... เดี๋ยวไปเจอกันที่โรงหนังเลยนะ",
        "MovieInvite_Invited_Wizard": "ฮืมมม... ดีล่ะ ข้าจะไปกับเจ้าเพื่อดู... ภาพฉาย นั่น",
        "MovieInvite_Invited": "ดูหนังหรอ? เอาสิ ไปเจอกันที่โรงหนังเลยนะ",
        "MovieInvite_Invited_Rude": "ดูหนังเรอะ? เออ ก็ได้ ฟังดูดีนี่ ไปเจอกันที่โรงหนังเลย...",
        "MovieInvite_Invited_Child": "ดูหนังหรอ? เย้! เดี๋ยวไปเจอกันที่โรงหนังเลยนะ!",
        "MovieInvite_Reject_Child": "ไม่คิดว่าจะได้รับอนุญาตให้ไป...",
        "MovieInvite_Reject": "ขอโทษที แต่ชั้นไม่มีอารมณ์จะไปดูหนังตอนนี้...",
        "MovieTheater_NoTicket": "คุณไม่สามารถเข้าชมภาพยนตร์ได้ หากไม่มีตั๋ว!",
        "MovieTheater_CurrentlyShowing": "ขณะนี้ภาพยนตร์กำลังฉายอยู่ กรุณากลับมาในภายหลัง",
        "MovieTheater_AlreadySeen": "คุณได้ชมภาพยนตร์ไปแล้วในอาทิตย์นี้",
        "MovieTheater_WatchAlonePrompt": "คุณต้องการที่จะใช้ตั๋วภาพยนตร์ใบนี้ เพื่อชมภาพยนตร์คนเดียว ใช่มั้ย?",
        "MovieTheater_WatchWithFriendPrompt": "คุณต้องการที่จะใช้ตั๋วภาพยนตร์ใบนี้ เพื่อชมภาพยนตร์กับ {0} ใช่มั้ย?",
        "MovieTheater_LeavePrompt": "คุณมั่นใจหรือที่จะออกจากโรงภาพยนตร์ โดยที่ยังไม่ได้ชมภาพยนตร์เลย?",
        "MovieTheater_ClosedFestival": "โรงภาพยนตร์ปิดทำการในวันที่มีเทศกาล",
        "MovieTheater_Closed": "โรงภาพยนตร์ปิดทำการแล้ว",
        "MovieTheater_BoxOfficeClosed": "ในตู้นั้น ไม่มีใครอยู่",
        "MovieTheater_Concession": "ยินดีต้อนรับสู่ร้านขนมขบเคี้ยว! คุณต้องการสั่งของทานเล่นให้เพื่อนของคุณมั้ย?",
        "MovieTheater_ConcessionAlone": "โอ้ ดูเหมือนว่าคุณจะมาคนเดียวสินะ คุณต้องมาดูที่นี่กับเพื่อนของคุณเท่านั้น คุณถึงจะสั่งของทานเล่นให้เพื่อนของคุณได้ ไว้มาลองใหม่นะ!",
        "MovieTheater_ConcessionPurchased": "คุณต้องการ {0} ใช่มั้ย? เราจะนำไปส่งให้ที่นั่งของ {1} เมื่อภาพยนตร์เริ่มฉายนะ!",
        "MovieTheater_ConcessionAfterMovie": "ภาพยนตร์สนุกมั้ย ?",
        "MovieTheater_AfterMovieAlone": "{0} กำลังครุ่นคิดเงียบๆเกี่ยวกับภาพยนตร์ที่เพิ่งดูไป",
        "MovieTheater_AfterMovie": "{0} กำลังพุดคุยกันอย่างสนุกสนานเกี่ยวกับภาพยนตร์ที่เพิ่งดูไป",
        "MovieTheater_LoveMovie": "{0} กำลังปลาบปลื้มอย่างสุดซึ้ง...!",
        "MovieTheater_LikeMovie": "{0} ดูกำลังมีความสุขดี!",
        "MovieTheater_DislikeMovie": "{0} กำลังนั่งสัปหงก...",
        "MovieTheater_LoveConcession": "{0} กำลังเอร็ดอร่อยอย่างยิ่งกับ {1}!",
        "MovieTheater_LikeConcession": "{0} กำลังเอร็ดอร่อยกับ {1}",
        "MovieTheater_DislikeConcession": "{0} ไม่ได้แตะ {1} เลยสักนิด...",
        "MovieTheater_LoveConcession_Female": "{0} กำลังเอร็ดอร่อยอย่างยิ่งกับ {1} ของเธอ!",
        "MovieTheater_LikeConcession_Female": "{0} กำลังเอร็ดอร่อยกับ {1} ของเธอ",
        "MovieTheater_DislikeConcession_Female": "{0} ไม่ได้แตะ {1} ของเธอ เลยสักนิด...",
        "MovieTheater_LoveConcession_Male": "{0}กำลังเอร็ดอร่อยอย่างยิ่งกับ {1} ของเขา!",
        "MovieTheater_LikeConcession_Male": "{0} กำลังเอร็ดอร่อยกับ {1} ของเขา",
        "MovieTheater_DislikeConcession_Male": "{0} ไม่ได้แตะ {1} ของเขา เลยสักนิด...",
        "MovieInvite_Spouse_Abigail": "ไปดูหนังหรือ? ได้เลย ฟังดูน่าสนุกนะ! เดี๋ยวไปเจอกันที่โรงหนังเลย $h#$e#หวังว่าจะเป็นเรื่องที่ตื่นเต้นๆ หน่อยนะ",
        "MovieInvite_Spouse_Penny": "ตั๋วหนังหรอ? ฉันจะไปกับคุณนะคะ! เดี๋ยวไปเจอที่โรงหนังเลยนะ ที่รัก$h",
        "MovieInvite_Spouse_Haley": "โอ้ ไปเดทหรอ? เดี๋ยวฉันขอแต่งตัวสักหน่อยกก่อน แล้วเราไปเจอกันที่โรงหนังเลยนะ $h",
        "MovieInvite_Spouse_Emily": "ตั๋วหนังหรอ คุณรู้มั้ยว่าชั้นคิดถึงแต่หนังเรื่องนี้ทั้งวันเลย  คุณอ่านใจฉันได้ใช่มั้ยเนี่ย! $h#$e# เดี๋ยวไปเจอกันที่โรงหนังเลยนะ",
        "MovieInvite_Spouse_Leah": "โอ้ ดูหนังหรอ? ได้เลย ฟังดูน่าสนุกดี.... เหมือนเรากลับไปตอนที่เดทกันไง ฮี่ ๆ $h#$e#เดี๋ยวไปเจอกันที่โรงหนังเลยนะ",
        "MovieInvite_Spouse_Maru": "โอ้ คุณคิดแผนเดทสำหรับเราหรอ? $h#$b#ฉันอยากไปกับคุณอยู่แล้ว! เดี๋ยวไปเจอกันที่โรงหนังเลยนะ$h",
        "MovieInvite_Spouse_Alex": "เฮ้ ฟังดูน่าสนุกนะ! ผมอยากดูเรื่องนี้มานานแล้ว... ถ้าได้ดูกับคุณก็ยิ่งดี!#$b#เดี๋ยวไปเจอกันที่โรงหนังเลยนะ",
        "MovieInvite_Spouse_Sam": "เยี่ยม คุณซื้อตั๋วสำหรับเราสองคนหรอ? คุณเยี่ยมที่สุดเลย! เดี๋ยวไปเจอกันที่โรงหนังเลยนะ$h",
        "MovieInvite_Spouse_Sebastian": "โอ้ คุณอยากไปดูหนังหรอ ฟังดูดีนะ เดี๋ยวไปเจอกันที่โรงหนังเลยนะ$h",
        "MovieInvite_Spouse_Shane": "โอ้ คุณอยากไปดูหนังหรอ? ต้องซื้อขนมให้ด้วย แล้วผมจะไป ตกลงมั้ย ฮี่ ๆ...$h#$e#เดี๋ยวไปเจอกันที่โรงหนังเลยนะ",
        "MovieInvite_Spouse_Elliott": "ได้สิที่รัก ผมอยากไปดูหนังกับคุณอยู่แล้ว! เดี๋ยวไปเจอกันที่โรงหนังเลยนะ",
        "MovieInvite_Spouse_Harvey": "ตั๋วหนังหรอ?เอ่อ ได้สิ ผมจะไปกับคุณนะ!$h#$e#ทำอะไรแบบนี้บ้างก็ดีนะ ผมไม่อยากให้ชีวิตคู่ของเราเป็นเรื่องน่าเบื่อนะ!"
    }
}
