{
    "header": {
        "target": "w",
        "formatVersion": 5,
        "hidef": true,
        "compressed": 128
    },
    "readers": [
        {
            "type": "Microsoft.Xna.Framework.Content.ListReader`1[[System.String, mscorlib, Version=4.0.0.0, Culture=neutral, PublicKeyToken=b77a5c561934e089]]",
            "version": 0
        },
        {
            "type": "Microsoft.Xna.Framework.Content.StringReader",
            "version": 0
        }
    ],
    "content": [
        "[image] LooseSprites\\\\yellowLettersLogo 0 0 228 26 3",
        "[image] LooseSprites\\\\yellowLettersLogo 0 26 228 26 3",
        "[image] LooseSprites\\\\yellowLettersLogo 0 52 228 26 3",
        "[image] LooseSprites\\\\yellowLettersLogo 0 78 228 26 3",
        "",
        "[3]Stardew Valley สร้างโดย:",
        "Eric Barone (ConcernedApe)",
        "",
        "[3]Stardew Valley ทีมพัฒนาเวอร์ชั่น 1.4:",
        "Eric Barone (ConcernedApe)",
        "Arthur Lee (Mr. Podunkian)",
        "Alex Erlandson (zillix)",
        "",
        "[3]ผู้เขียนโค้ดระบบผู้เล่นหลายคน:",
        "Tom Coxon",
        "",
        "[3]ผู้แปลภาษา:",
        "Playism",
        "LocalizeDirect",
        "Alessio Messersì (ภาษาอิตาลี)",
        "Junho Won (ภาษาเกาหลี)",
        "Not Shalalu (ภาษาฝรั่งเศส)",
        "Gőz Richárd \"TRC\" (ภาษาฮังการี)",
        "Hüseyin Serhat Çavunt (ภาษาตุรกี)",
        "Salih Emircan Ayyıldız (ภาษาตุรกี)",
        "Hilmi Furkan Yaşık (ภาษาตุรกี)",
        "Daniel Ruiz \"TheBrightKing\" (ภาษาสเปน)",
        "Alexander Preymak (ภาษารัสเซีย)",
        "Arina Bedrina (ภาษารัสเซีย)",
        "Alessandro Raffaele-Addamo (ภาษาเยอรมัน)",
        "Vinícius de Medeiros Miguel (ภาษาโปรตุเกส)",
        "Steven Sun (ภาษาจีนแบบย่อ)",
        "Yun Wei (ภาษาจีนแบบย่อ)",
        "Kust (ภาษาจีนแบบย่อ)",
        "",
        "[3]Mac, Linux, Xbox One, Playstation 4, PS Vita and Nintendo Switch พอร์ทโดย:",
        "Sickhead Games",
        "",
        "[3]พอร์ทลงมือถือโดย:",
        "The Secret Police",
        "",
        "[3]ตรวจสอบคุณภาพของเวอร์ชั่นคอนโซลโดย:",
        "GlobalStep",
        "",
        "[3]จัดการขายในร้านค้าปลีกโดย:",
        "505 Games",
        "",
        "[3]ตรวจสอบการขายในร้านค้าปลีกโดย:",
        "Pipeworks Studio",
        "",
        "[image] LooseSprites\\\\Cursors 540 333 13 13 4 4",
        "[3]เว็บไซต์",
        "[link] https://www.stardewvalley.net Official Website",
        "[link] https://www.twitter.com/ConcernedApe ConcernedApe's Twitter",
        "[link] https://www.reddit.com/r/StardewValley Stardew Valley Subreddit",
        "",
        "[image] LooseSprites\\\\Cursors 592 333 13 13 4 4",
        "",
        "[1]ขอบคุณที่เล่นเกม Stardew Valley <"
    ]
}
