{
    "header": {
        "target": "w",
        "formatVersion": 5,
        "hidef": true,
        "compressed": 128
    },
    "readers": [
        {
            "type": "Microsoft.Xna.Framework.Content.DictionaryReader`2[[System.String, mscorlib, Version=4.0.0.0, Culture=neutral, PublicKeyToken=b77a5c561934e089],[System.String, mscorlib, Version=4.0.0.0, Culture=neutral, PublicKeyToken=b77a5c561934e089]]",
            "version": 0
        },
        {
            "type": "Microsoft.Xna.Framework.Content.StringReader",
            "version": 0
        }
    ],
    "content": {
        "BirthMessage_Adoption": "กลางดึกคืนนั้นเอง องค์กรรับเลี้ยงบุตรบุญธรรมได้นำบุตร {0} คนใหม่ของคุณมาส่ง",
        "BirthMessage_PlayerMother": "กลางดึกคืนนั้นเอง คุณได้ให้กำเนิดบุตร {0}",
        "BirthMessage_SpouseMother": "กลางดึกคืนนั้นเอง {1} ได้ให้กำเนิดบุตร {0}",
        "BirthMessage_SpouseNaming_Male": "{0} ได้ตั้งชื่อลูกชายตัวน้อยของคุณ",
        "BirthMessage_SpouseNaming_Female": "{0} ได้ตั้งชื่อลูกสาวตัวน้อยของคุณ",
        "BabyNamingTitle_Male": "เราตั้งชื่อเขาว่าอะไรดี?",
        "BabyNamingTitle_Female": "เราตั้งชื่อเธอว่าอะไรดี?",
        "HaveBabyQuestion": "นี่ {0} เรามามีลูกกันมั้ย?",
        "HaveBabyQuestion_Adoption": "นี่ {0} เรารับเด็กมาเลี้ยงกันดีมั้ย?",
        "HaveBabyAnswer_Yes": "เอาสิ",
        "HaveBabyAnswer_No": "รอก่อนนะ...",
        "HavePlayerBabyQuestion": "คุณอยากมีลูกกับ {0} หรือไม่?",
        "HavePlayerBabyQuestion_Adoption": "คุณอยากรับเลี้ยงบุตรบุญธรรมกับ {0} หรือไม่?",
        "SpouseFlowerDanceAccept_Shane": "เต้นรำเหรอ? กับผม ได้สิ... ให้ผมลองซ้อมเต้นสักสองสามรอบก่อนนะ...",
        "SpouseFlowerDanceAccept_Emily": "ได้อยู่แล้วสิ ที่รัก ฉันรอสิ่งนี้มาตลอดเลย!$h",
        "AnimalBirth": "กลางดึกคืนนั้นเอง {0} ได้คลอด {1}",
        "AnimalNamingTitle": "ตั้งชื่อลูก {0} ใหม่ของคุณสิ:",
        "SoundInTheNight_UFO": "มีเสียงแปลกๆ ดังขึ้นในตอนกลางคืน...",
        "SoundInTheNight_Meteorite": "ได้ยินเสียงระเบิดดังขึ้น ในตอนกลางคืน...",
        "SoundInTheNight_Earthquake": "เกิดแผ่นดินไหว ในตอนกลางคืน",
        "BeachNightMarket_NowOpen": "ตลาดราตรีเปิดแล้วตอนนี้",
        "Maru_comet5": "ฉันดีใจเหลือเกินที่ได้ใช้ชีวิตบนโลกที่สว่างเจิดจ้าใบนี้กับคุณ!",
        "Maru_comet4": "ช่างว่างเปล่า ช่างเงียบเหงา...",
        "Maru_comet3": "ปรากฎขึ้นในชั่วขณะแสนสั้นในการเดินทางที่ไม่สิ้นสุดของมัน",
        "Maru_comet2": "ความน่าอัศจรรย์ใจอันหายากของจักรวาล...",
        "Maru_comet1": "สวยใช่มั้ยล่ะ?",
        "ElliottBook_mystery": "ปราสาทสีคราม",
        "ElliottBook_romance": "สถานีคาร์มีเลีย",
        "ElliottBook_default": "กำเนิดและการล่มสลายแห่งดาวเคราะห์แยสโซ"
    }
}
