{
    "header": {
        "target": "w",
        "formatVersion": 5,
        "hidef": true,
        "compressed": 128
    },
    "readers": [
        {
            "type": "Microsoft.Xna.Framework.Content.DictionaryReader`2[[System.String, mscorlib, Version=4.0.0.0, Culture=neutral, PublicKeyToken=b77a5c561934e089],[System.String, mscorlib, Version=4.0.0.0, Culture=neutral, PublicKeyToken=b77a5c561934e089]]",
            "version": 0
        },
        {
            "type": "Microsoft.Xna.Framework.Content.StringReader",
            "version": 0
        }
    ],
    "content": {
        "RandomNegativeItemNoun": "ขยะ#มูลฝอย#เศษขยะ#โคลน#ขยะห่วยๆ",
        "RandomPositiveAdjective_Child": "เจ๋ง#สนุก#ปัง#ดี#เก๋#สุดยอด#เยี่ยม",
        "RandomPositiveAdjective_AdultMale": "น่าสนใจ#น่าตื่นเต้น#เรียบร้อย#สนุก#เยี่ยม#สุดยอด",
        "RandomPositiveAdjective_AdultFemale": "ดีงาม#สุดยอด#อบอุ่นหัวใจ#เหมือนมีเวทมนตร์#เหลือเชื่อ#น่ารัก#น่าเบิกบานใจ#น่าชื่นใจ",
        "RandomPositiveAdjective_PlaceOrEvent": "ดีงาม#ยอดเยี่ยม#อบอุ่นหัวใจ#มีมนต์ขลัง#สุดยอด#น่ารัก#น่าเบิกบานใจ#น่าชื่นใจ",
        "RandomNegativeAdjective_Child": "ปัญญานิ่ม#งั่ง#ขี้แพ้#น่าเบื่อ#โง่",
        "RandomNegativeAdjective_AdultMale": "ห่วย#แย่#ไร้รสนิยม#น่าเบื่อ#น่าหดหู่#น่ารังเกียจ#น่าขำ",
        "RandomNegativeAdjective_AdultFemale": "น่าเศร้า#น่าเบื่อ#พาเครียด#น่าหดหู่#น่าเวทนา#ไม่รู้จักโต#น่ารังเกียจ",
        "RandomNegativeAdjective_PlaceOrEvent": "น่าเศร้า#น่าเบื่อ#เครียดเขม็ง#น่าหดหู่#น่าสงสาร#อ่อนต่อโลก#น่ารังเกียจ",
        "RandomDeliciousAdjective": "เอร็ดอร่อย#อร่อย#ดีงาม#น่าพึงพอใจ#เติมเต็ม#น่าปลื้มปิติ#ทำให้เจริญอาหาร#น่าประทับใจ",
        "RandomDeliciousAdjective_Child": "อาหย่อย",
        "RandomNegativeFoodAdjective_Child": "ยี๋",
        "RandomNegativeFoodAdjective_Polite": "อะไรที่... น่าสนใจ#อะไรที่... แปลก#อะไรที่... แตกต่าง#อะไรที่... ไม่เหมือนที่เคยกินมาก่อนเลย",
        "RandomNegativeFoodAdjective": "ของแย่ๆ#ของน่าแหวะ#ของน่ารังเกียจ#ของน่าขยะแขยง#ของที่ปั่นป่วนท้อง#ของน่าคลื่นไส้#ของเลวร้าย#ของน่าสะอิดสะเอียน#ของน่าคลื่นเหียน#ของขมลิ้น#ของน่าสยดสยอง#ของเน่า",
        "RandomSlightlyPositiveFoodAdjective": "ใช้ได้#ดี#พอกินได้",
        "ChildTerm_Male": "ชาย",
        "ChildTerm_Female": "หญิง",
        "Pronoun_Male": "เขา",
        "Pronoun_Female": "เธอ",
        "QuestionDialogue_Yes": "แน่นอน",
        "QuestionDialogue_No": "ไม่",
        "GenericPlayerTerm": "ชาวนา"
    }
}
