{
    "header": {
        "target": "w",
        "formatVersion": 5,
        "hidef": true,
        "compressed": 128
    },
    "readers": [
        {
            "type": "Microsoft.Xna.Framework.Content.DictionaryReader`2[[System.String, mscorlib, Version=4.0.0.0, Culture=neutral, PublicKeyToken=b77a5c561934e089],[System.String, mscorlib, Version=4.0.0.0, Culture=neutral, PublicKeyToken=b77a5c561934e089]]",
            "version": 0
        },
        {
            "type": "Microsoft.Xna.Framework.Content.StringReader",
            "version": 0
        }
    ],
    "content": {
        "AdventureGuild_KillList_Header": "------------------------------\n\t\t\t --เป้าหมาย กำจัดมอนสเตอร์--\n             \"เพื่อปกป้องหุบเขา ให้ปลอดภัย.\"\n------------------------------",
        "AdventureGuild_KillList_LineFormat": "{0}/{1} {2}",
        "AdventureGuild_KillList_LineFormat_None": "{0}/{1} ????",
        "AdventureGuild_KillList_LineFormat_OverTarget": "{0} {2} *",
        "AdventureGuild_KillList_Slimes": "สไลม์",
        "AdventureGuild_KillList_VoidSpirits": "มอนสเตอร์เงา",
        "AdventureGuild_KillList_Bats": "ค้างคาว",
        "AdventureGuild_KillList_Skeletons": "โครงกระดูก",
        "AdventureGuild_KillList_CaveInsects": "แมลงในถ้ำ",
        "AdventureGuild_KillList_Duggies": "ดั๊กกี้",
        "AdventureGuild_KillList_DustSprites": "ภูติฝุ่นผง",
        "AdventureGuild_KillList_RockCrabs": "ปูหิน",
        "AdventureGuild_KillList_Mummies": "มัมมี่",
        "AdventureGuild_KillList_PepperRex": "เพพเพอร์ เรกซ์",
        "AdventureGuild_KillList_Serpent": "งูพิษ",
        "AdventureGuild_KillList_Footer": "\n  -ไปพบกิลเพื่อยืนยันสิทธิ์ รับรางวัลของคุณ",
        "AnimalHouse_Incubator_RemoveEgg_Question": "แน่ใจหรือเปล่าว่าจะเอาไข่ออก?",
        "AnimalHouse_Incubator_Hatch_VoidEgg": "ลูกเจี๊ยบตัวใหม่.... มันดูแปลกๆ นะ",
        "AnimalHouse_Incubator_Hatch_RegularEgg": "ในที่สุด ลูกเจี๊ยบน้อยก็ฟักออกมาแล้ว!",
        "AnimalHouse_Incubator_Hatch_DuckEgg": "ในที่สุด ลูกเป็ดน้อยก็ฟักออกมาแล้ว!",
        "AnimalHouse_Incubator_Hatch_DinosaurEgg": "ลูก....กิ่งก่าน้อย?...ฟักแล้ว",
        "BeachNightMarket_Closed": "เปิดเวลา 5 โมงเย็น",
        "BeachNightMarket_SubmarineInUse": "เรือดำน้ำกำลังถูกใช้งาน โปรดกลับมาภายหลัง",
        "BeachNightMarket_GiftGiverClosed": "พ่อค้า: ตลาดกลางคืนเริ่ม 5 โมงเย็น... แวะมาดื่มกาแฟฟรีได้นะครับ! ",
        "BeachNightMarket_GiftGiverQuestion": "พ่อค้า: ไง! สนใจกาแฟสักแก้วไหมครับ?",
        "BeachNightMarket_GiftGiverEnjoy": "พ่อค้า: อืมม...กลิ่นหอมใช้ได้เลยใช่ไหมครับ?",
        "BeachNightMarket_PainterClosed": "จิตรกรชื่อดังลูพินี่: กลับมาตอนตลาดเปิด ถ้าคุณสนใจซื้อชิ้นงาน ที่งดงามของฉัน",
        "BeachNightMarket_PainterQuestion": "จิตรกรชื่อดังลูพินี่: ฉันขายภาพนี้เพียง 1200g เท่านั้น สนใจมั้ย?",
        "BeachNightMarket_PainterSold": "จิตรกรชื่อดังลูพินี่: ขอโทษด้วยนะ... วันนี้ฉันไม่มีภาพ ที่จะขายเหลือแล้ว",
        "BeachNightMarket_WarperQuestion": "ร่างในผ้าพันตัว: ฉันสามารถส่งคุณกลับบ้านได้ แค่จ่าย 250g",
        "Beach_FixBridge_Question": "ใช้ไม้ 300 ชิ้น เพื่อซ่อมสะพานหรือไม่?",
        "Beach_FixBridge_Hint": "อืมม... ถ้าใช้ไม้สัก 300 ชิ้นน่าจะซ่อมสะพานนี่ได้นะ",
        "Beach_GoneFishingMessage": "    ไปตกปลา\n\n   ฉันจะกลับพรุ่งนี้",
        "Beach_Mariner_Player_Male": "พ่อหนุ่ม",
        "Beach_Mariner_Player_Female": "แม่สาว",
        "Beach_Mariner_PlayerMarried": "ชาวประมงเฒ่า: ดีใจที่เครื่องรางนั่นมีประโยชน์กับเจ้านะ {0} ",
        "Beach_Mariner_PlayerHasItem": "ชาวประมงเฒ่า: อย่ามัวแต่อายเลย เอาเครื่องรางนั่นไปแสดง ให้คนที่เจ้าปรารถนา จะแต่งงานด้วยดูเถิด",
        "Beach_Mariner_PlayerNotUpgradedHouse": "ชาวประมงเฒ่า: ข้าสามารถเห็นประกาย ในนัยน์ตาของเจ้า {0} เจ้าอยู่ลึกเหลือเกินในภวังค์แห่งรัก แต่ข้าเกรงว่า บ้านของเจ้าจะใหญ่ไม่พอ บ้านหลังใหญ่เป็นสิ่งสำคัญ ที่จะให้เจ้ามีชีวิตแต่งงาน ที่มีความสุข",
        "Beach_Mariner_PlayerBuyItem_Question": "ชาวประมงเฒ่า: อ่าห์ ข้าสามารถมองเห็น ในนัยน์ตาเจ้า... มีบางคนที่พิเศษ ในใจเจ้าแล้วสินะ ช่างบังเอิญ ข้ามี 'สร้อยคอนางเงือก (Mermaid's Pendant)' ขาย นำไปมอบให้คนพิเศษสิ คนๆนั้นจะรู้เองว่า เจ้าหมายความว่าอะไร",
        "Beach_Mariner_PlayerBuyItem_AnswerYes": "ซื้อ (5000g)",
        "Beach_Mariner_PlayerBuyItem_AnswerNo": "ไม่ใช่ตอนนี้...",
        "Beach_Mariner_PlayerNoRelationship": "ชาวประมงเฒ่า: ข้ามีเครื่องรางเก่าแก่ขาย... แต่บางสิ่งบอกข้าว่า เจ้ายังไม่พร้อมสำหรับมัน {0}",
        "BuildableLocation_CantUpgrade_SomeoneInside": "ไม่สามารถอัพเกรดได้ ในขณะที่มีใครบางคนอยู่ข้างใน",
        "BuildableLocation_CantUpgrade_IncorrectBuildingType": "ประเภทสิ่งปลูกสร้างไม่ถูกต้อง",
        "MineCart_Destination_Mines": "เหมืองแร่",
        "MineCart_Destination_Town": "เมือง",
        "MineCart_Destination_BusStop": "ป้ายรถบัส",
        "MineCart_Destination_Quarry": "เหมืองหิน",
        "MineCart_Destination_Cancel": "ยกเลิก",
        "MineCart_ChooseDestination": "เลือกปลายทาง:",
        "MineCart_OutOfOrder": "ชำรุด",
        "BusStop_BuyTicketToDesert": "ซื้อตั๋วไปทะเลทรายคาลิโก้ในราคา 500g?",
        "BusStop_DesertOutOfService": "รถบัสไปยังทะเลทรายคาลิโก้ ยังไม่เปิดให้บริการ",
        "BusStop_NotEnoughMoneyForTicket": "คุณไม่มีเงินเพียงพอ",
        "BusStop_NoDriver": "โปรดกลับมาอีกครั้ง เมื่อคนขับรถบัสมาแล้ว",
        "BusStop_ReturnToHorse1": "{0} กำลังสงสัยว่าคุณไปอยู่ที่ไหนมา",
        "BusStop_ReturnToHorse2": "ม้าที่ซื่อสัตย์ของคุณ กำลังรอคุณกลับมาหาอย่างอดทน",
        "Club_Bouncer_TextAboveHead1": "ตอนนี้ฉันโกรธแล้วนะ!",
        "Club_Bouncer_TextAboveHead2": "ไอ้หนูจอมแสบ...",
        "CommunityCenter_AreaCompletion1": "เราคือเหล่าจูนิโม่... ผู้พิทักษ์ป่าแห่งนี้",
        "CommunityCenter_AreaCompletion2": "บ้านหลังนี้ว่างเปล่า มานานหลายปีแล้ว... เหล่าต้นไม้ย้ายเข้ามาอาศัย และพวกเราก็เช่นกัน",
        "CommunityCenter_AreaCompletion3": "พวกเรามีความสุข ที่ได้ช่วยเหลือ... อย่างไรมันก็ไม่ใช่บ้านของเรา",
        "CommunityCenter_AreaCompletion4": "บันเดิ้ลยอดเยี่ยม เต็มไปหมดเลย... ขอบคุณ! ขอบคุณ!",
        "CommunityCenter_AreaCompletion5": "เมื่อพวกเราหมดธุระที่นี่แล้ว เราก็จะกลับไปยังโลกอื่น",
        "CommunityCenter_AreaCompletion6": "บันเดิลอันสุดท้าย....ลาก่อน.. {0} ",
        "CommunityCenter_AreaRestored": "{0} ได้รับการบูรณะแล้ว!",
        "CommunityCenter_JunimosReturned": "เหล่าจูนิโม่ได้กลับ สู่โลกแห่งภูติแล้ว",
        "CommunityCenter_AreaName_BoilerRoom": "ห้องหลอม",
        "CommunityCenter_AreaName_BulletinBoard": "กระดานข่าว",
        "CommunityCenter_AreaName_CraftsRoom": "ห้องงานฝีมือ",
        "CommunityCenter_AreaName_FishTank": "ตู้ปลา",
        "CommunityCenter_AreaName_Pantry": "โกดัง",
        "CommunityCenter_AreaName_Vault": "ตู้นิรภัย",
        "CommunityCenter_AreaName_AbandonedJojaMart": "ร้านโจจ้าที่ถูกทิ้งร้าง",
        "Desert_Return_Question": "กลับไปยังสตาร์ดิวแวลลี่?",
        "Desert_Return_Yes": "กลับเลย",
        "Desert_Return_No": "ยังก่อน",
        "Farm_1SlimeEscaped": "สไลม์ตัวหนึ่งเล็ดรอด ไปในเวลากลางคืน",
        "Farm_NSlimesEscaped": "เหล่าสไลม์ {0} ตัว หนีไปในเวลากลางคืน",
        "Farm_GrandpaNote": "{0}-\n\nจงรอการกลับมาของปู่ ในรุ่งอรุณของปีที่สาม\n\n-คุณปู่",
        "Farm_GrandpaShrine_PlaceDiamond": "คุณวางเพชร (Diamond) ไว้บนสุสานคุณปู่",
        "Farm_GrandpaShrine_DiamondSlot": "มีช่องรูปเพชร อยู่ในสุสาน... มันอยู่ตรงนั้นมาเสมอเลยหรือ?",
        "FarmHouse_SpouseAttacked1": "อะไรน่ะ...?",
        "FarmHouse_SpouseAttacked2": "อ้า!!",
        "FarmHouse_SpouseAttacked3": "&@#$!!",
        "FarmHouse_SpouseAttacked4": "อุ๊ยตาย!",
        "FarmHouse_SpouseAttacked5": "ตายซะ!",
        "FarmHouse_SpouseAttacked6": "ออกไป!",
        "FarmHouse_SpouseAttacked7": "ฮี!",
        "FarmHouse_SpouseAttacked8": "รับไปซะ!",
        "FarmHouse_SpouseAttacked9": "ช่วยด้วย!",
        "FarmHouse_SpouseAttacked10": "ไปเอาดาบมา!",
        "FarmHouse_SpouseAttacked11": "อ๊าก!",
        "FarmHouse_SpouseAttacked12": "กาซซ!",
        "Forest_WizardTower_Locked": "มันล็อคอยู่ แต่คุณได้ยินเสียงบางใครบางคนข้างใน",
        "Forest_OpenedSewer": "คุณปลดล็อคท่อระบายน้ำ ด้วยกุญแจสนิมเขรอะ (Rusty Key)!",
        "Forest_HatMouseStore_Abandoned": "ดูเหมือนจะถูกทิ้งร้าง...",
        "Desert_BusArrived": "เอาล่ะ เด็กน้อย กลับมาขึ้นรถบัสเมื่อเธอ พร้อมจะกลับบ้านนะ",
        "Bus_NoDriver": "คุณจะต้องรอจนกว่าแพมมาขับรถบัส",
        "DoorUnlock_NotFriend_Male": "คุณยังไม่สนิทกับ {0} มากพอที่จะเข้าไปในห้องนอนของเขา",
        "DoorUnlock_NotFriend_Female": "คุณไม่สนิทกับ {0}  มากพอที่จะเข้าไปในห้องนอนของเธอ",
        "DoorUnlock_NotFriend_Couple": "คุณไม่สนิทกับ {0} และ {1} มากพอที่จะเข้าไปในห้องนอนของพวกเขา",
        "FarmHouse_Bed_GoToSleep": "เข้านอนเลยใช่มั้ยคืนนี้?",
        "MensLocker_WrongGender": "นั่นเป็นห้องเปลี่ยนเสื้อผ้าผู้ชาย... คุณเข้าไปไม่ได้นะ!",
        "WomensLocker_WrongGender": "นั่นเป็นห้องเปลี่ยนเสื้อผ้าผู้หญิง... คุณเข้าไปไม่ได้นะ!",
        "Saloon_ColaMachine_Question": "ซื้อน้ำโจจ้าโคล่า (Joja Cola) ในราคา 75g?",
        "IceCreamStand_ComeBackLater": "กลับมาใหม่นะเมื่อมีคนมาทำงาน",
        "IceCreamStand_NotSummer": "ปิดจนกว่าจะถึงฤดูร้อน",
        "WizardTower_WizardShrine": "           ศาลเจ้าแห่งภาพลวงตา  \nเซ่น 500g เพื่อเปลี่ยนรูปลักษณ์ของคุณ?",
        "SeedShop_BuyBackpack_Response2000": "ซื้อ (2,000g)",
        "SeedShop_BuyBackpack_Response10000": "ซื้อ (10,000g)",
        "SeedShop_BuyBackpack_ResponseNo": "ไม่ใช่ตอนนี้",
        "SeedShop_BuyBackpack_Question24": "อัพเกรดกระเป๋า -- 24 ช่อง",
        "SeedShop_BuyBackpack_Question36": "อัพเกรดกระเป๋า -- 36 ช่อง",
        "Club_Buy100Coins": "ซื้อ 100 Qi Coins ในราคา 1,000g?",
        "Desert_SandDragon_Initial": "กระเพาะมันกระหาย ดวงอาทิตย์แห่งทะเลทราย แม้ในความตาย มันก็ปรารถนาจะลิ้มลอง",
        "Desert_SandDragon_ConsumeEssence": "คุณวางแสงวิญญาณ (essence) ลงในกระเพาะมังกร ทันใดนั้นเองคุณก็สังเกตเห็น โน๊ตที่ถูกซ่อนภายในเบ้าตา:",
        "Desert_SandDragon_MrQiNote": "'คุณได้พิสูจน์ตัวเองแล้ว เด็กน้อย ไปตรวจสอบกองฟืน ที่อยู่ข้างบ้านของคุณดูสิ -Mr. Qi'",
        "Railroad_Box_Initial": "มันเป็นกล่องเปล่า",
        "Railroad_Box_ConsumeShell": "คุณโยนเปลือกหอยลงไปในกล่อง ทันใดนั้น โน๊ตก็ร่วงลงมาจากคานค้ำหลังคา:",
        "Railroad_Box_MrQiNote": "'เยี่ยมมาก งานต่อไปของคุณ: ใส่บีท (beets) 10 ผล ในตู้เย็นท่านนายกเทศมนตรี -Mr. Qi'",
        "ManorHouse_LedgerBook_Singleplayer": "สมุดบัญชีแยกประเภท ของเมืองเพลิแกน... ดูเหมือนว่า ท่านนายกเทศมนตรี จะใช้หนังสือนี้เพื่อบันทึก เรื่องการเงินของเมืองนะ",
        "ManorHouse_LedgerBook_NoFarmhands": "หากลูกมือของคุณ เข้ามาร่วมในฟาร์มของคุณ คุณสามารถโอนเงินให้พวกเขาได้",
        "ManorHouse_LedgerBook_SharedWallets_Client": "สมุดบัญชีแยกประเภท ของเมืองเพลิแกน... เจ้าของฟาร์มสามารถ ร้องขอให้ท่านนายกเทศมนตรี แบ่งแยกเงินทุนให้กับ ลูกมือในฟาร์มได้",
        "ManorHouse_LedgerBook_SharedWallets_SeparateQuestion": "ต้องการแบ่งเงินทุน ให้กับชาวสวนแต่ละคนงั้นหรือ? ในคืนนี้ เงินทุนจะถูกแบ่งให้ แต่ละคนเท่าๆกัน ถ้าหากคุณเกิดเปลี่ยนใจขึ้นมาล่ะก็ จงกลับมาที่นี้ก่อนหมดคืนนี้ล่ะ",
        "ManorHouse_LedgerBook_SharedWallets_CancelQuestion": "ยกเลิกการแบ่งเงินทุน?",
        "ManorHouse_LedgerBook_SeparateWallets_HostQuestion": "มันคือสมุดบัญชีแยกประเภท ของท่านนายกเทศมนตรี คุณอยากทำอะไร?",
        "ManorHouse_LedgerBook_SendMoney": "ส่งเงิน",
        "ManorHouse_LedgerBook_MergeWallets": "รวมเงิน",
        "ManorHouse_LedgerBook_CancelMerge": "ยกเลิกการใช้เงินทุนร่วมกัน",
        "ManorHouse_LedgerBook_Leave": "ออก",
        "ManorHouse_LedgerBook_TransferCancel": "ยกเลิก",
        "ManorHouse_LedgerBook_SeparateWallets_MergeQuestion": "ต้องการรวมเงินทุกของทุกคนงั้นหรือ? ในคืนนี้ เงินของทุกๆคนจะถูกรวมเข้าด้วยกัน ถ้าหากคุณเกิดเปลี่ยนใจขึ้นมาล่ะก็ ให้กลับมาที่นี้ก่อนหมดคืนนี้",
        "ManorHouse_LedgerBook_SeparateWallets_CancelQuestion": "ยกเลิกการรวมเงินทุน?",
        "ManorHouse_LedgerBook_SeparateWallets_TransferQuestion": "คุณต้องการที่จะส่งเงินให้ใคร?",
        "ManorHouse_LedgerBook_SeparateWallets_HowMuchQuestion": "คุณต้องการที่จะส่งเงินจำนวนเท่าใด?",
        "ManorHouse_DivorceBook_NoSpouse": "บันทึกการแต่งงานชาวเมืองเพลิแกน... หลังแต่งงาน คุณสามารถยื่นเรื่องขอหย่าได้ที่นี่ หวังว่ามันคงไม่จำเป็นหรอกนะ!",
        "ManorHouse_DivorceBook_Question": "ยื่นเรื่องขอหย่างั้นหรือ? มีค่าใช้จ่าย 50,000g นะ",
        "ManorHouse_DivorceBook_CancelQuestion": "ยกเลิกการหย่า?",
        "ManorHouse_DivorceBook_Cancelled": "คำขอการหย่าของคุณถูกยกเลิก",
        "ManorHouse_DivorceBook_Filed": "ยื่นเอกสารการหย่าของคุณเรียบร้อยแล้ว แต่คู่สมรสของคุณ จะยังไม่ทราบจนกว่า จะถึงพรุ่งนี้เช้า ถ้าคุณเปลี่ยนใจ กลับมาที่นี่ก่อนหมดคืนนี้",
        "ManorHouse_MayorFridge_Initial": "นี่เป็นตู้เย็น ของนายกเทศมนตรี ส่วนใหญ่เต็มไปด้วย นมและชาเย็น",
        "ManorHouse_MayorFridge_ConsumeBeets": "คุณวางบีท (beets) ในตู้เย็นอย่างรวดเร็ว เดี๋ยวนะ...มีโน้ตติดอยู่กับนมด้วย มันจ่าหน้าถึงคุณ:",
        "ManorHouse_MayorFridge_MrQiNote": "'เยี่ยมมากเด็กน้อย งานสุดท้ายของคุณ: จงให้อาหารมื้อสุดท้ายแก่มังกรทราย -Mr. Qi'",
        "Tunnel_TunnelSafe_Initial": "เป็นกล่องใส่รหัส ที่ขับเคลื่อนด้วยแบตเตอรี่ แต่น่าเสียดาย ที่ไม่มีแบตเตอรี่อยู่ข้างใน",
        "Tunnel_TunnelSafe_ConsumeBattery": "มันได้ผล! ฝากล่องใส่รหัสกระเด้งเปิดออก ภายในมีโน้ตอยู่:",
        "Tunnel_TunnelSafe_MrQiNote": "'งานแรกของคุณ: นำเปลือกหอยสีรุ้ง (rainbow shell) ไปวางไว้ในกล่อง ที่อยู่บนชานชาลารถไฟ -Mr. Qi'",
        "SkullCave_SkullDoor_Locked": "ประตูถูกล็อค",
        "SkullCave_SkullDoor_Unlock": "คุณใส่กุญแจหัวกระโหลก (skull key) ลงในรูกุญแจ มันพอดีเลย!",
        "FarmHouse_Crib_NewbornSleeping": "{0} คน กำลังนอน",
        "Farm_GreenhouseRuins": "ไม่ว่าที่นี่จะเคยเป็นอะไร ตอนนี้มันอยู่ในสภาพ ซากปรักหักพังซะแล้ว",
        "Saloon_Arcade_Minecart_Menu": "= จูนิโม่คาร์ต =",
        "Saloon_Arcade_Minecart_ProgressMode": "โหมดเนื้อเรื่อง",
        "Saloon_Arcade_Minecart_EndlessMode": "โหมตคะแนนสูงสุด",
        "Saloon_Arcade_Minecart_Exit": "ออก",
        "Saloon_Arcade_PK_NewGame+": "กดปุ่มเพื่อเข้าสู่การผจญภัยที่ท้าทายยิ่งขึ้น...",
        "Saloon_Arcade_Minecart_Inactive": "มีรูกุญแจรูปกระโหลก...",
        "AnimalShop_Marnie_Trash": "เป็นกล่องพิซซ่าที่ว่างเปล่าเป็นส่วนใหญ่",
        "JoshHouse_Alex_Trash": "คุณคุ้ยเจอห่อโปรตีนแท่งกองหนึ่ง",
        "SamHouse_Sam_Trash": "ดูเหมือนแซมจะทำความสะอาดถังขยะของเขาเป็นประจำ",
        "SeedShop_Abigail_Drawers": "มันเต็มไปด้วยเสื้อผ้า...เดี๋ยวนะ มีดาบซ่อนอยู่ใต้เสื้อผ้าด้วย",
        "Submarine_SubmergeQuestion": "กัปตัน: *ตะโกน* อะฮอย คนตรงนั้นน่ะ! อยากทัศนาการตกปลา ใต้ทะเลลึกมั้ยล่ะ? คิดแค่ 1,000g เบาๆ",
        "Submarine_AscendQuestion": "กัปตัน: ให้ฉันพาเราขึ้นฝั่งเลยมั้ย?",
        "Submarine_Done": "กัปตัน: เรากลับถึงแล้ว! อย่าทิ้งปลาไว้ในนี้ล่ะ",
        "Mines_MineElevator_NotWorking": "ดูเหมือนจะไม่ทำงาน...",
        "Mines_LeaveMine": "ออกจากเหมือง",
        "Mines_GoUp": "ขึ้นไปหนึ่งชั้น",
        "Mines_DoNothing": "ไม่ทำอะไร",
        "Mines_ResetMine": "รีเช็ตความคืบหน้า ในเหมืองแร่? \n(คุณจะกลับไปที่เหมืองชั้นที่ 1)",
        "RemoveChest": "คุณเอาหีบเปล่าออก",
        "Club_CalicoJack_HS": "โต๊ะนี้สำหรับขาใหญ่ วางเงินเดิมพัน 1000 coin",
        "Club_CalicoJack": "อยากเล่นคาลิโก้แจ๊คมั้ย? โต๊ะนี้วางแค่ 100 coin เท่านั้น",
        "Club_CalicoJack_Play": "เอาสักหน่อย",
        "Club_CalicoJack_Leave": "เลิกดีกว่า",
        "Club_CalicoJack_Rules": "กติกาการเล่น",
        "Club_QiCoins": "ท่านมี {0} Club Coins",
        "Club_QiCoins_BuyStarter": "ท่านมี 0 เหรียญคาสิโน สนใจซื้อแพ็คเกจมือใหม่ในราคา 1000g หรือไม่?",
        "Club_QiCoins_NotEnoughMoney": "ขัดข้อง: มีเงินไม่เพียงพอ",
        "Club_ClubSeller": "นี่ๆ...ฉันมี 'รูปปั้นแห่งโชคลาภกัลปาวสาน (Statue of Endless Fortune)' ขาย.... 1,000,000g เท่านั้น สนป่าว?",
        "Club_ClubSeller_Yes": "ตกลง จัดมาเลย",
        "Club_ClubSeller_No": "ไม่มีทาง!",
        "Club_ClubSeller_NotEnoughMoney": "เฮ้ ฉันบอกว่า 1,000,000g ไง! จ่ายสด งดเชื่อ เบื่อทวง",
        "Secret_Note_Name": "บันทึกลับ (Secret Note)",
        "Town_DwarfGrave_Translated": "     คุณแปลภาษาคนแคระ:     \n\nจงหยัดยืนระหว่างสามเสาหิน \nด้วยของขวัญ ที่มีค่ามหาศาลดุจท้องฟ้า:\nนำสายรุ้งจากแผ่นดิน มิใช่ท้องทะเล \nแล้วห้วงกาแล็กซี่ จะสดับฟังเสียงร้องของเจ้า\n",
        "Town_mgThiefMessage": "คนในเงามืด: ว๊ากกก! แกจับฉันได้! ฉันขอโทษ! เอาคืนไป! เอาคืนไป!  มันดูมีค่าจนฉันอดไม่ได้...",
        "Town_SpecialCharmQuestion": "คนขับรถ: สวัสดีเด็กน้อย...ฉันต้องการพักให้โชคดีชะหน่อย...ทำไมคุณไม่ไปหา 'เท้ากระต่าย (rabbit's foot)' ให้ฉันล่ะ? ฉันจะตอบแทนคุณอย่างคุ้มค่าเลย",
        "Town_specialCharmNoFoot": "คนขับรถ: กลับมาเมื่อเธอเจอ 'เท้ากระต่าย (rabbit's foot)' นะเด็กน้อย",
        "SeedShop_Yoba": "แท่นบูชาโยบะ",
        "ElliottHouse_ElliottBook_Blank": "หนังสือที่ว่างเปล่า",
        "ElliottHouse_ElliottBook_Filled": "'{0}' โดยเอลเลียต ... แด่ {1}",
        "FestivalDay_DoorLocked": "มันถูกล็อค...",
        "SeedShop_LockedWed": "-ปิดทำการในวันพุธ-",
        "LockedDoor": "มันล็อคอยู่...",
        "LockedDoor_OpenRange": "มันล็อคอยู่... (เปิด {0} - {1})",
        "LockedDoor_FriendsOnly": "มันถูกล็อค... เฉพาะเพื่อนของ {0} เท่านั้น ที่สามารถเข้าได้โดยไม่ต้องมีคำเชิญ",
        "ScienceHouse_CarpenterMenu": "ฉันสามารถทำอะไรให้คุณได้บ้าง?",
        "ScienceHouse_CarpenterMenu_Shop": "ซื้อของ",
        "ScienceHouse_CarpenterMenu_UpgradeHouse": "อัพเกรดบ้าน",
        "ScienceHouse_CarpenterMenu_CommunityUpgrade": "ยกระดับชุมชน",
        "ScienceHouse_CarpenterMenu_Construct": "สร้างอาคารในฟาร์ม",
        "ScienceHouse_CarpenterMenu_Leave": "ออก",
        "ScienceHouse_RobinAbsent": "ขออภัย! วันนี้ร้านปิด... ฉันไปเต้นแอโรบิคที่บ้านแคโรไลน์\n\n-Robin",
        "Blacksmith_Clint_Shop": "ซื้อของ",
        "Blacksmith_Clint_Upgrade": "อัพเกรดอุปกรณ์",
        "Blacksmith_Clint_Leave": "ออก",
        "Blacksmith_Clint_Geodes": "เปิดผลึก (geodes)",
        "AnimalShop_Marnie_Supplies": "ซื้ออุปกรณ์และอาหารสัตว์",
        "AnimalShop_Marnie_Animals": "ซื้อสัตว์ในฟาร์ม",
        "AnimalShop_Marnie_Leave": "ออก",
        "AnimalShop_Marnie_Absent": "ปิดทำการ ในวันนี้\n\n-มานี",
        "ArchaeologyHouse_Gunther_Donate": "บริจาคของเข้าพิพิธภันฑ์",
        "ArchaeologyHouse_Gunther_Collect": "รับรางวัล",
        "ArchaeologyHouse_Gunther_Leave": "ออก",
        "ArchaeologyHouse_Rearrange": "คุณอยากจะจัดเรียงของที่จัดแสดงในพิพิธภัณฑ์หรือไม่?",
        "HaleyHouse_EmilyRoomObject": "มีม้วนเทปอยู่ภายใน:'จังหวะเต้นไร้กฎเกณฑ์'",
        "Club_Bouncer_PlayerClubMember": "เข้ามาได้",
        "Club_CalicoJack_Rules1": "เป้าหมายคือ ทำแต้มให้ใกล้เคียง 21 มากที่สุดเท่าที่จะทำได้ การ์ด มีตั้งแต่ 1 ถึง 9 ยกเว้นการ์ดใบแรก ที่มีแต้มสูงถึง 11 ผู้เล่นแต่ละคนจะเริ่มต้นด้วย การ์ดสองใบ แต่การ์ดใบแรกของเจ้ามือจะยังคงถูกซ่อนไว้ แต่ละตา คุณสามารถเลือกที่จะจั่วการ์ดหนึ่งใบ ที่จะมีแต้มสุ่มระหว่าง 1 ถึง 9 หรือ ผ่าน",
        "Club_CalicoJack_Rules2": "เมื่อคุณเลือกที่จะผ่าน การ์ดของเจ้ามือที่ถูกซ่อนไว้ จะถูกเปิด เธอจะต้องจั่วจนกว่าแต้มรวม ของการ์ดจะมีค่ามากกว่า 18 หากผู้เล่นคนใดคนหนึ่งได้แต้มเกิน 21 แต้มในตาของตนเอง จะถือว่าแพ้ หากเจ้ามือผ่าน การ์ดทั้งหมดจะถูกเปิด และผู้เล่นที่มีแต้มสูงสุดจะเป็นผู้ชนะ",
        "Club_CalicoJackHS_NotEnoughCoins": "คุณต้องมีอย่างน้อย 1000 coins เพื่อเล่นที่นี่",
        "Club_CalicoJack_NotEnoughCoins": "สวัสดี เงินเดิมพันเริ่มต้นที่ 100 coins คุณมีเหรียญไม่พอ ไปซื้อเพิ่มจากตู้ซะ ถ้าต้องการจะเล่น",
        "ScienceHouse_Carpenter_UpgradeHouse1": "ฉันสามารถขยายบ้าน และเพิ่มห้องครัวให้คุณได้ แต่มีค่าก่อสร้าง 10,000g และคุณต้องหาไม้ให้ฉัน 450 ท่อน คุณสนใจจะจ้างเลยไหม?",
        "ScienceHouse_Carpenter_UpgradeHouse2": "ฉันสามารถขยายบ้านเพิ่ม และสร้างห้องนอนเด็กให้คุณได้ แต่มีค่าก่อสร้าง 50,000g และคุณต้องหาไม้เนื้อแข็งให้ฉัน (hardwood) 150 ท่อน คุณสนใจจะจ้างเลยไหม?",
        "ScienceHouse_Carpenter_UpgradeHouse3": "ฉันสามารถสร้างห้องใต้ดิน ใต้บ้านคุณได้นะ ห้องใต้ดินจะสามารถ ใช้เพิ่มอายุให้สินค้าบางประเภท เช่น ไวน์ (wine) และชีส (cheese) ได้ ฉันคิดค่าก่อสร้าง 100,000g คุณสนใจจะจ้างเลยไหม?",
        "ScienceHouse_Carpenter_CommunityUpgrade1": "...อะไรนะ? คุณอยากสร้างบ้านให้แพมเหรอ? เป็นความคิดที่เยี่ยมมาก!^ฉันแค่ต้องใช้ไม้สัก 950 ท่อน และ เงินสัก 500,000g...",
        "ScienceHouse_Carpenter_NotEnoughWood1": "ขอโทษด้วย... คุณมีเงินครบแล้ว แต่ฉันยังต้องใช้ไม้อีก 450 ท่อน",
        "ScienceHouse_Carpenter_NotEnoughWood2": "ขอโทษด้วย... คุณมีเงินครบแล้ว แต่ฉันยังต้องใช้ไม้เนื้อแข็ง (Hardwood) อีก 150 ท่อน",
        "ScienceHouse_Carpenter_NotEnoughWood3": "ขอโทษด้วย... คุณมีเงินครบแล้ว แต่ฉันยังต้องใช้ไม้อีก 950 ท่อน",
        "Farm_WeedsDestruction": "วัชพืชที่กำลังแพร่พันธุ์ ได้สร้างความเสียหาย ให้ฟาร์มของคุณแล้ว",
        "JojaMart_SignUp": "ถ้าคุณเป็นสมาชิกโจจ้า ศูนย์ชุมชนจะถูกปรับ ให้กลายเป็นโกดังของโจจ้า และคุณจะไม่สามารถ บูรณะมันใหม่ได้อีก อย่างไรก็ตามโจจ้า จะเสนอวิธีอื่นๆ เพื่อพัฒนาเมือง คุณแน่ใจหรือไม่ว่าจะเข้าร่วม?",
        "Mines_Infested": "พื้นที่นี้เกิดมีเชื้อระบาด...",
        "Mines_Overrun": "พื้นที่นี้ถูกยึดครองโดยพวกมอนสเตอร์",
        "Mines_Fallen": "คุณร่วงไป {0} ชั้น",
        "Mines_FallenFar": "โอ้ย! คุณตกลงไป {0} ชั้น!",
        "Mines_ShaftJumpIn": "กระโดดลงไป",
        "Mines_Shaft": "มีปล่องเหมืองลงไป",
        "Mountain_AdventurersGuildNote": "      * สมาคมนักผจญภัย *\n\n    สำหรับนักผจญภัยผู้พิสูจน์ตัวแล้วเท่านั้น",
        "Railroad_TrainComing": "มีรถไฟกำลังแล่นผ่านสตาร์ดิวแวลลี่",
        "Town_SeedShopSign": "- ร้านขายของทั่วไปของปีแอร์ -\nเปิดแล้วทุกวัน เวลา 09.00-17.00!",
        "Town_JojaSign_Destroyed": "ปิดกิจการ",
        "Town_PickupTruck": "มันก็แค่ด้านหลัง รถกระบะเก่าๆ ของเทศมนตรีเลวิส...",
        "Sewer_DogStatue": "-รูปปั้นแห่งความลังเลใจ- ^รูปปั้นนี้สามารถ ช่วยเปลี่ยนทักษะอาชีพ ของคุณได้^เซ่นด้วยเงิน 10,000g หรือไม่?",
        "Sewer_DogStatueCancel": "ไม่ล่ะ ฉันเปลี่ยนใจแล้ว...",
        "Sewer_DogStatueQuestion": "ทักษะอาชีพใดหรือ ที่คุณต้องการเปลี่ยน?",
        "Sewer_DogStatueAlready": "ทักษะนี้กำลังจะ เกิดการเปลี่ยนแปลง อยู่แล้วในคืนนี้ กลับมาใหม่อีกครั้งพรุ่งนี้..",
        "Sewer_DogStatueFinished": "*โฮ่ง* *โฮ่ง* (เรียบร้อยแล้ว...ตอนนี้ก็ถึงเวลานอน...)",
        "WitchHut_EvilShrineLeft": "-ศาลมืดแห่งความเห็นแก่ตัว-^ลูกของคุณ จะกลายเป็นนกพิราบ และบินจากไป...^สังเวยสะเก็ดแก้วปริซึม (Prismatic Shard) หรือไม่?",
        "WitchHut_EvilShrineLeftInactive": "-ศาลมืดแห่งความเห็นแก่ตัว-^รูปปั้นมองเข้าไปลึกในจิตใจคุณ...\n      ",
        "WitchHut_EvilShrineCenter": "-ศาลมืดแห่งความทรงจำ-^ความสัมพันธ์ระหว่าง คุณกับอดีตคู่แต่งงาน จะถูกลบออกจากความทรงจำ ประหนึ่งว่าคุณ ไม่เคยพบกันมาก่อน^เซ่นด้วยเงิน 30,000g?\n      ",
        "WitchHut_Goodbye": "ลาก่อน {0} ",
        "WitchHut_EvilShrineCenterInactive": "-ศาลมืดแห่งความทรงจำ- ^รูปปั้นมองเข้าไปลึกในจิตใจคุณ...\n      ",
        "WitchHut_EvilShrineRightActivate": "-ศาลมืดแห่งความสะพรึงยามราตรี- ^เวทมนตร์โบราณ ที่ถูกผนึกจะถูกปลด เพื่อทำให้มอนสเตอร์ ปรากฎที่ฟาร์มของคุณ ในเวลากลางคืน^หากคุณพร้อมแล้ว จงวาง ขนมปังก้อนหน้าตาประหลาด (Strange Bun) ชะ!\n      ",
        "WitchHut_EvilShrineRightDeActivate": "\n        -ศาลมืดแห่งความสะพรึงยามราตรี- ^เวทมนตร์โบราณที่ปกป้องฟาร์ม จะถูกคลายลง ทำให้เหล่ามอนสเตอร์ ปรากฎตัวในฟาร์มของคุณ ยามรัตติกาลได้^เซ่นไหว้ด้วย ขนมปังก้อนหน้าตาประหลาด (Strange Bun) หรือไม่!\n      ",
        "WitchHut_NoOffering": "คุณไม่มีเครื่องเซ่นที่เหมาะสม",
        "Sewer_MagicSeal": "มีสนามพลังบางประเภท ปิดกั้นเส้นทางของคุณไว้",
        "Woods_Statue": "-- อาจารย์ชราแคนโนลี่ (Old Master Cannoli) --\n...ยังคงตามหา รสที่หอมหวานที่สุด...",
        "ScienceHouse_CarpenterMenu_UpgradeCabin": "อัพเกรดบ้าน",
        "AdventureGuild_ItemRecovery": "บริการกู้คืนของหาย",
        "AdventureGuild_Greeting": "ต้องการอะไรรึ?",
        "ManorHouse_DivorceBook_Question_Krobus": "ไล่โครบัสออกจากบ้านหรือไม่?",
        "ManorHouse_DivorceBook_CancelQuestion_Krobus": "ยกเลิกการไล่ออกจากบ้าน?",
        "ManorHouse_DivorceBook_Cancelled_Krobus": "คุณได้เปลี่ยนใจ ไม่ไล่โครบัสออกจากบ้านแล้ว",
        "ManorHouse_DivorceBook_Filed_Krobus": "คุณตัดสินใจที่จะ ไล่โครบัสออกจากบ้านแล้ว ถ้าคุณเปลี่ยนใจ กลับมาที่นี่ก่อนสิ้นคืน",
        "Theater_Poster_0": "ที่ฉายอยู่ตอนนี้: \"{0}\"",
        "Theater_Poster_1": "\"{0}\"",
        "Theater_Poster_Coming_Soon": "เร็วๆ นี้: \"{0}\"",
        "Theater_MovieEnd": "ภาพยนตร์จบลงแล้ว พวกเราหวังว่าคุณจะเพลิดเพลินไปกับภาพยนตร์ในคืนนี้!",
        "Theater_MovieEndReEntry": "ภาพยนตร์จบลงแล้ว",
        "HaleyHouse_SewingMachine": "มันคือจักรเย็บผ้า...แต่ฉันไม่แน่ใจว่ามันใช้ยังไง",
        "HaleyHouse_DyePot": "สีย้อมมากมายหลายเฉดสีเรียงรายกัน",
        "Caroline_Sunroom_Door": "แคโรไลน์ให้เฉพาะเพื่อนๆ ของเธอเข้าเท่านั้น...",
        "Caroline_Tea_Event1": "เมื่อฉันอยู่คนเดียว และผ่อนคลายไปกับชา...",
        "Caroline_Tea_Event2": "ภายในใจของฉัน ว่างเปล่าและเป็นอิสระ...",
        "Caroline_Tea_Event3": "ใครจะรู้ว่าจะมีอะไร ปรากฎออกมาบ้าง?",
        "Desert_Trader_Closed": "ปิดจนถึงวันที่ 18 เพื่อจัดงานตลาดราตรีแห่งเมืองเพลิแกน",
        "Farm_OtherPlayerMailbox": "นั่นไม่ใช่ กล่องจดหมายของคุณ"
    }
}
