{
    "header": {
        "target": "w",
        "formatVersion": 5,
        "hidef": true,
        "compressed": 128
    },
    "readers": [
        {
            "type": "Microsoft.Xna.Framework.Content.DictionaryReader`2[[System.String, mscorlib, Version=4.0.0.0, Culture=neutral, PublicKeyToken=b77a5c561934e089],[System.String, mscorlib, Version=4.0.0.0, Culture=neutral, PublicKeyToken=b77a5c561934e089]]",
            "version": 0
        },
        {
            "type": "Microsoft.Xna.Framework.Content.StringReader",
            "version": 0
        }
    ],
    "content": {
        "Gunther": "กันเธอร์",
        "Gil": "กิล",
        "Morris": "มอร์ริส",
        "Marlon": "มาร์ลอน",
        "Kel": "เคล",
        "OldMariner": "ชาวประมงเฒ่า",
        "MisterQi": "Mister Qi",
        "Bouncer": "ยามหน้าประตู",
        "Henchman": "คนรับใช้",
        "Welwick": "เวลวิค",
        "Governor": "ท่านผู้ว่า",
        "Grandpa": "คุณปู่",
        "Bear": "น้องหมี"
    }
}
