{
    "header": {
        "target": "w",
        "formatVersion": 5,
        "hidef": true,
        "compressed": 128
    },
    "readers": [
        {
            "type": "Microsoft.Xna.Framework.Content.DictionaryReader`2[[System.String, mscorlib, Version=4.0.0.0, Culture=neutral, PublicKeyToken=b77a5c561934e089],[System.String, mscorlib, Version=4.0.0.0, Culture=neutral, PublicKeyToken=b77a5c561934e089]]",
            "version": 0
        },
        {
            "type": "Microsoft.Xna.Framework.Content.StringReader",
            "version": 0
        }
    ],
    "content": {
        "Bookcase_Menu": "อ่านหนังสือเล่มไหน?",
        "Bookcase_Basics": "พื้นฐาน",
        "Bookcase_MakingFriends": "การผูกมิตร",
        "Bookcase_Improvements": "การพัฒนาตนเอง",
        "TV_Menu": "เลือกช่องที่จะดู:",
        "TV_Weather": "พยากรณ์อากาศ",
        "AncientFruitPot": "รากของเธอหยั่งลึก... เธอคงไม่มีความสุขที่จะไปอยู่ในนั้น",
        "TV_Fortune": "ธิดาพยากรณ์",
        "CaskNoCellar": "ใช้ได้ในห้องใต้ดินเท่านั้น",
        "DarkTalisman": "ยันต์แห่งความมืด (Dark Talisman)",
        "MagicInk": "หมึกวิเศษ (Magic Ink)",
        "MagnifyingGlass": "แว่นขยาย (Magnifying Glass)",
        "BearPaw": "ความรู้ของคุณหมี (Bear's Knowledge)",
        "SpringOnionBugs": "ราชาต้นหอม (Spring Onion Mastery)",
        "SpecialCharm": "มนตร์พิเศษ (Special Charm)",
        "CatalogueDescription": "ให้คุณเข้าถึงวอลเปเปอร์ และลายพื้นแบบไม่จำกัด... ได้อย่างสะดวกสบายจากบ้านคุณ!",
        "FurnitureCatalogueDescription": "ให้คุณเข้าถึงเฟอร์นิเจอร์ได้ เกือบทุกประเภทแบบไม่จำกัด... ได้อย่างสะดวกสบายจากบ้านคุณ!",
        "DarkTalismanDescription": "คุณได้ค้นพบ {0}! มันเต็มไปด้วยเมือกแมลง...",
        "MagicInkDescription": "คุณหา {0} ที่หายไปของพ่อมดจนเจอ! เอามันไปคืนเขาดีกว่านะ",
        "MagnifyingGlassDescription": "คุณได้รับ {0}! ตอนนี้คุณมีความสามารถในการพบ 'บันทึกลับ (Secret Notes)' บันทึกพวกนี้มีข้อมูลหายากและมีประโยชน์ ซึ่งสามารถเปิดดูได้ใน หน้าของสะสมของคุณ",
        "SpecialCharmDescription": "คุณได้รับ {0}! คุณรู้สึกได้ถึงออร่าแห่งความโชคดีรอบตัวคุณ (โชคของคุณเพิ่มขึ้นอย่างถาวร)!",
        "ParsnipSeedPackage_SomeoneElse": "ถุงนี่เป็นของคนอื่น"
    }
}
