{
    "header": {
        "target": "w",
        "formatVersion": 5,
        "hidef": true,
        "compressed": 128
    },
    "readers": [
        {
            "type": "Microsoft.Xna.Framework.Content.DictionaryReader`2[[System.String, mscorlib, Version=4.0.0.0, Culture=neutral, PublicKeyToken=b77a5c561934e089],[System.String, mscorlib, Version=4.0.0.0, Culture=neutral, PublicKeyToken=b77a5c561934e089]]",
            "version": 0
        },
        {
            "type": "Microsoft.Xna.Framework.Content.StringReader",
            "version": 0
        }
    ],
    "content": {
        "AnimalShop.1": "อา... ตุ๊กตาหมียัดนุ่นขนาดใหญ่พิเศษ! มันช่างหรูหราเหลือเกิน คนที่ชอบกระโดดกอดตุ๊กตา จะหยุดกอดสิ่งนี้ได้ยากมาก",
        "AnimalShop.2": "อา... ตุ๊กตาหมียัดนุ่นขนาดใหญ่พิเศษ! มันช่างหรูหราเหลือเกิน คนที่ชอบกระโดดกอดตุ๊กตา จะหยุดกอดสิ่งนี้ได้ยากมาก",
        "AnimalShop.3": "หนังสือภาพสี จูนิโม่ -- รุ่นพิเศษ",
        "AnimalShop.4": "ครอบครัวเล็กๆ กำลังมารวมกันที่โต๊ะอาหาร เดี๋ยวนะ... ยกเว้นคุณปู่ เขาถูกตอกไว้ใต้เตียง ด้วยเหตุผลบางประการ",
        "AnimalShop.5": "ครอบครัวเล็กๆ กำลังมารวมกันที่โต๊ะอาหาร เดี๋ยวนะ... ยกเว้นคุณปู่ เขาถูกตอกไว้ใต้เตียง ด้วยเหตุผลบางประการ",
        "AnimalShop.6": "คุณค้นตู้เสื้อผ้าของมานี จนกระจุยกระจาย ส่วนใหญ่เป็นชุดกระโปรงยาว แต่มันก็มีสายเอี๊ยมดึงกางเกง สีน้ำตาลอยู่อันนึงด้วย",
        "AnimalShop.7": "คุณค้นลิ้นชักส่วนตัวของมานีจนทั่ว ไม่มีอะไรน่าสนใจในนี้เลย",
        "AnimalShop.8": "ดูเหมือนเขาจะใช้วิทยุแทนนาฬิกาปลุก",
        "AnimalShop.9": "แจ๊ค-อิน-เดอะ-บ๊อกซ์ กำลังเหยียดแขนเหยียดขา แขนของเขางอเป็นท่าแปลกๆ ดวงตาที่ลึกโหลของเขามองมาอย่างเย็นชา",
        "AnimalShop.10": "มันเป็นสถานีใหญ่มีเกมส์ให้เล่น แต่มันใช้เส้นทางผ่าน โค้ด สุลตาน เอกซ์แอล. ดูเหมือนว่าจะมีบางคนเล่นขี้โกง",
        "AnimalShop.11": "วิธีการเลี้ยงไก่",
        "AnimalShop.12": "ศิลปะและงานฝีมือที่เป็นระเบียบ",
        "AnimalShop.13": "ดูไม่ได้ มันน่าจะเป็นคอลเล็กชั่นบอล",
        "AnimalShop.14": "ชุดสีขนาดเล็กๆ",
        "AnimalShop.15": "มีนาฬิกาโบราณและกล่องเครื่องประดับเล็ก ๆ สีทอง.",
        "AnimalShop.16": "ดูเหมือนแจส จะใช้งานบ่อยมาก",
        "AnimalShop.17": "มันล๊อค",
        "AnimalShop.18": "อะ.... ไมโครเวฟพิซซ่า",
        "AnimalShop.19": "เหมือนจะเป็นผักที่ถูกหั่นไว้ ยังคงหั่นไม่เสร็จ",
        "AnimalShop.20": "ทำไมถึงมองไปยังถังขยะล่ะ?$s",
        "AnimalShop.21": "ส่วนใหญ่เป็นกล่องพิซซ่าที่ว่างเปล่า",
        "ArchaeologyHouse.1": "ประวัติศาสตร์ของอาณาจักรโกโทโร่",
        "ArchaeologyHouse.2": "สงครามกับอาณาจักรโกโทโร่ จำเป็นหรือไม่? มุมมองที่โดดเด่น โดย พี.ดับเบิ้ลยู.แครนเซาเออร์",
        "ArchaeologyHouse.3": "การเดินทางข้ามทะเลอัญมณี",
        "ArchaeologyHouse.4": "ประวัติศาสตร์ทางธรณีวิทยาของสตาร์ดิวแวลลี่",
        "ArchaeologyHouse.5": "ดอกไม้และสัตว์ที่อาศัยบริเวณหน้าดินในทะเลทรายคาลิโก้",
        "ArchaeologyHouse.6": "แผนที่ดวงดาว",
        "ArchaeologyHouse.7": "มันขาดรุ่งริ่งแล้วแต่ก็ยังน่ารักอยู่",
        "ArchaeologyHouse.8": "สไลม์ตัวน้อยที่เป็นมิตร",
        "ArchaeologyHouse.9": "ไปเยี่ยมชมฟาร์มกันเถอะ พวกไก่ร้องป๊อกๆ พวกหมูร้องคร่อกๆ พวกแพะร้องแม่ะๆ #พวกเป็ดร้องก๊าบๆ พวกกระต่ายดมฟุดฟิด พวกวัวร้องมูๆ",
        "BathHouse_MensLocker.1": "ตู้เก็บของนี้ น่ากลัวมาก.",
        "BathHouse_MensLocker.2": "ไว้เก็บเสื้อผ้า ขณะอาบน้ำ?",
        "BathHouse_MensLocker.3": "คุณอ่อนแอเกินไปที่จะยกมัน.",
        "BathHouse_MensLocker.4": "ล็อกเกอร์ของอเล็กซ์... มีภาพของ นักเพาะกายแปะไว้ ตรงประตู",
        "BathHouse_WomensLocker.1": "สิ่งของสำหรับผู้หญิง",
        "BathHouse_WomensLocker.2": "ตู้ล็อกเกอร์ของเพนนี มีชุดว่ายน้ำที่เป็น ฝอยอยู่ข้างใน",
        "BathHouse_WomensLocker.3": "ตู้ล็อกเกอร์ของอบิเกล มันเหม็น ไม่ค่อยดีเท่าไหร่.",
        "Blacksmith.1": "มันมีเทปอยูข้างใน 'คอลเลคชั่นเพลงบลูส์ที่ทรงคุณค่า, เล่ม 2",
        "Blacksmith.2": "คุณกวาดตามอง ข้าวของส่วนตัวของคลินท์ อย่างรวดเร็ว ตรงนั้นมีผ้ากันเปื้อนของ ช่างตีเหล็กวางอยู่หนึ่งกอง นิตยสารจำนวนหนึ่ง ดาบเก่าเล่มหนึ่ง และรูปที่ดีของแม่ของเขา",
        "Blacksmith.3": "คุณกวาดตามอง ข้าวของส่วนตัวของคลินท์ อย่างรวดเร็ว ตรงนั้นมีผ้ากันเปื้อนของ ช่างตีเหล็กวางอยู่หนึ่งกอง นิตยสารจำนวนหนึ่ง ดาบเก่าเล่มหนึ่ง และรูปที่ดีของแม่ของเขา",
        "Blacksmith.4": "ถึงเอมิลี่ ^ผมรู้ว่าคุณคิดกับผมแค่เพื่อน ^มันเป็นความผิดของผมเอง ผมขี้อายเกินไป ผมคงจะไม่มีวันมีความกล้า พอที่จะบอกความจริงให้คุณรู้ ^นี่คือสาเหตุ ที่ผมเขียนจดหมายนี้ถึงตัวเอง จดหมายที่ผมจะขยำแล้ว ปาทิ้งไปที่มุมห้องแน่นอน",
        "Blacksmith.5": "เป็นเตาหลอม ระดับมืออาชีพ มองเข้าไปด้านใน คุณจะเห็นโลหะ หลอมละลาย และกำลังถูกปั่น",
        "Blacksmith.6": "เป็นเตาหลอม ระดับมืออาชีพ มองเข้าไปด้านใน คุณจะเห็นโลหะ หลอมละลาย และกำลังถูกปั่น",
        "Blacksmith.7": "ทั่งที่มีคุณภาพสูงของคลินท์ ทำจากโลหะผสมอิริเดียม",
        "Blacksmith.8": "ทั่งที่มีคุณภาพสูงของคลินท์ ทำจากโลหะผสมอิริเดียม",
        "Blacksmith.9": "กองพิมพ์เขียวโลหะ",
        "Blacksmith.10": "มันเต็มไปด้วยเขม่า",
        "BusStop.1": "`ป้ายรถเมล์^> เมืองเพลิแกน",
        "Club.1": "เวลวิก: วันนี้ไม่ใช่วันของ เอิ้ก ผมดื่มมากไปแล้ว",
        "Club.2": "ชายคนหนึ่ง: เฮ้ คุณไม่เห็นหรือไงว่าผมยุ่งอยู่? ผมกำลังมือขึ้นเนี่ย",
        "ElliottHouse.1": "มันคือภาพที่วาดโดยลีอา",
        "ElliottHouse.2": "โต๊ะทำงานของเอลเลียต ถูกปกคลุมไปด้วยกระดาษที่มี ข้อความและกระดาษที่ถูกขยำ",
        "ElliottHouse.3": "มันคือห้องเล็กๆที่ว่างเปล่า",
        "ElliottHouse.4": "มันดูเหมือนว่าเอลเลียต กำลังพยายามจะเลี้ยงต้นบอนไซ มันดูเจ๋งมากๆเลย!",
        "ElliottHouse.5": "มันคือต้นปาล์มต้นจิ๋วนำเข้ามาจากทะเลทรายคาลิโก้",
        "ElliottHouse.6": "มันดูเหมือนว่าเอลเลียต กำลังพยายามจะเลี้ยงต้นบอนไซ มันดูเจ๋งมากๆเลย!",
        "Farm.1": "ศาลเจ้าของคุณปู่",
        "Farm_Combat.1": "ศาลเจ้าของคุณปู่",
        "Farm_Fishing.1": "ศาลเจ้าของคุณปู่",
        "Farm_Foraging.1": "ศาลเจ้าของคุณปู่",
        "Farm_Mining.1": "ศาลเจ้าของคุณปู่",
        "FishShop.1": "มันพาไปสู่ห้องนอนเล็กๆที่ห้ามเข้า",
        "FishShop.2": "มันคือกล่องเก็บอุปกรณ์ตกปลา ที่เต็มไปด้วยเหยื่อล่อ ทุ่น ตะขอ และเอ็นตกปลา",
        "FishShop.3": "แบบจำลองขนาดเล็กของเรือรบ",
        "FishShop.4": "มันมีกุ้งสีชมพูตัวเล็กๆ กำลังว่ายน้ำไปทั่วอยู่ในนี้",
        "FishShop.5": "เอาล่ะ มันคือ ถังที่เต็มไปด้วยหนอนที่บิดไปบิดมา กลิ่นมันแย่หน่อยนะ",
        "FishShop.6": "ถังปลาชัมบักเก็ต (chum bucket)",
        "FishShop.7": "ดูคลายไข่กบ",
        "Forest.1": "` ฟาร์ม^> เมืองเพลิแกน",
        "Forest.2": "@ ป่าซินเดอร์แซป^> เมืองเพลิแกน",
        "HaleyHouse.1": "มันล๊อค",
        "HaleyHouse.2": "คุณกวาดสายตามอง ตู้เสื้อผ้าส่วนตัวของเฮลีย์ อย่างรวดเร็ว มันอัดแน่นไปด้วยเสื้อผ้า",
        "HaleyHouse.3": "คุณกวาดสายตามอง ตู้เสื้อผ้าส่วนตัวของเฮลีย์ อย่างรวดเร็ว มันอัดแน่นไปด้วยเสื้อผ้า",
        "HaleyHouse.4": "มันคือตุ๊กตาหมียัดนุ่นตัวจิ๋ว!",
        "HaleyHouse.5": "มันคือไดอารี่ที่ว่างเปล่า",
        "HaleyHouse.6": "มันมีกระดาษโน้ตแผ่นเล็กๆ อยู่บนกระถาง 'อะไรบางอย่างที่จะ ทำให้คุณไม่ลืมฉัน-แซนดี้'",
        "HaleyHouse.7": "มันคือม้วนผ้าสีฟ้า มันมีส่วนที่ถูกตัดออกมา แล้วก็มีการปักลายตามแนวตะเข็บ",
        "HaleyHouse.8": "มันคือคอมพิวเตอร์ของเอมิลี มันถูกใส่รหัส เพราะฉะนั้นคุณก็เลย เข้าไปแอบดูไม่ได้",
        "HaleyHouse.9": "'นิตยาสารแฟชั่น: รูปภาพจากท้องถนน ของเมืองซูซู",
        "HaleyHouse.10": "มันคือโต๊ะเครื่องแป้งที่หรูหรา มันมีครีมทุกชนิด สีต่างๆ และแป้งเป็นจุดๆบนผิวโต๊ะ",
        "HaleyHouse.11": "มันคือกล้องของเฮลีย์",
        "HaleyHouse.12": "'การกวาดแขน อย่างมีวัตถุประสงค์: ศิลปะการเต้นแบบร่วมสมัย'",
        "HaleyHouse.13": "'สร้างห้องมืดด้วยรูปถ่ายของคุณ'",
        "HaleyHouse.14": "มันคือลูกโลกจำลอง เฮ้! ตรงนี้คือสตาร์ดิวแวลลี่!",
        "HaleyHouse.15": "เตาอบส่งกลิ่นหวาน เหมือนคัพเค้กอบใหม่",
        "HaleyHouse.16": "คัพเค้ก นม ขวดโหลบรรจุแตงกวาดองที่ปิดแน่น และสลัดควินัว",
        "HaleyHouse.17": "ถึงสาวๆที่รักของเรา: ^พวกเราคิดถึงพวกเธอนะ และหวังว่าพวกเธอจะใช้ชีวิต ด้วยตัวเองอย่างมีความสุข พวกเราเพิ่งจะออกมาจาก เกาะเฟิร์นเมื่อคืนนี้หลังจากที่ อยู่มานานสองเดือน ^มันเป็นประสบการณ์ที่ยอดเยี่ยมมาก... แนะนำเป็นพิเศษให้ลองมา ^ทำให้แน่ใจด้วยนะว่า พวกเธอกินอาหารที่ดีต่อสุขภาพ และอย่าลืมจ่ายค่าไฟด้วยล่ะ! ^^ รัก แม่ & พ่อ",
        "HaleyHouse.18": "นิตยสาร 'ซุปเปอร์แฟชั่นเกิร์ล'",
        "HarveyRoom.1": "การเปรียบเทียบระหว่าง เครื่องบินรบของสาธารณรัฐเฟิร์นกิลล์ และอาณาจักรโกโทโร่",
        "HarveyRoom.2": "มันคือทิวทัศน์ของท้องฟ้าที่สวยงามเหนือสตาร์ดิวแวลลี่",
        "HarveyRoom.3": "มันคือคอลเลคชั่น เครื่องบินจำลองของฮาร์วีย์",
        "HarveyRoom.4": "มันคือคอลเลคชั่น เครื่องบินจำลองของฮาร์วีย์",
        "HarveyRoom.5": "มันคือชุดการออกอากาศ ทางวิทยุที่ซับซ้อน",
        "HarveyRoom.6": "มันคือชุดการออกอากาศ ทางวิทยุที่ซับซ้อน",
        "HarveyRoom.7": "มันมีเทปอยู่ข้างใน: 'รวมบทประพันธ์ เพลงแจ๊สคลาสสิก'",
        "HarveyRoom.8": "'ทำ-มัน-ด้วยตัวเอง! การผ่าตัดหัวเข่า'",
        "HarveyRoom.9": "'มือปราบภาวะ ความดันเลือดในปอดสูง'",
        "HarveyRoom.10": "คุณไม่พบอะไรเลย และตอนนี้มือของคุณ ก็มีกลิ่นที่แย่มาก",
        "HarveyRoom.11": "มันดูจะใช้งานได้ดี",
        "HarveyRoom.12": "มันเต็นไปด้วย อาหารกึ่งสำเร็จรูป",
        "HarveyRoom.13": "\"พื้นดิน-สู่-ท้องฟ้า ระเบียบการวิทยุ\"",
        "HarveyRoom.14": "มันคือชุดโทรทัศน์มาตรฐาน ที่ตั้งให้เปิดช่องปะวัติศาสตร์เอาไว้",
        "Hospital.1": "สัญลักษณ์แห่งร่างทรง มันมีอยู่เพื่อปลอบประโลม คนที่เชื่อในโยบะ",
        "Hospital.2": "มันคือโหลตัวอย่าง ไม่เอามือแหย่ลงไปจะดีกว่านะ",
        "Hospital.3": "มันเป็นความคิดที่ไม่ดีนะ ที่จะเอามือของเธอ ล้วงเข้าไปในนั้น มันเต็มไปด้วยเข็มฉีดยา แผ่นตรวจเชื้อที่สกปรก และพวกหัวฉีดเล็กๆ ที่ฮาร์วีย์ใช้แหย่เข้าไปใน หูของคนไข้",
        "Hospital.4": "บางครั้งชีวิตก็ยากใช่รึเปล่า? คุณเคยมีปัญหากับการ รวบรวมสมาธิหรือไม่? คุยกับคุณหมอเกี่ยวกับ พราโวลอกซิโนน สิ^ (ไม่ใช่ทุกคนที่จะสามารถ รับพราโวลอกซิโนนได้ ผลข้างเคียงของมันอาจรวมถึง ภาวะนอนไม่หลับ, อารมณ์โกรธที่รุนแรง, การบวมที่ควบคุมไม่ได้ของลำคอ, การเปลี่ยนสีที่ผิดปกติ อย่างถาวรของริมฝีปาก ผมร่วง, และโรคหลอดเหลืองสมอง ในกรณีที่หายากอย่างยิ่ง (1 ใน 500) ผู้ทดลองอาจได้พบ ประสบการณ์การสลายตัวอย่างสมบูรณ์ ของกระดูกซักท่อนหรือมากกว่านั้น) ",
        "Hospital.5": "'ไม่กระจายเชื้อโรค... ควบคุมการจามของคุณ!'",
        "Hospital.6": "คลินิกนี้ได้รับใบอนุญาต ประกอบวิชาชีพ ทางการแพทย์โดย สาธารณสุขแห่งรัฐเฟิร์นกิลล์",
        "Hospital.7": "นี่มันต้นไม้ปลอม!",
        "JojaMart.1": "ซอสฮอยซิน",
        "JojaMart.2": "'ซอสเมเปิ้ล'... มันเหมือนน้ำเชื่อมมาก!",
        "JojaMart.3": "มาร์ชเมลโลว สูตรไม่มีน้ำตาล",
        "JojaMart.4": "ซอสทาโกสำหรับเด็กๆ",
        "JojaMart.5": "ซอสฮอยซิน",
        "JojaMart.6": "เกลือ",
        "JojaMart.7": "แท่งโปรตีน",
        "JojaMart.8": "อมยิ้มสูตรไม่มีน้ำตาล",
        "JojaMart.9": "ขนมปังธัญพืช 24 ชนิด",
        "JojaMart.10": "น้ำเชื่อม,'Maypul'",
        "JojaMart.11": "เจลใส่ผม -- สีฟ้าเหมือนกับไฟฟ้า",
        "JojaMart.12": "ซอสของคุณยาย",
        "JojaMart.13": "ซุปกระป๋อง",
        "JojaMart.14": "มันฝรั่งทอดกรอบ รสเนยสองชนิด",
        "JojaMart.15": "ซอสอเนกประสงค์โจจ้าโค",
        "JojaMart.16": "ขนมเพรสเซล",
        "JojaMart.17": "อาหารโจจ้า -- ถั่วไขมันต่ำ! ในซอสน้ำตาลรสหวาน",
        "JojaMart.18": "โปนตีนเชค",
        "JojaMart.19": "ขนมปังธัญพืช 11 ชนิด",
        "JojaMart.20": "น้ำมันทำอาหารเกรด D",
        "JojaMart.21": "เจลใส่ผม-ชนิดอยู่ทรงนาน",
        "JojaMart.22": "ซอสรสอ่อนมาก",
        "JojaMart.23": "ชุดขนมชูโรว์ แบบนำกลับบ้าน",
        "JojaMart.24": "ขนมปังขาวเสริมด้วยสารอาหารที่สำคัญs",
        "JojaMart.25": "มันฝรั่งทอดรสบาร์บีคิวรมควันรสผงเมสเก้",
        "JojaMart.26": "อาหารโจจ้า -- ถั่วไขมันต่ำ! ในซอสน้ำตาลรสหวาน",
        "JojaMart.27": "ซอสมารินารา",
        "JojaMart.28": "ซอสรสน้ำผึ้ง100%",
        "JojaMart.29": "โซดาเห็ดขาว",
        "JojaMart.30": "น้ำตาลสแต่งหน้าเค้กที่ดื่มได้",
        "JojaMart.31": "ขนมปังต้นอ่อนข้าวสาลี",
        "JojaMart.32": "น้ำมันข้าวโพด ที่ผ่านการเติมไฮโดรเจรเจน บางส่วน",
        "JojaMart.33": "ไหมขัดฟัน",
        "JojaMart.34": "ซอสรสอ่อน",
        "JojaMart.35": "ซอสรสน้ำผึ้ง100%",
        "JojaMart.36": "กุ้งกระป๋อง",
        "JojaMart.37": "มันฝรั่งทอดรสน้ำตาลอบเชย",
        "JojaMart.38": "โซดาเห็ดขาว",
        "JojaMart.39": "เพสโต",
        "JojaMart.40": "ยีสต์",
        "JojaMart.41": "ผงโปรตีน",
        "JojaMart.42": "เมล็ดโกโก้",
        "JojaMart.43": "ขนมปังข้าวโอ๊ต",
        "JojaMart.44": "เนยสังเคราะห์ -- มันราคาถูก!",
        "JojaMart.45": "น้ำยาบวนปาก",
        "JojaMart.46": "ซอส พา-ฉัน-ไป-ที่-ห้องฉุกเฉิน-ที",
        "JojaMart.47": "ยีสต์",
        "JojaMart.48": "กุ้งแห้งสำหรับกินเล่น",
        "JojaMart.49": "มันฝรั่งทอดรสอ้อย",
        "JojaMart.50": "โคนไอศกรีมรสหวาน",
        "JojaMart.51": "อาหารเช้าในรูปแบบผง -- เพียงแค่เติมน้ำ (ไข่และมันฝรั่ง)",
        "JojaMart.52": "น้ำหวานผสมน้ำผลไม้",
        "JojaMart.53": "ซอสซิลลี่",
        "JojaMart.54": "ขนมปังสีน้ำตาล",
        "JojaMart.55": "ครีมผง",
        "JojaMart.56": "ยาสีฟัน",
        "JojaMart.57": "ซอสทอร์ทูรัส เบลซ ที่เกินต้านทาน",
        "JojaMart.58": "โคนไอศกรีมรสหวาน",
        "JojaMart.59": "ไวน์ราคาถูก",
        "JojaMart.60": "อาหารเช้าในรูปแบบผง -- เพียงแค่เติมน้ำ (ไข่และมันฝรั่ง)",
        "JojaMart.61": "ไส้กรอกเจ",
        "JojaMart.62": "น้ำตาลรูปดาว",
        "JojaMart.63": "ไวน์ผง",
        "JojaMart.64": "น้ำผลไม้ระเบิด",
        "JojaMart.65": "ขนมังข้าวไร",
        "JojaMart.66": "เนยผง",
        "JojaMart.67": "สบู่ล้างมือ",
        "JojaMart.68": "ซอสสุดเผ็ด",
        "JojaMart.69": "น้ำตาลรูปดาว",
        "JojaMart.70": "มันฝรั่ง เอกซ์-ตรีม",
        "JojaMart.71": "มันฝรั่ง เอกซ์-ตรีมและซอสภูเขาไฟ",
        "JojaMart.72": "ไวน์ผง",
        "JojaMart.73": "เนื้อมะพร้าว",
        "JojaMart.74": "หมากฝรั่ง",
        "JojaMart.75": "ไข่คนกระป๋อง",
        "JojaMart.76": "เครื่องดื่มชูกำลังบลูเอลี่ยน... ได้เปิดตัวแล้ว",
        "JojaMart.77": "องุ่นไร้เมล็ด",
        "JojaMart.78": "ขนมปังเปรี้ยว",
        "JojaMart.79": "น้ำมันโจจ้า -- น้ำมันสูตรเฉพาะ ที่ผ่านการผสมผสาน มาจนอร่อยเหาะ ใช้ได้หลายวัตถุประสงค์",
        "JojaMart.80": "น้ำยาซักผ้าอเนกประสงค์โจจ้า -- ใช้สำหรับการซักผ้า, ล้างจาน, ล้างมือ, สระผมหรือแม้กระทั่งแปรงฟัน! ใช้ผสมกับโจจ้ามีล เพื่อทำน้ำตาลไอซ์ซิ่ง แสนอร่อย",
        "JojaMart.81": "ซอสภูเขาไฟ",
        "JojaMart.82": "หมากฝรั่ง",
        "JojaMart.83": "กลูเต็นบริสุทธิ์แบบแผ่น และแบบก้อน",
        "JojaMart.84": "ไข่คนกระป๋อง",
        "JojaMart.85": "ผลไม้สำหรับเป็นอาหารว่าง",
        "JojaMart.86": "ปลากระป๋อง... ในซอสที่จะช่วยให้ฟันขาวขึ้น",
        "JojaMart.87": "น้ำผลไม้ไฮเปอร์",
        "JojaMart.88": "อมยิ้มรสสตรอว์เบอร์รี",
        "JojaMart.89": "ขนมปัง",
        "JojaMart.90": "น้ำมันคาโนล่า",
        "JojaMart.91": "น้ำยาซักผ้า -- ผสมน้ำหอมสิบเท่า!",
        "JojaMart.92": "ซอสไฟ",
        "JojaMart.93": "ผลไม้สำหรับเป็นอาหารว่าง",
        "JojaMart.94": "โจจ้ามีล... มันเหมือนกับข้าวโพด แต่มีประโยชน์มากกว่า สามารถนำไปใช้กับอาหารอบ ทำให้มีปริมาณมากขึ้นและหวานขึ้น ผสมกับน้ำเพื่อทำเป็น น้ำเกรวี่สูตรเฉพาะของคุณเอง",
        "JojaMart.95": "โคนคาร์โบไฮเดรต โคนอันเล็กแสนอร่อย ที่จะทำให้ท้องของคุณอิ่ม",
        "JojaMart.96": "ปลากระป๋อง... ในซอสที่จะช่วยให้ฟันขาวขึ้น",
        "JojaMart.97": "ซอสคาวบอย",
        "JojaMart.98": "เห็ดแช่น้ำเกลือ ในถุงสูญญากาศ",
        "JojaMart.99": "อาหารกระป๋อง",
        "JojaMart.100": "โจจ้าโคล่า AMPED",
        "JojaMart.101": "ลูกแก้วน้ำตาลสีฟ้าอมเขียว",
        "JojaMart.102": "แบบเค้กบรรุจถุง",
        "JojaMart.103": "น้ำมันมะกอกบริสุทธิ์ เป็นพิเศษ",
        "JojaMart.104": "น้ำยาซักผ้า",
        "JojaMart.105": "ซอสรสเผ็ด",
        "JojaMart.106": "เห็ดแช่น้ำเกลือในถุงสูญญากาศ",
        "JojaMart.107": "พาสต้าในกระป๋อง",
        "JojaMart.108": "แป้งข้าวโพด",
        "JojaMart.109": "อาหารกระป๋อง",
        "JoshHouse.1": "แม่- ^ถ้าแม่กำลังอ่านจดหมายฉบับนี้อยู่ นั่นแปลว่าหนูไม่ได้อยู่บนโลกใบนี้แล้ว หนูเสียใจที่ แม่ต้องก้าวผ่านเรื่องแบบนี้นะ รู้ไว้นะว่าหนูรักพ่อแม่ทั้งสองคน ^อย่าเสียใจไปเลย ตอนนี้หนูไปอยู่กับโยบะแล้วล่ะ ^คำขอสุดท้ายของหนู: ดูแลอเล็กซ์ด้วย เขาจำเป็นต้องมีครอบครัว อะไรซักอย่างที่มั่นคง เขาเป็นเด็กดี^ รัก ^คลาร่า",
        "JoshHouse.2": "วิทยุถูกตั้งไว้ที่ ช่องสถานีเก่าๆ",
        "JoshHouse.3": "'เล่นกริดบอลแบบมือโปรฉบับที่ 44: สถิติและอันดับ'",
        "JoshHouse.4": "'การเผชิญกับความสูญเสีย'",
        "JoshHouse.5": "นิตยสาร'เมก้ามัซเซิล'",
        "JoshHouse.6": "มันหนักสามสิบปอนด์",
        "JoshHouse.7": "คุณแอบมองเข้าไป ในลิ้นชักของอเล็กซ์ มันมีเสื้อผ้า, เจลใส่ผม, และกล่องการ์ดสะสมลายกริดบอล (gridball)",
        "JoshHouse.8": "คุณแอบมองเข้าไป ในลิ้นชักของอเล็กซ์ มันมีเสื้อผ้า, เจลใส่ผม, และกล่องการ์ดสะสมลายกริดบอล (gridball)",
        "JoshHouse.9": "มันคือหมวกไว้สำหรับเล่นกริดบอล(gridball)ของอเล็กซ์ ดูเหมือนเขารักษามันให้เงาวับอยู่เสมอ",
        "JoshHouse.10": "มันคือลูกกริดบอล(gridball)",
        "JoshHouse.11": "มันคือตู้เย็นที่ตุนอาหารไว้เต็มไปหมด",
        "JoshHouse.12": "'คุกกี้สำหรับทุกฤดูกาล'",
        "JoshHouse.13": "'ชีวิตที่มืดมิดและเศร้าหมอง: บันทึกชีวิตประจำวันของ คนงานเหมืองถ่าน'",
        "JoshHouse.14": "ว่างเปล่า",
        "LeahHouse.1": "เป็นงานที่กำลังดำเนินอยู่",
        "LeahHouse.2": "เป็นภาพเขียนของลีอา ส่วนใหญ่เป็นภูมิประเทศ และธรรมชาติศึกษา",
        "LeahHouse.3": "'คู่มือปฏิบัติ วิถีชนบท:การมีชีวิตอยู่โดยการปลูกพืชผักทำอาหารเอง'",
        "LeahHouse.4": "'วิธีการจัดการกับคนเอาแต่ใจ'",
        "LeahHouse.5": "เป็นงาน แกะสลักไม้ที่ลีอากำลังทำอยู่ มันมีกลิ่นสนซีดาร์ ที่แสนวิเศษ",
        "LeahHouse.6": "ไม่มีข้อความเข้า",
        "ManorHouse.1": "เตาอบของ นายกเทศมนตรี ที่ถูกทำความสะอาด อย่างดี",
        "ManorHouse.2": "การชงชา แบบดั้งเดิม นายกเทศมนตรี เป็นคนจริงจังกับชา อย่างมาก",
        "ManorHouse.3": "คุณจะไม่มาด้วยกัน ในคืนวันพรุ่งนี้ หน่อยเหรอ? ^ถ้าคุณเดินผ่าน หน้าต่างด้านหลัง จะไม่มีใคร สังเกตเห็น^ฉันต้องการ พบคุณบ่อยๆ^ฉันรู้ว่าคุณยุ่ง แต่คุณไม่สามารถ หาเวลาให้ฉันได้?^ฉันหวังว่า จะได้พบคุณในวันพรุ่งนี้ ^-เอ็ม",
        "Mountain.1": "` ทางรถไฟ",
        "Saloon.1": "เหลือเบียร์เปล่า ครึ่งแก้ว",
        "Saloon.2": "ช่องทำอาหาร คำแนะนำในการ ปรุงอาหารทุกวันตลอด 24 ชั่วโมง, รายการเกม, และรีวิวร้านอาหาร",
        "SamHouse.1": "ว่างเปล่า",
        "SamHouse.2": "ไข่, ขนมปัง, แครอทและนม",
        "SamHouse.3": "โจดี้- ^เนื่องจากผมกำลังจะ กลับบ้านเร็วๆนี้ ผมอยากจะบอกอะไรกับคุณซักหน่อย ^ผมอาจจะไม่ได้เป็นผู้ชายคนเดิม ที่คุณรู้จักอีกต่อไปแล้ว การได้ออกมาข้างนอก ทำให้ผมได้พบเจอบางอย่าง ที่ทำให้ผมรู้สึกช็อกมาก ผมผ่อนคลายได้ยากมาก ^ผมไม่อยากจะทำให้คุณ รู้สึกหวาดกลัวหรืออารมณ์เสีย ผมแค่ไม่อยากให้คุณช็อก ตอนที่ผมกลับไป^จำไว้นะ ไม่ว่าผมจะแสดงออกยังไง คุณและลูกๆของเรา คือทุกสิ่งทุกอย่างของผม ^ผมจะไปพบคุณเร็วๆนี้^-เคนท์",
        "SamHouse.4": "มันถูกตั้งไว้ที่ช่องข่าว",
        "SamHouse.5": "ปิ๊กกีตาร์และล้อสเก็ตบอร์ด",
        "SamHouse.6": "มันมีเจลใส่ผมมากมายอยู่ในนี้",
        "SamHouse.7": "มันมีนิตยสารเกี่ยวกับสเกตบอร์ดมากมายอยู่ในนี้",
        "SamHouse.8": "'ความลึกลับของ UFO'",
        "SamHouse.9": "กีตาร์ไฟฟ้า ของแซมมันมี แอคทีฟ ปิ๊กอัพ กับ แวมมีบาร์ ด้วย",
        "SamHouse.10": "--บัตรรายงาน--^ชื่อ: วินเซนท์^^การอ่าน: C^การสะกด: D^คณิตศาสตร์: C^สังคมศึกษา: B-^ศิลปะ: B-^กีฬา:A^^หมายเหตุ:วินซ์เป็นเด็กดี, แต่ให้เขาควรใส่ใจกับการศึกษาอีกหน่อย!^  -เพนนี",
        "SamHouse.11": "มันเป็น คอมพิวเตอร์ของแซม เขามีคลังเกม คอมพิวเตอร์",
        "SamHouse.12": "ของเล่นของวินเซนท์ที่เกลื่อนกลาด ภายในห้อง",
        "ScienceHouse.1": "โปสเตอร์อวกาศ",
        "ScienceHouse.2": "สำหรับนักประดิษฐ์, คอมพิวเตอร์ของ มารุ ดูเก่ามาก เธอยังคงสำรองไฟล์ ไว้ในฟล็อปปี้ดิสก์",
        "ScienceHouse.3": "'การเพิ่มประสิทธิภาพของคุณ ในการแต่งครั้งที่สอง' และ 'คำแนะนำในการปฏิบัติ สำหรับพ่อแม่ขั้นตอนแรก'",
        "ScienceHouse.4": "มีนิตยสารช่างไม้จำนวนมาก",
        "ScienceHouse.5": "'โครงข่ายประสาทเทียมขั้นสูง'",
        "ScienceHouse.6": "มันล๊อค",
        "ScienceHouse.7": "เป็นอุปกรณ์บางอย่างที่มารุกำลังทำอยู่ มันดูน่าขนลุก",
        "ScienceHouse.8": "แผนภูมิดาวทุกฤดูกาล",
        "ScienceHouse.9": "โซดาจำนวนมาก",
        "ScienceHouse.10": "ตารางธาตุ",
        "ScienceHouse.11": "ขวานของโรบิน",
        "ScienceHouse.12": "ชุด บีกเกอร์",
        "ScienceHouse.13": "กล้องจุลทรรศน์สเตอริโอ",
        "ScienceHouse.14": "กล้องจุลทรรศน์สเตอริโอ",
        "SebastianRoom.1": "ไม่ได้เสียบวิทยุ",
        "SebastianRoom.2": "นวนิยายกราฟฟิค",
        "SebastianRoom.3": "'โซลาเรี่ยน โครนิเคิลส์: เดอะ เกมส์'",
        "SeedShop.1": "'11 บทเพลงเดี่ยว สำหรับฟลุตไม้'",
        "SeedShop.2": "หนูทดลองเดวิด",
        "SeedShop.3": "หนูทดลองเดวิด",
        "SeedShop.4": "'คุณค่าที่ยั่งยืน ของธุรกิจขนาดเล็ก'",
        "SeedShop.5": "'การเลี้ยงดู 101: รอดตายในช่วงวัยรุ่น'",
        "SeedShop.6": "มันเต็มไปด้วยผักสด",
        "SeedShop.7": "'ราชาทุ่งหญ้าผจญภัย : รูปแบบคอนโซล'",
        "SeedShop.8": "'ทำไมบริษัทโจจ้าต้องหยุด'",
        "SeedShop.9": "ถึง นายปีแอร์: ^การที่ฉันต้องนำข่าวร้าย มาบอกทำให้ฉันรู้สึกเจ็บปวดนะ แต่ฉันรู้สึกว่า ฉันจำเป็นต้องบอกนาย เกี่ยวกับการพัฒนา ของสิ่งที่เป็นภัยคุกคาม ต่อชีวิตความเป็นอยู่ของนายมากที่สุด และมันกำลังจะเกิดขึ้นในเร็วๆนี้ ^บริษัทโจจ้าตัดสินใจที่จะ ขยายเข้าไปในเมืองเพลิแกน ^มันสายเกินกว่าจะคัดค้านแล้ว นักก่อสร้างของโจจ้า ได้ทำการปรับพื้นที่เพื่อ ก่อสร้างร้านค้าโจจ้าไปแล้ว ^^นี่คงจะเป็นข่าวที่ทำให้ นายเกิดความเสียหาย อย่างมากแน่ๆ หลายปีในวงการธุรกิจ ที่ยืนหยัดเคียงข้างชุมชน ตอนนี้ถูกทำให้มองไม่เห็น ด้วยเงาที่ทรงพลังและ มีประสิทธิภาพ ของบริษัทที่เจริญเติบโตในเชิงเศรษฐกิจ ช่างน่าอับอายจริงๆ! ^^ในฐานะผู้จัดการของร้านโจจ้า ฉันรู้สึกว่าต้องรับผิดชอบ ต่อสภาพกลืนไม่เข้าคายไม่ออก ของคุณเป็นการส่วนตัว ในระดับหนึ่งอย่างเช่น ผมอยากจะเสนอตำแหน่ง ผู้ช่วยคนขายของชำให้กับคุณ ค่าแรงเริ่มต้นที่ 5g ต่อชั่วโมง ผมจะตั้งตาคอย อ่านเอกสารสมัครงาน ของคุณนะ!^^-มอร์ริส ผู้จัดการ^ร้านโจจ้าเมืองเพลิแกน",
        "SeedShop.10": "บอร์ดวิญญาณ",
        "SeedShop.11": "ลิ้นชักนี้คือ ",
        "SeedShop.12": "ตู้นี้เต็มไปด้วยอุปกรณ์ออกกำลังกาย",
        "Town-Christmas.1": "คลินิก - เวลา 9:00 AM - 3:00 PM",
        "Town-Christmas.2": "มันเก่าและเลือนราง...",
        "Town-Christmas.3": "\"โมน่าที่รักของเรา\"",
        "Town-Christmas.4": " สำนักงานโบราณคดี - เปิด 8:00 AM ถึง 6:00 PM",
        "Town-EggFestival.1": "คลินิก - เวลา 9:00 AM - 3:00 PM",
        "Town-EggFestival.2": "มันเก่าและเลือนราง...",
        "Town-EggFestival.3": "\"โมน่าที่รักของเรา\"",
        "Town-EggFestival.4": " สำนักงานโบราณคดี - เปิด 8:00 AM ถึง 6:00 PM",
        "Town-Fair.1": "นักท่องเที่ยว: คนนั้นน่ะ... ฉันกินแซนด์วิชเนื้อย่างนี่ไม่ไหวแล้ว... มันถูกยัดไส้",
        "Town-Fair.2": "อยากแข็งแรงเหมือนข้าไหม? ลองทุบหินนี่ดูสิ!",
        "Town-Fair.3": "คลินิก - เวลา 9:00 AM - 3:00 PM",
        "Town-Fair.4": "นักท่องเที่ยว: นี่เป็นชีสที่ใหญ่ที่สุด ที่ฉันเคยพบมาเลย ฉันซาบซึ้งใจมาก",
        "Town-Fair.5": "นักท่องเที่ยว: นั่งรถบัสมานี่ ใช้เวลานานมาก! แต่นับว่าคุ้มจริงๆ หุบเขาที่นี่งดงามมาก ไซม่อนรักมัน.... คุณไม่ใช่ไซม่อนนี่?",
        "Town-Fair.6": "นักท่องเที่ยว: เป็นเมืองที่ดูดีมาก คุณได้มาที่นี่แล้ว ชุมชนมีบรรยากาศที่ดี และสงบร่มรื่นมาก",
        "Town-Fair.7": "มันเก่าและเลือนราง...",
        "Town-Fair.8": " สำนักงานโบราณคดี - เปิด 8:00 AM ถึง 6:00 PM",
        "Town-Halloween.1": "คลินิก - เวลา 9:00 AM - 3:00 PM",
        "Town-Halloween.2": "มันเก่าและเลือนราง...",
        "Town-Halloween.3": "\"โมน่าที่รักของเรา\"",
        "Town-Halloween.4": "สำนักงานโบราณคดี - เปิด 8:00 AM ถึง 6:00 PM",
        "Town.1": "คลินิก - เวลา 9:00 AM - 3:00 PM",
        "Town.2": "ร้านขายของชำเปิด 9:00 AM ถึง 5:00 PM ปิดทุกวันพุธ",
        "Town.3": "มันเก่าและจางหายไป...",
        "Town.4": "\"โมน่าที่รักของเรา\"",
        "Town.5": "สำนักงานโบราณคดี - เปิด 8:00 AM ถึง 6:00 PM",
        "Trailer.1": "'คู่มือครู: ชั้นประถมศึกษาปีที่ 2'",
        "Trailer.2": "'มาร์ซี่และปราสาทใต้ดิน'",
        "Trailer.3": "'โซลาเรี่ยน โครนิเคิลส์'",
        "Trailer.4": "มันเต็มไปด้วยขวดเบียร์เปล่า",
        "Trailer.5": "'นางฟ้า, จูนิโม่, และนิทานอื่น ๆ'",
        "WitchHut.1": "ใครก็ตามที่อาศัยอยู่ที่นี่ จะต้องชอบทำความสะอาดพื้น มากแน่ๆ!",
        "WitchHut.2": "มันจะต้องเป็นไอเดียที่แย่ อย่างแน่นอนถ้าจะเอา แขนอันอ่อนนุ่มของคุณ มาติดอยู่ตรงนี้",
        "WitchHut.3": "บนกระดูกนี่จะต้องมีแบคทีเรีย อยู่เต็มไปหมดแน่ๆ คุณตัดสินใจที่จะไม่แตะต้องมัน",
        "WitchHut.4": "คุณนำจุกคอร์กออกจากขวด แล้วใช้มือพัดกลิ่น ให้ลอยเข้ามาในโพรงจมูก กลิ่นนี้ทำให้คุณรู้สึกพึงพอใจ อย่างไม่คาดคิด กลิ่นของแอปพริคอท และสไปซ์เบอร์รี่",
        "WitchHut.5": "สาปพวกชนบท!... ตำราเวทย์มนต์สำหรับแม่มดในเมือง",
        "WitchHut.6": "คุณพยายามที่จะไม่สบสายตา...",
        "MovieTheater_CraneMan": "คนเล่นตู้คีบ: คุยด้วยไม่ได้... ผมกำลังตั้งใจเล่นอยู่",
        "MovieTheater_CraneOccupied": "คนอื่นกำลังเล่นเกมคีบตุ๊กตาอยู่",
        "MovieTheater_CraneMan2": "คนเล่นตู้คีบ: เกือบจะ... ได้อยู่แล้วเชียว...",
        "MovieTheater_Welwick": "เวลวิก: อืม ที่นี่คนไม่ค่อยเยอะเท่าไหร่... และฉันก็ลงทุนกับ หนังเรื่องนี้ไปเยอะเลย!",
        "MovieTheater_Welwick2": "เวลวิก: ฉันเห็นสิ่งที่ยิ่งใหญ่ในอนาคต... ถ้าคุณซื้อตั๋วภาพยนตร์ เรื่องนี้เป็นจำนวนมาก!",
        "MovieTheater_ShortsMan": "ชายที่ยืนอยู่ตรงมุม: บรื๋ออ... ที่นี่มันค่อนข้างจะหนาวมากเลย... ฉันดีใจจังที่ใส่กางเกงขายาวมา!",
        "MovieTheater_ShortsMan2": "ชายที่ยืนอยู่ตรงมุม: นี่ๆ... ผมเพิ่งจะดูหนังมา, และ... ใจเย็น! ผมไม่ได้จะเปิดเผย เนื้อหาของภาพยนต์ให้คุณฟัง หรอกนะ",
        "MovieTheater_Mother": "ผู้หญิงคนหนึ่ง: ไซมอน, คุณต้องการอะไรที่มันดีกัสุขภาพมั้ย? *เฮ้อ*... โอเค...",
        "MovieTheater_Mother2": "ผู้หญิงคนหนึ่ง: แล้วถ้าแอปเปิ้ลซักชิ้นล่ะเป็นไง? ไม่เหรอ? *เฮ้อ*... โอเค...",
        "MovieTheater_Child": "ไซมอน: แม่ฮะ! ผมอยากได้ลูกกวาด! *กลืนน้ำลาย*",
        "MovieTheater_Child2": "ไซมอน: แม่ฮะ! ผมอยากกิน ป๊อปคอร์นรสชอคโกแลต! *กลืนน้ำลาย*",
        "MovieTheater_Gil": "*คร่อกกก*... หื้มมม?",
        "MovieTheater_Lupini": "ลูพินี่: พวกมือสมัครเล่น! การออกแบบเซตนี้มันธรรมดามาก!",
        "MovieTheater_Lupini2": "ลูพินี่: พวกมือสมัครเล่น! วิดีโอในปาร์ตี้งานวันเกิดครบรอบ 2 ขวบของหลานชายของฉัน ยังดูมีศิลปะในการ สร้างภาพยนต์มากกว่านี้อีก!",
        "MovieTheater_ConcessionMan": "แฟนภาพยนต์: เอิ่ม... มีอาหารว่างให้เลือกมากเกินไป!",
        "MovieTheater_ConcessionMan2": "แฟนภาพยนต์: อา ดูสิว่าป๊อปคอร์น พวกนั้นมันเป็นยังไง! โอ้วว เสียงของมัน... กลิ่นของมัน!",
        "MovieTheater_PurpleHairLady": "ผู้หญิงคนหนึ่ง: ไปไกลๆเลยนะ... ฉันกำลังยุ่งอยู่กับการ พยายามใกล้ชิดท่านผู้ว่าการรัฐ!",
        "MovieTheater_RedCapGuy": "ชายคนหนึ่ง: เอ้อ โอ้... ผมรู้สึกว่าผมแต่งตัว จัดเต็มเกินไปหน่อย...",
        "MovieTheater_RedCapGuy2": "ชายคนหนึ่ง: ผมนั่งที่แถวหน้า... มันคือความผิดพลาดครั้งใหญ่",
        "MovieTheater_Governor": "ผู้ว่าการรัฐ: มันดีมากเลยที่เห็น การพัฒนาของเศรษฐกิจ ในหุบเขา!",
        "MovieTheater_Governor2": "ผู้ว่าการรัฐ: ฉันควรจะต้อง พาภรรยาออกมาทานอาหาร และชมภาพยนตร์ด้วยกันจริงๆ!",
        "MovieTheater_Gunther": "เฮ้ ผมก็อยากจะคุยด้วยนะ แต่ผมต้องกลับไปที่พิพิธภัณฑ์!",
        "MovieTheater_Gunther2": "เฮ้ @ ผมเพิ่งจะได้ลองดู ภาพยนตร์นี่ด้วยตัวเอง... ไม่เลวเลย!",
        "MovieTheater_Marlon": "กิลหลับตลอดเวลาที่หนังฉายอยู่... เหมือนที่เขาทำเป็นประจำ",
        "MovieTheater_Marlon2": "นั่นมันน่าสนใจเลยทีเดียว... นายคิดว่ายังไงล่ะ กิล?#$b#...กิล?#$b#...เขาไม่รู้สึกตัว",
        "MovieTheater_Marcello": "มาร์เซลโล: เป็นซอสทาขนมปังที่เยี่ยมยอดอะไรขนาดนี้! ฉันคิดว่าฉันจะไปเอาเบอร์บอนมายองเนสมาอีก ฮิฮิ!",
        "MovieTheater_Marcello2": "มาร์เซลโล: เป็นซอสทาขนมปังที่เยี่ยมยอดอะไรขนาดนี้! ฉันคิดว่าฉันจะไปเอา มัสตาร์ดรสเผ็ดผสมธัญพืช 12 ชนิดมาอีก ฮิฮิ!",
        "MovieTheater_Morris": "อย่างที่คุณเห็น ภาพยนตร์ประสบความสำเร็จ เป็นอย่างมาก! $h#$b#อะไรนะ...? ผลตอบแทนสำหรับการลงทุนของคุณ? คืออย่างนี้นะ มันค่อนข้างจะยาก คุณก็รู้... อาจจะต้องใช้เวลาซักพัก คุณเข้าใจอยู่แล้วนี่... *งึมงัมๆ*$2",
        "MovieTheater_Morris2": "อา นี่คือหุ้นส่วนการลงทุนที่สำคัญมากของเรา! มีความสุขกับการแสดงนะครับ และอย่าลืมที่จะซื้อ ป๊อปคอร์นโจจ้าระหว่างทาง ด้วยล่ะ!$h",
        "MovieTheater_CranePlay": "อยากจะเล่นตู้คีบมั้ย? (ราคา {0}g)"
    }
}
