{
    "header": {
        "target": "w",
        "formatVersion": 5,
        "hidef": true,
        "compressed": 128
    },
    "readers": [
        {
            "type": "Microsoft.Xna.Framework.Content.DictionaryReader`2[[System.String, mscorlib, Version=4.0.0.0, Culture=neutral, PublicKeyToken=b77a5c561934e089],[System.String, mscorlib, Version=4.0.0.0, Culture=neutral, PublicKeyToken=b77a5c561934e089]]",
            "version": 0
        },
        {
            "type": "Microsoft.Xna.Framework.Content.StringReader",
            "version": 0
        }
    ],
    "content": {
        "LearnedRecipe_cooking": "การทำอาหาร",
        "LearnedRecipe_crafting": "การประดิษฐ์",
        "LearnedRecipe": "คุณได้เรียนวิธี {0} ใหม่: {1}",
        "FarmerFile_1": "บันทึก: {0}\nก้าวทั้งหมด: {1}\nของขวัญที่ให้: {2}\nวันในสตาร์ดิวแวลลี่: {3}\nดินที่ขุด: {4}\nไอเท็มที่ประดิษฐ์: {5}\nอาหารที่ทำ: {6}\nขยะที่รีไซเคิล: {7}",
        "FarmerFile_2": "มอนสเตอร์ที่ฆ่า: {0}\nปลาที่จับได้: {1}\nเบ็ดที่เหวี่ยง: {2}\nเมล็ดที่หว่าน: {3}\nของที่ขาย: {4} ",
        "NotEnoughMoney1": "คุณมีเงินไม่พอ",
        "NotEnoughMoney2": "เงินไม่พอ",
        "NotEnoughMoney3": "คุณมีเงินไม่พอ...",
        "Toggle_ColorPicker": "เลือกสี",
        "Backpack_Bought": "เยี่ยมไปเลย! ตอนนี้คุณสามารถถือไอเท็มได้ {0} ชิ้นแล้ว!",
        "About_Title": "    Stardew Valley",
        "About_Credit": "\n= สร้างโดย ConcernedApe\n< เผยแพร่โดย Chucklefish\n= Ported by Sickhead Games\n< Localized by Playism & LocalizeDirect",
        "About_CreditExtra_Console": "\n= จัดจำหน่ายโดย 505 Games\n< รับประกันคุณภาพการจัดจำหน่ายโดย by Pipeworks Studio",
        "About_Website": "Stardew Valley บนเว็บไซต์",
        "About_ConcernedApe": "ConcernedApe ใน Twitter",
        "About_Chucklefish": "Chucklefish, LTD.",
        "AnimalQuery_Move": "ย้ายไปอาคารหลังใหม่",
        "AnimalQuery_Moving_HomeChanged": "ย้ายอาคารใหม่สำเร็จ",
        "AnimalQuery_Moving_BuildingFull": "อาคารนั้นเต็มแล้ว",
        "AnimalQuery_Moving_AlreadyHome": "อยู่อาคารนี่อยู่แล้ว",
        "AnimalQuery_Moving_CantLiveThere": "{0}s ไม่สามารถอยู่ที่นั่นได้",
        "AnimalQuery_Sell": "ขายได้ {0}g",
        "AnimalQuery_AllowReproduction": "อนุญาตให้สืบพันธุ์",
        "AnimalQuery_Age1": "อายุ: 1 เดือน",
        "AnimalQuery_AgeN": "อายุ: {0} เดือน",
        "AnimalQuery_AgeBaby": " (Baby)",
        "AnimalQuery_Parent": "ลูกของ: {0}",
        "AnimalQuery_ConfirmSell": "คุณแน่ใจนะ?",
        "AnimalQuery_ChooseBuilding": "กรุณาเลือก {0} สำหรับ {1} ของคุณ",
        "Billboard_Birthday": "วันเกิดของ {0}",
        "Billboard_SBirthday": "วันเกิดของ {0}",
        "Billboard_Year": "ปีที่ {0}",
        "Billboard_NothingPosted": "ไม่มีการปิดประกาศในวันนี้",
        "Billboard_NightMarket": "ตลาดกลางคืน",
        "AcceptQuest": "รับภารกิจ",
        "BobberBar_Perfect": "เพอร์เฟ็ค!",
        "Confirm": "โอเค",
        "Carpenter_Demolish": "รื้อถอนสิ่งปลูกสร้าง",
        "Carpenter_MoveBuildings": "ย้ายสิ่งก่อสร้าง",
        "Carpenter_Upgrade": "อัพเกรดต่อจาก {0}",
        "Carpenter_Build": "สร้าง",
        "Carpenter_CantDemolish_DuringConstruction": "ไม่สามารถรื้อถอนขณะสร้างได้",
        "Carpenter_CantDemolish_AnimalsHere": "ไม่สามารถรื้อถอนได้จนกว่าสัตว์จะถูกเคลื่อนย้าย",
        "Carpenter_CantDemolish_PlayerHere": "ไม่สามารถรื้อถอนได้ในขณะที่ผู้เล่นอยู่ข้างใน",
        "Carpenter_CantDemolish_LockFailed": "ไม่สามารถรื้อถอนในขณะนี้ได้",
        "Carpenter_CantUpgrade_BuildingType": "ประเภทของสิ่งก่อสร้างไม่ถูกต้อง",
        "Carpenter_CantBuild": "ไม่สามารถก่อสร้างตรงนั้นได้",
        "Carpenter_SelectBuilding_Upgrade": "เลือก {0} เพื่ออัพเกรด",
        "Carpenter_SelectBuilding_Demolish": "เลือกสิ่งปลูกสร้างที่จะรื้อถอน",
        "Carpenter_ChooseLocation": "เลือกสถานที่",
        "Character_Name": "ชื่อ",
        "Character_Wallets": "ลักษณะเงิน",
        "Character_SharedWallet": "ใช้รวมกัน",
        "Character_SeparateWallet": "แยกกัน",
        "Character_Difficulty": "อัตรากำไร",
        "Character_Close": "ใกล้ๆ",
        "Character_CoopHelpString": "บ้านเริ่มต้น: เริ่มด้วยการมีบ้าน 1-3 หลังที่สร้างไว้แล้วให้เพื่อนๆ เข้าอาศัยได้ทันที หรือคุณสามารถเลือก \"ไม่มี\" เพื่อสร้างบ้านเองได้ (ติดต่อโรบิน).^^รูปแบบบ้าน: ถ้าคุณเลือกที่จะเริ่มด้วยการมีบ้านสร้างไว้ก่อนแล้วคุณจะสามารถเลือกระหว่างรูปแบบได้สองอย่าง: \"บ้านใกล้เรือนเคียง\" จัดวางบ้านทั้งหมดใกล้บ้านพักหลัก เพื่อให้ง่ายต่อการช่วยกันทำฟาร์ม \"แยกกัน\" จัดวางบ้านห่างๆ กัน เพื่อให้มีอิสระ^^ขอบเขตกำไร: ปรับขอบเขตของกำไร (เงินที่คุณหาได้) จากสินค้าที่ขาย'ปกติ' คือตามประสบการณ์ Stardew Valley แบบดั้งเดิม ผู้เล่นที่มีประสบการณ์มากกว่าหรือมีจำนวนมากอาจเลือกลดขอบเขตลงได้",
        "Character_CoopHelpString2": "ลักษณะเงิน: คุณสามารถเลือกได้ว่าจะหาและใช้จ่ายเงินอย่างไร ในโหมด \"ใช้ร่วมกัน\" ผู้เล่นทุกคนจะใช้เงินร่วมกันก้อนเดียว ในโหมด \"ใช้แยกกัน\" ผู้เล่นแต่ละคนจะมีเงินของนเอง เป็นของใครของมัน \"ใช้ร่วมกัน\" เป็นโหมดดั้งเดิมของ Stardew Valley",
        "Character_Normal": "ปกติ",
        "Character_Tough": "75%",
        "Character_Hard": "50%",
        "Character_Super": "25%",
        "Character_Separate": "แยกกัน",
        "Character_none": "ไม่มี",
        "Character_CoopHelp": "ความช่วยเหลือ",
        "Character_StartingCabins": "บ้านเริ่มต้น",
        "Character_CabinLayout": "รูปแบบบ้าน",
        "Character_Farm": "ชื่อ\nฟาร์ม",
        "Character_FavoriteThing": "ของ\nที่โปรดปราน",
        "Character_Animal": "สัตว์\nที่โปรดปราน",
        "Character_Skin": "สีผิว",
        "Character_EyeColor": "สีตา:",
        "Character_Hair": "ทรงผม",
        "Character_HairColor": "สีผม:",
        "Character_Shirt": "เสื้อ",
        "Character_PantsColor": "สีกางเกง:",
        "Character_ShirtColor": "สีเสื้อ:",
        "Character_DyeColor": "สีย้อม:",
        "Character_SkipIntro": "ข้ามบทนำ",
        "Character_Pants": "กางเกง",
        "Character_Accessory": "เครื่องประดับ",
        "Character_FarmNameSuffix": "ฟาร์ม",
        "Character_FarmType": "ประเภทฟาร์ม:",
        "Character_FarmStandard": "Standard Farm_(ที่ดินมาตรฐาน) ที่ดินที่เรียบง่ายพร้อม พื้นที่เปิดโล่งจำนวนมาก มันง่ายต่อการออกแบบฟาร์มของคุณ.",
        "Character_FarmForaging": "Forest Farm_(วนอุทยาน) ที่ดินป่าจำกัดพื้นที่ การเกษตรของคุณ อย่างไรก็ตาม ความอุดมสมบูรณ์ของป่า อยู่ใกล้แค่เอื้อม......",
        "Character_FarmFishing": "Riverland Farm_(ริเวอร์แลนด์) ที่ดินของคุณกระจัดกระจายไปทั่ว หลายเกาะและริมฝั่งแม่น้ำอันงดงาม การจับปลาเป็นเรื่องธรรมดามาก สำหรับที่ดินแปลงนี้",
        "Character_FarmMining": "Hill-top Farm_(ที่ดินบนยอดเขา) ภูมิประเทศที่เป็นหิน และแม่น้ำที่คดเคี้ยว ทำให้การออกแบบฟาร์มของคุณ เป็นเรื่องยาก อย่างไรก็ตามมีสายแร่ปรากฏ เพื่อเพิ่มโอกาสในการขุด",
        "Character_FarmCombat": "Wilderness Farm_(ที่ดินที่รกร้างว่างเปล่า) เป็นที่ดินที่อุดมสมบูรณ์มาก แต่ระวัง... ในตอนกลางคืน สัตว์ประหลาดจะออกมา",
        "Character_FarmFourCorners": "Four Corners Farm_(ฟาร์มสี่มุม) ที่ดินแบ่งออกเป็นสี่ผืน โดยแต่ละแห่งมีสิทธิพิเศษ เหมาะกับการเล่นเป็นกลุ่ม!",
        "Character_FarmCombat_Unlock": "คุณได้ปลดล็อค 'ฟาร์มรกร้าง'!",
        "Character_FarmMining_Unlock": "คุณได้ปลดล็อค 'ฟาร์มบนเทือกเขา'!",
        "Character_FarmFishing_Unlock": "คุณได้ปลดล็อค 'ฟาร์มริมแม่น้ำ'!",
        "Character_FarmForaging_Unlock": "คุณได้ปลดล็อค 'ฟาร์มป่า'!",
        "Character_foraging": "เก็บของป่า",
        "Character_fishing": "ตกปลา",
        "Character_mining": "ทำเหมือง",
        "Character_combat": "ต่อสู้",
        "JukeboxMenu_Title": "ตู้เพลง",
        "Collections_Shipped": "ของที่ส่งขาย (ผลผลิตจากฟาร์มและการเก็บของป่า)",
        "Collections_Fish": "ปลา",
        "Collections_Artifacts": "วัตถุโบราณ",
        "Collections_Minerals": "แร่",
        "Collections_Cooking": "อาหาร",
        "Collections_Achievements": "ความสำเร็จ",
        "Collections_SecretNotes": "บันทึกลับ",
        "Collections_Description_ArtifactsFound": "พบแล้วทั้งหมด: {0}",
        "Collections_Description_RecipesCooked": "จำนวนครั้งที่ทำอาหาร: {0}",
        "Collections_Description_FishCaught": "จำนวนที่จับได้: {0}",
        "Collections_Description_BiggestCatch": "ขนาดใหญ่ที่สุดที่จับได้: {0} นิ้ว",
        "Collections_Description_MineralsFound": "พบแล้วทั้งหมด: {0}",
        "Collections_Description_NumberShipped": "ขายไปทั้งหมด: {0}",
        "QuestButton_Hover": "สมุดบันทึก ({0})",
        "QuestButton_Hover_Console": "สมุดบันทึก",
        "ZoomInButton_Hover": "ซูมเข้า",
        "ZoomOutButton_Hover": "ซูมออก",
        "ExitToTitle": "ออกไปหน้าหลัก",
        "ExitToDesktop": "ออกไปเดสก์ท็อป",
        "GameMenu_Inventory": "กระเป๋า",
        "GameMenu_Skills": "ทักษะ",
        "GameMenu_Social": "ความสัมพันธ์",
        "GameMenu_Map": "แผนที่",
        "GameMenu_Crafting": "สิ่งประดิษฐ์",
        "GameMenu_Collections": "ของสะสม",
        "GameMenu_Options": "ตัวเลือก",
        "GameMenu_Exit": "ออกจากเกม",
        "GameMenu_JunimoNote_Hover": "ศูนย์ชุมชน",
        "GeodeMenu_InventoryFull": "คุณมีพื้นที่ในกระเป๋า ไม่เพียงพอ",
        "GeodeMenu_Description_NotEnoughMoney": "ราคา 25g ต่อผลึก... \n\nเหมือนว่าตอนนี้ คุณซื้อมันไม่ไหวหรอก",
        "GeodeMenu_Description": "แค่วางผลึกของคุณ บนทั่งของฉัน แล้วฉันจะหวดมันเอง \n\nคิดค่าหวดชิ้นละ 25g นะ",
        "ItemHover_DefenseBonus": "พลังป้องกัน +{0}",
        "ItemHover_ImmunityBonus": "ต้านทาน +{0}",
        "ItemHover_CritChanceBonus": "คริติคอล +{0}",
        "ItemHover_CritPowerBonus": "พลังคริติคอล +{0}",
        "ItemHover_Damage": "พลังโจมตี {0}-{1}",
        "ItemHover_Speed": "ความเร็ว {0}",
        "ItemHover_Weight": "น้ำหนัก{0}",
        "ItemHover_Energy": "{0} พลังงาน",
        "ItemHover_Health": "{0} พลังชีวิต",
        "ItemHover_Buff0": "{0} ทำฟาร์ม",
        "ItemHover_Buff1": "{0} ตกปลา",
        "ItemHover_Buff2": "{0} ทำเหมือง",
        "ItemHover_Buff3": "{0} ต่อสู้",
        "ItemHover_Buff4": "{0} โชค",
        "ItemHover_Buff5": "{0} ค้นหาอาหาร",
        "ItemHover_Buff6": "{0} พลังงานสูงสุด",
        "ItemHover_Buff7": "{0} พลังงานสูงสุด",
        "ItemHover_Buff8": "{0} อำนาจดึงดูด",
        "ItemHover_Buff9": "{0} ความเร็ว",
        "ItemHover_Buff10": "{0} ป้องกัน",
        "ItemHover_Buff11": "{0} พลังโจมตี",
        "ItemHover_Requirements": "ต้องการ {0}\n{1}",
        "Inventory_PortraitHover_Level": "ระดับ {0}",
        "Inventory_FarmName": "ฟาร์ม {0}",
        "Inventory_CurrentFunds": "เงินปัจจุบัน: {0}g",
        "Inventory_TotalEarnings": "รายรับทั้งหมด: {0}g",
        "Inventory_CurrentFunds_Separate": "เงินของคุณ: {0}g",
        "Inventory_TotalEarnings_Separate": "รายรับของฟาร์ม: {0}g",
        "ItemGrab_Organize": "จัดระเบียบ",
        "ShippingBin_LastItem": "ของที่ส่งขายชิ้นล่าสุด",
        "JojaCDMenu_Hover0": "ซ่อมแซมรถบัสที่ ไปยังทะเลทรายคาลิโก้",
        "JojaCDMenu_Hover1": "ซ่อมแซมระบบรถราง ในเหมืองที่เชื่อมระหว่างจุดรอรถบัส ภูเขา และเมืองเพลิแกน",
        "JojaCDMenu_Hover2": "ซ่อมแซมสะพานที่ชำรุดบนภูเขา",
        "JojaCDMenu_Hover3": "ซ่อมแซมซากปรักหักพัง ในฟาร์มให้กลายเป็นเรือนกระจก",
        "JojaCDMenu_Hover4": "กำจัดหินระยิบระยับขนาดใหญ่ ใกล้ทางเข้าเหมือง",
        "JunimoNote_BundleName": "บันเดิ้ล {0}",
        "JunimoNote_RewardBoiler": "รางวัล: ซ่อมระบบ รถรางในเหมือง",
        "JunimoNote_RewardBulletin": "รางวัล: ค่ามิตรภาพ <",
        "JunimoNote_RewardCrafts": "รางวัล: ซ่อมสะพาน",
        "JunimoNote_RewardPantry": "รางวัล: เรือนกระจก",
        "JunimoNote_RewardVault": "รางวัล: ซ่อมรถบัส",
        "JunimoNote_RewardFishTank": "รางวัล: กำจัดหิน ระยิบระยับ ก้อนใหญ่",
        "JunimoNote_MustBeAtCC": "ต้องนำไปส่งที่ศูนย์ชุมชน",
        "JunimoNote_MustBeAtAJM": "ต้องนำไปส่งที่ร้านโจจ้าร้าง",
        "LetterViewer_MoneyIncluded": "มี $ {0}g แนบมาด้วย",
        "LetterViewer_LearnedRecipe": "สูตร {0} ชนิดใหม่:",
        "LetterViewer_LearnedRecipeName": "'{0}'",
        "LevelUp_Title": "{1} เลเวล {0}",
        "LevelUp_Stamina_Restored": "พลังงานเต็มแล้ว!",
        "LevelUp_ExtraInfo_Farming1": "ความชำนาญการใช้บัวรดน้ำ +1",
        "LevelUp_ExtraInfo_Farming2": "ความชำนาญการใช้จอบ +1",
        "LevelUp_ExtraInfo_Mining": "ความชำนาญการใช้พลั่ว +1",
        "LevelUp_ExtraInfo_Fishing": "ความชำนาญการใช้เบ็ดตกปลา +1",
        "LevelUp_ExtraInfo_Foraging1": "ความชำนาญการใช้ขวาน +1",
        "LevelUp_ExtraInfo_Foraging2": "<มีเมล็ดหล่นจากต้นไม้เป็นบางครั้ง<",
        "LevelUp_ExtraInfo_Foraging3": "<ผลเบอร์รี่ป่าถึงอายุเก็บเกี่ยวแล้ว<",
        "LevelUp_ExtraInfo_Combat": "+5 HP",
        "LevelUp_ExtraInfo_Luck": "โชคเพิ่มขึ้นแล้ว",
        "LevelUp_ProfessionName_Rancher": "คนเลี้ยงสัตว์\n(Rancher)",
        "LevelUp_ProfessionDescription_Rancher": "ผลิตภัณฑ์จากสัตว์มีราคามากขึ้น 20%",
        "LevelUp_ProfessionName_Tiller": "ชาวไร่\n(Tiller)",
        "LevelUp_ProfessionDescription_Tiller": "พืชผลมีราคาเพิ่มขึ้น 10%",
        "LevelUp_ProfessionName_Coopmaster": "คนดูแลเล้า\n(Coopmaster)",
        "LevelUp_ProfessionDescription_Coopmaster": "สนิทกับสัตว์เลี้ยงในเล้าเร็วขึ้น\nเวลาในการฟักไข่ลดลงครึ่งหนึ่ง",
        "LevelUp_ProfessionName_Shepherd": "คนเลี้ยงแกะ\n(Shepherd)",
        "LevelUp_ProfessionDescription_Shepherd": "สนิทกับสัตว์ในคอกได้เร็วขึ้น\nแกะผลิตขนได้เร็วขึ้น",
        "LevelUp_ProfessionName_Artisan": "สายหมัก\n(Artisan)",
        "LevelUp_ProfessionDescription_Artisan": "สินค้าหมัก (เช่น ไวน์ (wine) ชีส(cheese) น้ำมัน (oil)) มีราคามากขึ้น 40%",
        "LevelUp_ProfessionName_Agriculturist": "เกษตรกร\n(Agriculturist)",
        "LevelUp_ProfessionDescription_Agriculturist": "พืชผลทุกชนิดโตเร็วขึ้น 10%",
        "LevelUp_ProfessionName_Fisher": "ชาวประมง\n(Fisher)",
        "LevelUp_ProfessionDescription_Fisher": "ปลามีราคาเพิ่มขึ้น 25%",
        "LevelUp_ProfessionName_Trapper": "นักวางกับดัก\n(Trapper)",
        "LevelUp_ProfessionDescription_Trapper": "ใช้ของในการประดิษฐ์ กับดักปูน้อยลง",
        "LevelUp_ProfessionName_Angler": "นักตกปลา\n(Angler)",
        "LevelUp_ProfessionDescription_Angler": "ปลามีราคาเพิ่มขึ้น 50%",
        "LevelUp_ProfessionName_Pirate": "โจรสลัด\n(Pirate)",
        "LevelUp_ProfessionDescription_Pirate": "โอกาสในการเจอหีบสมบัติ เพิ่มขึ้นเป็นสองเท่า",
        "LevelUp_ProfessionName_Mariner": "กะลาสี\n(Mariner)",
        "LevelUp_ProfessionDescription_Mariner": "ไม่เจอขยะในกับดักปู อีกเลย",
        "LevelUp_ProfessionName_Luremaster": "นักล่อมือฉมัง\n(Luremaster)",
        "LevelUp_ProfessionDescription_Luremaster": "กับดักปูไม่ต้อง ใช้เหยื่ออีกต่อไป",
        "LevelUp_ProfessionName_Forester": "ชาวป่า\n(Forester)",
        "LevelUp_ProfessionDescription_Forester": "ได้ไม้มากขึ้น 25% เมื่อตัดต้นไม้",
        "LevelUp_ProfessionName_Gatherer": "นักเก็บของป่า\n(Gatherer)",
        "LevelUp_ProfessionDescription_Gatherer": "มีโอกาสในการ เก็บของป่าได้สองเท่า",
        "LevelUp_ProfessionName_Lumberjack": "นักตัดไม้\n(Lumberjack)",
        "LevelUp_ProfessionDescription_Lumberjack": "ต้นไม้ทุกต้น มีโอกาสให้ไม้เนื้อแข็ง",
        "LevelUp_ProfessionName_Tapper": "คนกรีดยาง\n(Tapper)",
        "LevelUp_ProfessionDescription_Tapper": "ไซรัป (Syrups) มีราคาเพิ่มขึ้น 25%",
        "LevelUp_ProfessionName_Botanist": "นักพฤกษศาสต\n(Botanist)",
        "LevelUp_ProfessionDescription_Botanist": "ของป่าที่เก็บได้ จะมีคุณภาพสูงสุดเสมอ",
        "LevelUp_ProfessionName_Tracker": "นักแกะรอย\n(Tracker)",
        "LevelUp_ProfessionDescription_Tracker": "เห็นตำแหน่งของของป่า",
        "LevelUp_ProfessionName_Miner": "นักขุดแร่\n(Miner)",
        "LevelUp_ProfessionDescription_Miner": "มีโอกาสได้แร่เพิ่มขึ้น +1",
        "LevelUp_ProfessionName_Geologist": "นักธรณีวิทยา\n(Geologist)",
        "LevelUp_ProfessionDescription_Geologist": "มีโอกาสได้อัญมณี 2 ชิ้นจากหิน 1 ก้อน",
        "LevelUp_ProfessionName_Blacksmith": "ช่างตีเหล็ก\n(Blacksmith)",
        "LevelUp_ProfessionDescription_Blacksmith": "แท่งเหล็ก (Metal bars) มีราคาเพิ่มขึ้น50%",
        "LevelUp_ProfessionName_Prospector": "นักสำรวจแร่\n(Prospector)",
        "LevelUp_ProfessionDescription_Prospector": "มีโอกาสเจอถ่านหิน (coal) เพิ่มสองเท่า",
        "LevelUp_ProfessionName_Excavator": "นักสกัดแร่\n(Excavator)",
        "LevelUp_ProfessionDescription_Excavator": "มีโอกาสเจอผลึก (geodes) เป็นสองเท่า",
        "LevelUp_ProfessionName_Gemologist": "นักอัญมณีศาสตร์\n(Gemologist)",
        "LevelUp_ProfessionDescription_Gemologist": "อัญมณีมีค่ามากขึ้น 30%",
        "LevelUp_ProfessionName_Fighter": "นักสู้\n(Fighter)",
        "LevelUp_ProfessionDescription_Fighter": "ทุกการโจมตีแรงขึ้น 10%",
        "LevelUp_ProfessionName_Scout": "นักสอดแนม\n(Scout)",
        "LevelUp_ProfessionDescription_Scout": "โอกาสโจมตีติด คริติคอลเพิ่มขึ้น 50%",
        "LevelUp_ProfessionName_Brute": "นักเลง\n(Brute)",
        "LevelUp_ProfessionDescription_Brute": "โจมตีแรงขึ้น 15%",
        "LevelUp_ProfessionName_Defender": "ผู้พิทักษ์\n(Defender)",
        "LevelUp_ProfessionDescription_Defender": "+25 HP.",
        "LevelUp_ProfessionName_Acrobat": "นักกายกรรม\n(Acrobat)",
        "LevelUp_ProfessionDescription_Acrobat": "เวลาคูลดาวน์ของ ท่าพิเศษลดลงครึ่งหนึ่ง",
        "LevelUp_ProfessionName_Desperado": "อาชญากร\n(Desperado)",
        "LevelUp_ProfessionDescription_Desperado": "ถ้าโจมตีติดคริติคอลศัตรูจะตาย",
        "LevelUp_ChooseProfession": "เลือกอาชีพที่ต้องการ:",
        "LevelUp_NewRecipe": "สูตร {0} ชนิดใหม่: {1}",
        "LoadGameMenu_LookingForSavedGames": "กำลังหาเกมที่เซฟไว้...",
        "LoadGameMenu_Deleting": "กำลังลบ...",
        "TitleMenu_PressAToStart": "กด @ เพื่อเริ่มเกม",
        "TooManyFarmsMenu_TooManyFarms": "คุณมีฟาร์มมากเท่าที่จะมากได้แล้ว",
        "UserSignoutMenu_SignInChange": "มีการเปลี่ยนแปลงในการลงชื่อเข้าใช้ โปรดลงชื่อเข้าใช้ใหม่ หรือกลับไปยังหน้าหลัก",
        "UserSignoutMenu_Returning": "กำลังกลับไปยังหน้าหลัก",
        "UserSignoutMenu_SignIn": "ลงชื่อเข้าใช้",
        "UserSignoutMenu_Exit": "ออก",
        "StartupMessage_FirstRun": "",
        "ControllerConnectMenu_PleaseReconnect": "โปรดเชื่อมต่อคอนโทรลเลอร์ ของคุณอีกครั้งเพื่อเล่นต่อ",
        "ControllerConnectMenu_PleaseReconnect.ps4": "โปรดเชื่อมต่อคอนโทรลเลอร์ ของคุณอีกครั้งเพื่อเล่นต่อ",
        "Options_StowingMode": "กำลังย้ายไอเท็ม",
        "Options_StowingMode_Off": "ปิด",
        "Options_StowingMode_GamepadOnly": "Gamepad เท่านั้น",
        "Options_StowingMode_On": "เปิด",
        "Options_ShowAdvancedCraftingInformation": "แสดงข้อมูลการประดิษฐ์อย่างละเอียด",
        "Crafting_NumberCrafted": "จำนวนสิ่งประดิษฐ์: {0}",
        "Options_GamepadStyleMenus": "ใช้เมนูในรูปแบบคอนโทรลเลอร์",
        "Options_GamepadStyleMenus.ps4": "ใช้เมนูในรูปแบบคอนโทรลเลอร์",
        "SaveGameMenu_Saving1.nswitch": "กำลังบันทึก กระบวนการนี้อาจใช้เวลานาน",
        "SaveGameMenu_Saving2.nswitch": "โปรดอย่าปิดโปรแกรม หรือเครื่องเล่นแม้หน้าจอ จะไม่มีการเคลื่อนไหว",
        "GameMenu_ServerInvite": "ชวนเพื่อน...",
        "GameMenu_ServerMode": "โหมดเซิร์ฟเวอร์",
        "GameMenu_ServerMode_Offline": "ออฟไลน์",
        "GameMenu_ServerMode_Online": "ออนไลน์",
        "GameMenu_ServerMode_FriendsOnly": "เพื่อนเท่านั้น",
        "GameMenu_ServerMode_InviteOnly": "เชิญเท่านั้น",
        "CoopMenu_EnterIP": "ใส่ IP...",
        "CoopMenu_Join": "เข้าร่วม",
        "CoopMenu_Host": "เจ้าบ้าน",
        "CoopMenu_JoinLANGame": "เข้าร่วมเกมผ่าน LAN ...",
        "CoopMenu_EnterInviteCode": "ใส่รหัสเชิญ...",
        "CoopMenu_HostNewFarm": "สร้างฟาร์มใหม่...",
        "CoopMenu_NoInvites": "ไม่มีคำเชิญ",
        "CoopMenu_Failed": "การเชื่อมต่อล้มเหลว",
        "CoopMenu_FailedProtocolVersion": "การเชื่อมต่อล้มเหลว (เวอร์ชันไม่เข้ากัน)",
        "CoopMenu_Connecting": "กำลังเชื่อมต่อ...",
        "CoopMenu_ConnectingOnlineServices": "กำลังเชื่อมต่อไปยังบริการออนไลน์",
        "CoopMenu_NoSlots": "ไม่มีบ้านว่าง",
        "CoopMenu_NewFarmhand": "ชาวนาหน้าใหม่",
        "CoopMenu_HostFile": "ฟาร์ม {1}",
        "CoopMenu_RevisitFriendFarm": "เข้าร่วมฟาร์ม {0} อีกครั้ง",
        "CoopMenu_JoinFriendFarm": "เข้าร่วมฟาร์ม {0}",
        "CoopMenu_Refresh": "โหลดใหม่",
        "OptionsPage_MultiplayerSection": "ผู้เล่นหลายคน",
        "OptionsPage_IPConnections": "ตอบรับการเชื่อมต่อ IP",
        "OptionsPage_FarmhandCreation": "ให้สร้างตัวละครใหม่ได้",
        "OptionsPage_ShowInviteCode": "แสดงรหัสเชิญ",
        "OptionsPage_ShowReadyStatus": "แสดงรายการสถานะ ของผู้เล่นในคืนที่ผ่านมา",
        "OptionsPage_ScreenshotHeader": "จับภาพหน้าจอ",
        "Client_RemotelyDisconnected": "เซิร์ฟเวอร์ได้ปิดการเชื่อมต่อ",
        "Carpenter_CantDemolish_FarmhandOnline": "ไม่สมารถรื้อถอนขณะที่ คนงานในบ้านนี้ยังออนไลน์",
        "Carpenter_DemolishCabinConfirm": "นี่จะเป็นการเอา {0} ออกจากเกมอย่างถาวร คุณแน่ใจหรือไม่ว่าอยากรื้อถอนบ้านนี้?",
        "Client_WaitForHostAvailability": "กำลังรอให้อีเว้นท์ของโฮสจบ...",
        "Client_WaitForHostLoad": "กำลังรอให้โฮสตั้งค่าเสร็จ...",
        "Chat_UnknownUserName": "???",
        "Chat_PlayerName": "{0} ({1})",
        "Chat_ChatMessageFormat": "{0}: {1}",
        "Chat_ErrorMessageFormat": "[Error] {0}",
        "Chat_PrivateMessageFormat": "{0} [Private]: {1}",
        "Chat_NoPlayerWithThatName": "ไม่มีผู้เล่นออนไลน์ คนไหนมีชื่อนั้น",
        "Chat_NoPlayerToReplyTo": "ไม่มีผู้เล่นให้ตอบ",
        "Chat_CouldNotReply": "ส่งคำตอบไม่ได้",
        "Chat_UnbannedPlayer": "เลิกแบน {0}",
        "Chat_UnbannedAllPlayers": "ยกเลิกการแบนผู้เล่น ที่ถูกแบนไว้ทั้งหมดแล้ว",
        "Chat_BannedPlayer": "แบน {0}",
        "Chat_BannedPlayerFailed": "การแบนผู้เล่นล้มเหลว",
        "Chat_BannedPlayersList": "ผู้เล่นที่แบนไว้:",
        "Chat_BannedPlayersList_None": "ไม่มีผู้เล่นที่ถูกแบน",
        "Chat_UnbanPlayer_NotFound": "ไม่สามารถหาผู้เล่นที่ถูกแบนที่มีชื่อ หรือไอดีดังกล่าว",
        "Chat_UserNotificationMessageFormat": "> {0}",
        "Chat_PlayerJoined": "{0} ได้เข้าร่วมแล้ว",
        "Chat_PlayerJoinedNewName": "คนงานไร้ชื่อ",
        "Chat_PlayerDeath": "{0} ถูกทำให้หมดสติ",
        "Chat_CaughtLegendaryFish": "{0}  จับปลา '{1}' ในตำนานได้",
        "Chat_TrashCan": "{1} จับ {0} ขณะกำลังคุ้ยขยะได้...",
        "Chat_LinusTrashCan": "ลีนัสเป็นปลื้ม!",
        "Chat_Bundle": "บันเดิ้ลครบแล้ว!",
        "Chat_Stardrop": "{0} ได้ค้นพบสตาร์ดรอป",
        "Chat_HorseNamed": "{0} ตั้งชื่อม้าว่า {1}.",
        "Chat_PrairieKing": "{0} เอาชนะ ราชาแห่งทุ่งหญ้าผจญภัย ได้แล้ว",
        "Chat_JunimoKart": "{0} เอาชนะ จูนิโม่ คาร์ต ได้แล้ว",
        "Chat_Dating": "{0} กำลังเดตกับ {1}",
        "Chat_BreakUp": "{0} เลิกกับ {1} แล้ว",
        "Chat_Engaged": "{0} ได้หมั้นกับ {1}.",
        "Chat_MuseumComplete": "ฟาร์ม {0} รวบรวมของสะสมในพิพิธภัณฑ์ครบแล้ว",
        "Chat_Museum40": "ฟาร์ม {0} ได้บริจาคให้พิพิธภัณฑ์ 40 ชิ้น",
        "Chat_donation": "{0} ได้บริจาค '{1}' ให้กับพิพิธภัณฑ์",
        "Chat_Walked10k": "{0} ได้เดินมาทั้งหมด 10,000 ก้าว",
        "Chat_Walked100k": "{0} ได้เดินมาทั้งหมด 100,000 ก้าว",
        "Chat_Walked1m": "{0} ได้เดินมาทั้งหมด 1,000,000 ก้าว",
        "Chat_Walked10m": "{0} ได้เดินมาทั้งหมด 10,000,000 ก้าว",
        "Chat_Divorce": "{0} ได้ยื่นเรื่องขอหย่า",
        "Chat_BackpackLarge": "{0} ได้ซื้อเป้ใบใหญ่",
        "Chat_BackpackDeluxe": "{0} ได้ซื้อเป้รุ่นดีลักซ์",
        "Chat_Makeover": "{0} ได้รับการเสกโฉมใหม่",
        "Chat_Makeover_Pet": "{0} กับ {1} ได้รับการเสกโฉมใหม่",
        "Chat_DivorceCancel": "{0} ได้ยกเลิกการขอหย่า",
        "Chat_GoneToBedEarly0": "{0} ขอตัวสำหรับคืนนี้ก่อน",
        "Chat_GoneToBedEarly1": "{0} จะนอนเร็วคืนนี้",
        "Chat_GoneToBedEarly2": "{0} เข้านอนเร็วคืนนี้",
        "Chat_GoneToBed0": "{0} เข้านอนแล้ว",
        "Chat_GoneToBed1": "{0} จมกองผ้าห่มไปแล้ว",
        "Chat_GoneToBed2": "{0} สลบเหมือดไปแล้ว",
        "Chat_GoneToBedLate0": "{0} มาถึงเตียงทันเวลา!",
        "Chat_GoneToBedLate1": "{0} มาถึงเตียงครบสามสิบสอง!",
        "Chat_GoneToBedLate2": "โล่งไป! {0} มาถึงเตียงทันเวลา!",
        "Chat_PassedOut0": "{0} เป็นลมไปแล้ว!",
        "Chat_PassedOut1": "{0} มาไม่ทันเข้านอน...",
        "Chat_PassedOut2": "{0} อยู่ดึกเกินไป...",
        "Chat_Baby": "{0} และ {1} ต้อนรับ {2} เข้าสู่ครอบครัว! พวกเขาตั้งชื่อ {3} {4}",
        "Chat_EvilShrine": "{0} ไปเยี่ยมชมสุสานปีศาจมา...",
        "Chat_MonstersActivated": "{0} ได้ปลดผนึกคาถาป้องกันฟาร์มออกแล้ว ระวังตัวให้ดี!",
        "Chat_MonstersDeActivated": "{0} ได้ร่ายคาถาป้องกันฟาร์มคืนแล้ว",
        "Chat_SleepAnnounceModeSet": "โหมดเตือนเวลาเข้านอนตอนนี้: {0}.",
        "SleepAnnounceMode_All": "ทั้งหมด",
        "SleepAnnounceMode_First": "คืนแรก",
        "SleepAnnounceMode_Off": "ปิด",
        "Chat_LostBook": "{0} ค้นพบตำราที่สูญหาย (Lost Book)!",
        "Chat_MovieInviteAccept": "{0} ได้ชวน {1} ไปดูหนัง!",
        "Chat_MovieInviteReject": "{1} ได้ปฏิเสธคำชวนไปดูหนังของ {0}...",
        "Chat_MovieStart": "โปรแกรมหน้าเรื่อง '{0}' กำลังจะเริ่มฉายแล้ว!",
        "Chat_MovieEnd": "การฉาย '{0}' จบลงแล้ว",
        "Chat_Earned15k": "ฟาร์ม {0} ทำเงินไปแล้ว 15,000g",
        "Chat_Earned50k": "ฟาร์ม {0} ทำเงินไปแล้ว 50,000g",
        "Chat_Earned250k": "ฟาร์ม {0} ทำเงินไปแล้ว 250,000g",
        "Chat_Earned1m": "ฟาร์ม {0} ทำเงินไปแล้ว 1,000,000g",
        "Chat_Earned10m": "ฟาร์ม {0} ทำเงินไปแล้ว 10,000,000g",
        "Chat_Earned100m": "ฟาร์ม {0} ทำเงินไปแล้ว 100,000,000g",
        "Chat_GalaxySword": "{0} ค้นพบดาบกาเล็คซี่ (Galaxy Sword)!",
        "Chat_Achievement": "{0} ได้รับความสำเร็จ '{1}'",
        "Chat_Jackpot": "{0} ได้แจ็คพ็อตในกงล้อคาลิโก้",
        "Chat_Slingshot_Hit": "{0} ปา {1} ด้วย {2}!",
        "Chat_Caught_Snooping": "{0} ถูกจับได้ว่ากำลังรื้อค้นของส่วนตัวของ {1}!",
        "Chat_PlayerLeft": "{0} ออกไปแล้ว",
        "Chat_Qi1": "Mr. Qi: ไง เจ้าหนู ใช่สิ ฉันอยู่นี่ นายคิดไว้ว่าอะไรล่ะ?",
        "Chat_Qi2": "Mr. Qi: เฮ้... จงทำดีต่อไป อย่าหยุดทะเยอทะยาน เพื่อความสำเร็จล่ะ!      ฉันจะเจอนายเร็วๆ นี้ เด็กน้อย...",
        "Chat_Qi3": "Mr. Qi ไม่อยู่",
        "Chat_ConcernedApe": "ConcernedApe: สวัสดี ฉันหวังว่าคุณกำลังสนุกสนาน กับชีวิตใหม่ที่นี่นะ ดูแลตัวเองดีๆ ล่ะ! [126]",
        "Chat_ConcernedApe2": "ConcernedApe กำลังปั่นงาน...",
        "Chat_ConcernedApeNiceTry": "ConcernedApe: มีความพยายาม แต่ก็ยังอ่อนหัด...",
        "Chat_Credits1": "       [87] Stardew Valley [87]",
        "Chat_Credits2": "[147]สร้างโดย Eric Barone (อีกชื่อคือ ConcernedApe)",
        "Chat_Credits3": "[147]โปรแกรมเครือข่าย โดย Tom Coxon",
        "Chat_Credits4": "[147]พอร์ตลง Mac, Linux, and console โดย Sickhead Games",
        "Chat_Credits5": "[147]Localized by Playism & LocalizeDirect",
        "Chat_Credits6": "[147]เผยแพร่ โดย Chucklefish",
        "Chat_UserList": "ผู้เล่นที่อยู่ตอนนี้:",
        "Chat_UserListUser": " - {0}",
        "Chat_Help": "คำสั่งที่รองรับ:",
        "Chat_HelpList": " - {0}: ไล่รายชื่อผู้เล่นที่ออนไล์อยู่",
        "Chat_HelpClear": " - {0}: ล้างประวัติการสนทนา",
        "Chat_HelpCredits": " - {0}: แสดงเครดิต",
        "Chat_HelpColor": " - {0} [color]: ตั้งค่าสีเริ่มต้นของคุณ",
        "Chat_HelpColorList": " - {0}: แสดงสีที่เลือกได้",
        "Chat_HelpPause": " - {0}: หยุดเกมชั่วคราวสำหรับผู้เล่นทุกคน",
        "Chat_HelpResume": " - {0}: เล่นเกมต่อจากที่หยุดไว้",
        "Chat_HelpMessage": " - {0} [farmer name]: ส่งข้อความส่วนตัว ให้ผู้เล่นคนหนึ่ง",
        "Chat_HelpReply": " - {0}: ตอบข้อความส่วนตัว",
        "Chat_HelpKick": " - {0} [farmer name/user id]: ตัดการเชื่อมต่อของผู้เล่น",
        "Chat_HelpBan": " - {0} [farmer name/user id]: แบนผู้เล่นจากฟาร์มนี้",
        "Chat_HelpUnban": " - {0} [farmer name/user id]: เลิกแบนผู้เล่นจากฟาร์มนี้",
        "Chat_HostOnlyCommand": "โฮสเท่านั้นที่สามารถใช้คำสั่งนี้ได้",
        "Chat_Paused": "โฮสได้หยุดเกมไว้ชั่วคราว",
        "Chat_Resumed": "โฮสเล่นเกมต่อแล้ว",
        "Chat_ColorListExplanation": "ใช้ [color-name] ในบทสนทนา",
        "Chat_SelfPlayerID": "ตัวคุณ",
        "SocialPage_MarriedToOtherPlayer_FemaleNPC": "(แต่งงานแล้ว)",
        "SocialPage_MarriedToOtherPlayer_MaleNPC": "(แต่งงานแล้ว)",
        "ReadyCheck": "กำลังรอผู้เล่นคนอื่นๆ... ({0}/{1})",
        "PendingProposal": "กำลังรอผู้เล่นอีกคน...",
        "GiftPlayerItem_Male": "เสนอ {0} ของคุณให้ {1}?",
        "GiftPlayerItem_Female": "เสนอ {0} ของคุณให้ {1}?",
        "GiftPlayerItem_NoInventorySpace_Male": "{0} ไม่มีที่ว่างสำหรับไอเท็มนี้",
        "GiftPlayerItem_NoInventorySpace_Female": "{0} ไม่มีที่ว่างสำหรับไอเท็มนี้",
        "Proposal_PlayerBusy_Male": "{0} รับคำขอของคุณตอนนี้ไม่ได้ อีกสักครู่ลองใหม่นะ",
        "Proposal_PlayerBusy_Female": "{0} รับคำขอของคุณตอนนี้ไม่ได้ อีกสักครู่ลองใหม่นะ",
        "AskedToDance_Male": "{0} ได้ขอให้คุณเต้นรำกับเขา คุณจะเต้นรำกับ {0} มั้ย?",
        "AskedToDance_Female": "{0} ได้ขอให้คุณเต้นรำกับเธอ คุณจะเต้นรำกับ {0} มั้ย?",
        "AskedToMarry_Male": "{0} ได้ขอให้คุณแต่งงานกับเขา! คุณจะตอบรับคำขอแต่งงาน ของเขามั้ย?",
        "AskedToMarry_Female": "{0} ได้ขอให้คุณแต่งงานกับเธอ! คุณจะตอบรับคำขอแต่งงาน ของเธอมั้ย?",
        "AskedToHaveBaby_Male": "{0} ได้ขอให้คุณมีลูกกับเขา! คุณอยากมีลูกหรือไม่?",
        "AskedToHaveBaby_Female": "{0} ได้ขอให้คุณมีลูกกับเธอ! คุณอยากมีลูกหรือไม่?",
        "AskedToAdoptBaby_Male": "{0} ได้ขอให้คุณรับเลี้ยงลูกบุญธรรมกับเขา! คุณอยากมีลูกหรือไม่?",
        "AskedToAdoptBaby_Female": "{0} ได้ขอให้คุณรับเลี้ยงลูกบุญธรรมกับเธอ! คุณอยากมีลูกหรือไม่?",
        "AskedToDance_Accepted_Male": "{0} ตอบตกลงที่จะเต้นรำกับคุณ!",
        "AskedToDance_Accepted_Female": "{0} ตอบตกลงที่จะเต้นรำกับคุณ!",
        "AskedToMarry_Accepted_Male": "{0} ตอบตกลงที่จะแต่งงานกับคุณ! ^พิธีแต่งงานจะจัดขึ้นใน 3 วัน",
        "AskedToMarry_Accepted_Female": "{0} ตอบตกลงที่จะแต่งงานกับคุณ! ^พิธีแต่งงานจะจัดขึ้นใน 3 วัน",
        "AskedToHaveBaby_Accepted_Male": "{0} ตกลงที่จะมีลูกกับคุณ! กำหนดคลอดคืออีก 14 วัน",
        "AskedToHaveBaby_Accepted_Female": "{0} ตกลงที่จะมีลูกกับคุณ! กำหนดคลอดคืออีก 14 วัน",
        "AskedToHaveBaby_Rejected_Male": "{0} ได้ตัดสินใจว่าเขายังไม่พร้อมจะมีลูกในเวลานี้",
        "AskedToHaveBaby_Rejected_Female": "{0} ได้ตัดสินใจว่าเธอยังไม่พร้อมจะมีลูกในเวลานี้",
        "AskedToAdoptBaby_Accepted_Male": "{0} ได้ตกลงที่จะรับเลี้ยง ลูกบุญธรรมกับคุณ! เอกสารทั้งหมด กรอกเรียบร้อยแล้ว ลูกจะมาถึงในอีก 14 วัน",
        "AskedToAdoptBaby_Accepted_Female": "{0} ได้ตกลงที่จะรับเลี้ยง ลูกบุญธรรมกับคุณ! เอกสารทั้งหมด กรอกเรียบร้อยแล้ว ลูกจะมาถึงในอีก 14 วัน",
        "AskedToAdoptBaby_Rejected_Male": "{0} ได้ตัดสินใจว่าเขายังไม่ รับเลี้ยงลูกบุญธรรม ในตอนนี้จะดีกว่า",
        "AskedToAdoptBaby_Rejected_Female": "{0} ได้ตัดสินใจว่าเธอยัง ไม่รับเลี้ยงลูกบุญธรรม ในตอนนี้จะดีกว่า",
        "AskedToMarry_NotSingle_Male": "{0} ไม่โสด!",
        "AskedToMarry_NotSingle_Female": "{0} ไม่โสด!",
        "AskedToDance_Rejected_Male": "{0} ปฏิเสธคำขอเต้นรำของคุณ",
        "AskedToDance_Rejected_Female": "{0} ปฏิเสธคำขอเต้นรำของคุณ",
        "AskedToMarry_Rejected_Male": "{0} ปฏิเสธคำขอแต่งงานของคุณ",
        "AskedToMarry_Rejected_Female": "{0} ปฏิเสธคำขอแต่งงานของคุณ",
        "GivenGift_Male": "{0} อยากให้ {1} ของเขากับคุณ คุณจะรับไว้มั้ย?",
        "GivenGift_Female": "{0} อยากให้ {1} ของเธอกับคุณ คุณจะรับไว้มั้ย?",
        "AskToDance_Male": "ขอให้ {0} เต้นรำกับคุณ?",
        "AskToDance_Female": "ขอให้ {0} เต้นรำกับคุณ?",
        "AskToMarry_Male": "ขอให้ {0} แต่งงานกับคุณ?",
        "AskToMarry_Female": "ขอให้ {0} แต่งงานกับคุณ?",
        "PlayerWeddingArranged": "พิธีแต่งงานจะจัดขึ้นใน 3 วัน",
        "Server_InviteCode": "รหัสเชิญ: {0}",
        "Server_InviteCode_Copied": "คัดลอกไปยังคลิปบอร์ดแล้ว",
        "Server_InviteCode_CopyFailed": "คัดลอกไปยังคลิปบอร์ดไม่ได้",
        "ProposalWithdrawn": "{0} ยกเลิกคำขอ",
        "PendingProposal_Canceling": "กำลังยกเลิกคำขอ...",
        "TrashCanSale": "ขอคืน",
        "ItemList_ItemsLost": "ไอเท็มที่สูญหาย:",
        "ItemList_ItemsLostValue": "มูลค่าทั้งหมดe: {0}g",
        "Collections_Letters": "จดหมายต่างๆ",
        "FruitTree_Warning": "ต้น {0} ของคุณไม่สามารถ โตได้เมื่อคืนนี้",
        "Workbench_Chest_Warning": "หนึ่งในกล่องใกล้ๆ โต๊ะทำงานถูกใช้งานอยู่",
        "Profile_GiftLog": "บันทึกของขวัญ",
        "Profile_GiftLog_NoGiftsGiven": "คุณไม่เคยให้ ของขวัญประเภทนี้",
        "Profile_Status": "สถานะ",
        "Profile_Birthday": "วันเกิด",
        "Profile_Gift_Loved": "ของโปรด",
        "Profile_Gift_Liked": "ของที่ชอบ",
        "Profile_Gift_Neutral": "ของที่เฉยๆ",
        "Profile_Gift_Disliked": "ของที่ไม่ชอบ",
        "Profile_Gift_Hated": "ของที่เกลียด",
        "Profile_Gift_Category_LikedGifts": "ของโปรดของ {0}",
        "Profile_Gift_Category_FruitsAndVegetables": "ผักและผลไม้",
        "Profile_Gift_Category_AnimalProduce": "ผลิตภัณฑ์จากสัตว์",
        "Profile_Gift_Category_ArtisanItems": "ของแปรรูป",
        "Profile_Gift_Category_CookedItems": "อาหารที่ปรุง",
        "Profile_Gift_Category_ForagedItems": "ดอกไม้และของป่า",
        "Profile_Gift_Category_Fish": "ปลา",
        "Profile_Gift_Category_Ingredients": "ส่วนประกอบ",
        "Profile_Gift_Category_MineralsAndGems": "โลหะ แร่ และอัญมณี",
        "Profile_Gift_Category_Misc": "อื่นๆ",
        "Mini_JukeBox_Off": "ปิด",
        "Mini_JukeBox_NotFarmPlay": "ตู้เพลงจิ๋วเล่นได้ใน ฟาร์มของคุณเท่านั้น!",
        "Mini_JukeBox_OutdoorRainy": "ตู้เพลงจิ๋วเล่นท่ามกลาง สายฝนไม่ได้!",
        "Tailor_MissingIngredients": "วางเสื้อผ้า หรือผ้าที่ย้อมได้บนฐาน และใส่วัตถุดิบในกระสวย เพื่อเริ่มตัดเย็บ",
        "Tailor_Busy": "กำลังตัดเย็บ...",
        "Tailor_Valid": "กดปุ่มเปิดเครื่องเพื่อเริ่มตัดเย็บ!",
        "Tailor_InvalidRecipe": "วัตถุดิบตอนนี้ไม่ สามารถใช้ตัดเย็บได้!",
        "Tailor_NotDyeable": "เสื้อผ้าที่วางไว้บนฐาน ไม่สามารถย้อมได้!",
        "Tailor_MakeResult": "คุณจะทำ:",
        "Tailor_MakeResultUnknown": "???",
        "Tailor_Feed": "ฐาน",
        "Tailor_Spool": "กระสวย",
        "Clothes_Dyeable": "ย้อมได้",
        "DyePot_Help": "ใส่ไอเท็มของแต่ละสี ในถังสีย้อมเพื่อย้อมเสื้อผ้าที่ ย้อมได้ชิ้นใดก็ได้ที่คุณใส่อยู่",
        "DyePot_CanDye": "กดปุ่ม ย้อม เพื่อย้อมสีเสื้อผ้าของคุณ!",
        "DyePot_WillDye": "จะย้อม:",
        "DyePot_NoDyeable": "คุณไม่ได้ใส่เสื้อผ้าที่ย้อมได้",
        "Input_EmoteButton": "เมนูแสดงอารมณ์",
        "Emote_Happy": "มีความสุข",
        "Emote_Sad": "เศร้า",
        "Emote_Heart": "หัวใจ",
        "Emote_Exclamation": "อุทาน",
        "Emote_Note": "สังเกตเห็น",
        "Emote_Sleep": "นอนหลับ",
        "Emote_Game": "เกม",
        "Emote_Question": "คำถาม",
        "Emote_X": "X",
        "Emote_Pause": "หยุดชั่วคราว",
        "Emote_Blush": "หน้าแดง",
        "Emote_Angry": "โมโห",
        "Emote_Yes": "ใช่",
        "Emote_No": "ไม่",
        "Emote_Sick": "ป่วย",
        "Emote_Laugh": "หัวเราะ",
        "Emote_Surprised": "ประหลาดใจ",
        "Emote_Hi": "หวัดดี!",
        "Emote_Taunt": "ยั่วโมโห",
        "Emote_Uh": "อือ",
        "Emote_Music": "ดนตรี",
        "Emote_Jar": "สั่น",
        "Chat_SeparatedWallets": "{0} ได้แยกกระเป๋ากันแล้ว ทุกคนได้คนละ {1}g",
        "Chat_MergedWallets": "{0} ได้รวมเงินของทุกคนไว้แล้ว",
        "Chat_SentMoney": "{0} ส่งเงิน {2}g ให้ {1} ",
        "Chat_MergeWallets": "{0} เสนอให้ทุกคนรวมเงินกัน",
        "Chat_MergeWalletsCancel": "{0} ได้ยกเลิกการ รวมเงินของทุกคน ไว้ด้วยกัน",
        "Chat_SeparateWallets": "{0} เสนอให้ทุกคน แยกเงินกระเป๋าใครกระเป๋ามัน",
        "Chat_SeparateWalletsCancel": "{0} ได้ยกเลิกการแยกเงินกัน",
        "Chat_Gifted1mil": "{0} ได้ให้เงินคนอื่นไปแล้วรวม 1,000,000g ป๋ามาก!",
        "Chat_Gifted100k": "{0}  ได้ให้เงินคนอื่นไปแล้วรวม 100,000g ไม่ธรรมดา!",
        "Chat_Gifted10k": "{0}  ได้ให้เงินคนอื่นไปแล้วรวม 10,000g",
        "Chat_Gifted1k": "{0}  ได้ให้เงินคุณไปแล้วรวม 1,000g ",
        "Chat_Sent1g": "{0} ให้เงิน {1} 1g... แบ่งใช้บ้างก็ดีนะ!",
        "Chat_SoloEarned1mil_Male": "{0} ทำเงิน 1,000,000g ด้วยตัวเขาเอง",
        "Chat_SoloEarned100k_Male": "{0} ทำเงิน 100,000g ด้วยตัวเขาเอง",
        "Chat_SoloEarned10k_Male": "{0} ทำเงิน 10,000g ด้วยตัวเขาเอง",
        "Chat_SoloEarned1k_Male": "{0} ทำเงิน 1,000g ด้วยตัวเขาเอง",
        "Chat_SoloEarned1mil_Female": "{0} ทำเงิน 1,000,000g ด้วยตัวเธอเอง",
        "Chat_SoloEarned100k_Female": "{0} ทำเงิน 100,000g ด้วยตัวเธอเอง",
        "Chat_SoloEarned10k_Female": "{0} ทำเงิน 10,000g ด้วยตัวเธอเอง",
        "Chat_SoloEarned1k_Female": "{0} ทำเงิน 1,000g ด้วยตัวเธอเอง",
        "Chat_BundleDonate": "{0} บริจาค '{1}' เข้าบันเดิ้ล",
        "Chat_MonsterSlayer0": "{0} เพิ่งบรรลุเป้าหมาย กำจัดมอนสเตอร์ให้ สิ้นซากด้วยการสังหาร {1}",
        "Chat_MonsterSlayer1": "{0} เพิ่งสังหาร {1} และมาร์ลอนพึงพอใจมาก",
        "Chat_MonsterSlayer2": "{0} ทำให้หุบเขายังปลอดภัย ด้วยการสังหาร {1}",
        "Chat_MonsterSlayer3": "{0} ลดจำนวนประชากรของ {1} ในท้องถิ่น และทุกคนรู้สึกปลอดภัย ขึ้นมานิดนึง!",
        "Chat_IridiumToolUpgrade": "{0} ได้รับ {1}.",
        "Chat_LuauSoup": "{0} ใส่ '{1}' ลงไปในหม้อซุป",
        "Chat_JunimoKartHighScore": "{0} เพิ่งได้ 'คะแนนสูงสุด' ใหม่ในจูนิโม่คาร์ต!",
        "Junimo_Kart_Level_0": "ถ้ำถล่ม",
        "Junimo_Kart_Level_1": "ลาดลื่น",
        "Junimo_Kart_Level_4": "พลิกชี้ฟ้า",
        "Junimo_Kart_Level_2": "เจ้าอสูรแห่งทะเลอัญมณี",
        "Junimo_Kart_Level_3": "สำเภาสยอง",
        "Junimo_Kart_Level_5": "กระทืบกระจาย",
        "Junimo_Kart_Level_6": "ลู่ลับฟ้า",
        "Junimo_Kart_Level_8": "???",
        "Junimo_Kart_Level_9": "คูหาเห็ดหลอน",
        "NPC_Busy": "{0} กำลังยุ่งอยู่...",
        "PondQuery_Name": "บ่อ {0}",
        "PondQuery_EmptyPond": "บ่อว่างเปล่า",
        "PondQuery_ConfirmEmpty": "คุณแน่ใจเหรอ ที่จะเอาปลาทั้งหมดออก และทำบ่อให้กลับเป็นสภาพเริ่มต้น?",
        "PondQuery_ChangeNetting": "เปลี่ยนรูปลักษณ์",
        "PondQuery_Population": "ประชากร: {0}/{1}",
        "PondQuery_StatusNoFish": "บ่อนี้มันว่างเปล่า...",
        "PondQuery_StatusOk0": "\"พวกเรามีความสุขดี!\"",
        "PondQuery_StatusOk1": "\"ไม่มีอะไรให้บ่นเลย!\"",
        "PondQuery_StatusOk2": "\"ทุกอย่างโอเค!\"",
        "PondQuery_StatusOk3": "\"พวกเรารู้สึกดีทีเดียว!\"",
        "PondQuery_StatusOk4": "\"พวกเรารู้สึกฟิตปั๋ง!\"",
        "PondQuery_StatusOk5": "พวกปลาดูมีความสุข",
        "PondQuery_StatusOk6": "พวกปลาดูเติบโตดี",
        "PondQuery_StatusOk_Coral": "{0} ดูไปได้ดี",
        "PondQuery_StatusRequest_Bring": "ต้องการไอเทม",
        "PondQuery_StatusRequestPending0": "\"รู้ไหม {1} {0} คงทำให้แถวนี้มีชีวิตชีวาขึ้น!\"",
        "PondQuery_StatusRequestPending1": "\"ถ้าไม่เป็นการขอมากไป... ช่วยเอา {1} {0} มาให้พวกเราหน่อยได้มั้ย?\"",
        "PondQuery_StatusRequestPending2": "\"พวกเราคงสบายใจขึ้นถ้ามี {1} {0} ในนี้\"",
        "PondQuery_StatusRequestPending3": "\"ได้โปรด... ช่วยเอา {1} {0} ให้พวกเราได้มั้ย??\"",
        "PondQuery_StatusRequestPending4": "\"พวกเราสบายดี แต่คงดีขึ้นถ้ามี {1} {0}...\"",
        "PondQuery_StatusRequestPending5": "\"ขอโทษนะ... พวกเราอยากขอ {1} {0}\"",
        "PondQuery_StatusRequestPending6": "\"พวกเราคงรู้สึกเหมือนอยู่บ้านมากขึ้นถ้ามี {1} {0}...\"",
        "PondQuery_StatusRequestPending_Rude0_Male": "\"เฮ้ เจ้าทึ่ม คิดว่าเอา {1} {0} ให้พวกเราได้ป่าว?\"",
        "PondQuery_StatusRequestPending_Rude1_Male": "\"เฮ้ย... คนใช้! เอา {1} {0} ให้เราหน่อยสิ?\"",
        "PondQuery_StatusRequestPending_Rude2_Male": "\"นี่ๆ... สวัสดี เพื่อน... ช่วยส่ง {1} {0} ให้พวกเราหน่อยได้มั้ย?\"",
        "PondQuery_StatusRequestPending_Rude0_Female": "\"เฮ้ คนพเนจร คิดว่าหา {1} {0} ให้พวกเราหน่อยได้มั้ย?\"",
        "PondQuery_StatusRequestPending_Rude1_Female": "\"เฮ้ คนสวย... เธอมี {1} {0} ให้พวกพี่บ้างป่าว?\"",
        "PondQuery_StatusRequestPending_Rude2_Female": "\"นี่... แอบเอา {1} {0} มาให้แบบลับๆ ได้มะ?\"",
        "PondQuery_StatusRequestPending_Demanding0": "\"{2}! {2}! เราต้องการ {1} {0}...!\"",
        "PondQuery_StatusRequestPending_Demanding1": "\"เราอยากได้ {1} {0}! เราอยากได้ {1} {0}!\"",
        "PondQuery_StatusRequestPending_Demanding2": "\"{2} อยู่ไหน? พวกเราจะเอา {1} {0}!\"",
        "PondQuery_StatusRequestPending_Stiff0": "\"พวกเราต้องการ {1} {0}...\"",
        "PondQuery_StatusRequestPending_Stiff1": "\"{1} {0} จะทำให้เราสามารถสร้างประชากรเพิ่มได้\"",
        "PondQuery_StatusRequestPending_Stiff2": "\"พวกเราตัดสินใจแล้วว่าต้องการ {1} {0}\"",
        "PondQuery_StatusRequestPending_Carnivore0": "\"เราหิว... ขอ {1} {0} หน่อยได้ป่าว?\"",
        "PondQuery_StatusRequestPending_Carnivore1": "\"ช่วยหา {1} {0} เป็นอาหารมื้อเย็น ให้พวกเราหน่อยได้มั้ย?\"",
        "PondQuery_StatusRequestPending_Carnivore2": "\"พวกเราต้องการโปรตีน... {1} {0} น่าจะได้นะ!\"",
        "PondQuery_StatusRequestComplete_Rude0": "\"เห เฮ่ เฮ้! พวกเราต้องเจรจากันหน่อยแล้ว\"",
        "PondQuery_StatusRequestComplete_Rude1": "\"อ้า... ของดีเลยนี่ ใจนะไอ้หนู\"",
        "PondQuery_StatusRequestComplete_Rude2": "\"ขอบคุณครับเจ้านาย!\"",
        "PondQuery_StatusRequestComplete_Stiff0": "\"อา... {0} ที่พวกเราขอไป\"",
        "PondQuery_StatusRequestComplete_Stiff1": "\"{0} นี่เป็นที่น่าพอใจสำหรับ ความต้องการของเรา\"",
        "PondQuery_StatusRequestComplete_Stiff2": "ปลาดูพอใจกับ {0}",
        "PondQuery_StatusRequestComplete_Demanding0": "\"ขอบคุณ! ขอบคุณ!\"",
        "PondQuery_StatusRequestComplete_Demanding1": "\"{0}! {0}! {0}! เรามีความสุขจัง!\"",
        "PondQuery_StatusRequestComplete_Demanding2": "พวกปลามันว่ายวนเป็นวงกลมอยู่",
        "PondQuery_StatusRequestComplete_Carnivore0": "\"ดูเหมือน {0} จะอยู่บนรายการอาหารคืนนี้นะ!\"",
        "PondQuery_StatusRequestComplete_Carnivore1": "\"{0} สดๆ! ลาภปากละ...\"",
        "PondQuery_StatusRequestComplete_Carnivore2": "\"{0} นี่ดูน่าอร่อยจัง ขอบใจนะ!\"",
        "PondQuery_StatusRequestComplete0": "\"โอ้โห ขอบคุณสำหรับ {0} นะ!\"",
        "PondQuery_StatusRequestComplete1": "\"เฮ้ ดูสินี่มัน {0} อย่างที่พวกเราต้องการเลย!\"",
        "PondQuery_StatusRequestComplete2": "\"เฮ้! {0} นี่ดูดีทีเดียวละ!\"",
        "PondQuery_StatusRequestComplete3": "\"ขอบคุณนะ! {0} นี่จะทำให้พวกเราแข็งแรง\"",
        "PondQuery_StatusRequestComplete4": "\"อา {0}... นี่ทำให้พวกเรารู้สึกเหมือนอยู่ที่บ้านจริงๆ\"",
        "PondQuery_StatusRequestComplete5": "\"ทุกคนดูนี่สิ... {0} สดๆล่ะ!\"",
        "PondQuery_StatusRequestComplete6": "เจ้าปลาดูมีความสุข",
        "PondQuery_StatusRequestOneCount": "บางส่วน",
        "AlreadyDatingBouquet": "คุณเดตกับ {0} อยู่แล้ว",
        "MovieStartRequest": "หนังกำลังจะเริ่มฉายแล้ว!",
        "MiniFridge_NoKitchen": "ตู้เย็นจิ๋ววางได้ในบ้านที่มีครัวเท่านั้น",
        "Kitchen_InUse": "ครัวถูกใช้อยู่ โปรดลองอีกครั้งในภายหลัง",
        "ItemGrab_FillStacks": "เพิ่มไปยังกองที่มีอยู่แล้ว",
        "OptionsPage_OpenFolder": "เปิดโฟลเดอร์ปลายทาง",
        "Calendar_Wedding": "งานแต่งงานของ {0} และ {1}",
        "Options_Vsync": "VSync",
        "VersionMismatch": "เวอร์ชันไม่เข้ากัน ({0})",
        "Options_GamepadMode": "โหมด Gamepad",
        "Options_GamepadMode_Auto": "ตรวจจับ-อัตโนมัติ",
        "Options_GamepadMode_ForceOn": "บังคับเปิด",
        "Options_GamepadMode_ForceOff": "บังคับปิด"
    }
}
