{
    "header": {
        "target": "w",
        "formatVersion": 5,
        "hidef": true,
        "compressed": 128
    },
    "readers": [
        {
            "type": "Microsoft.Xna.Framework.Content.DictionaryReader`2[[System.Int32, mscorlib, Version=4.0.0.0, Culture=neutral, PublicKeyToken=b77a5c561934e089],[System.String, mscorlib, Version=4.0.0.0, Culture=neutral, PublicKeyToken=b77a5c561934e089]]",
            "version": 0
        },
        {
            "type": "Microsoft.Xna.Framework.Content.Int32Reader",
            "version": 0
        },
        {
            "type": "Microsoft.Xna.Framework.Content.StringReader",
            "version": 0
        }
    ],
    "content": {
        "0": "House Plant/50/-300/Crafting -9/(ต้นไม้ประดับ) ใช้ตกแต่งบ้าน หรือไร่/true/true/0/House Plant",
        "1": "House Plant/50/-300/Crafting -9/(ต้นไม้ประดับ) ใช้ตกแต่งบ้าน หรือไร่/true/true/0/House Plant",
        "2": "House Plant/50/-300/Crafting -9/(ต้นไม้ประดับ) ใช้ตกแต่งบ้าน หรือไร่/true/true/0/House Plant",
        "3": "House Plant/50/-300/Crafting -9/(ต้นไม้ประดับ) ใช้ตกแต่งบ้าน หรือไร่/true/true/0/House Plant",
        "4": "House Plant/50/-300/Crafting -9/(ต้นไม้ประดับ) ใช้ตกแต่งบ้าน หรือไร่/true/true/0/House Plant",
        "5": "House Plant/50/-300/Crafting -9/(ต้นไม้ประดับ) ใช้ตกแต่งบ้าน หรือไร่/true/true/0/House Plant",
        "6": "House Plant/50/-300/Crafting -9/(ต้นไม้ประดับ) ใช้ตกแต่งบ้าน หรือไร่/true/true/0/House Plant",
        "7": "House Plant/50/-300/Crafting -9/(ต้นไม้ประดับ) ใช้ตกแต่งบ้าน หรือไร่/true/true/0/House Plant",
        "8": "Scarecrow/50/-300/Crafting -9/(หุ่นไล่กา) ป้องกันผืชผล ไม่ให้ถูกอีกากิน (มีผลระยะ 8 \"ช่อง\")/true/true/0/Scarecrow",
        "9": "Lightning Rod/50/-300/Crafting -9/(สายล่อฟ้า) สะสมพลังงาน จากพายุฝนฟ้าคะนอง และเปลี่ยนให้เป็นแบตเตอรี่/true/true/0/Lightning Rod",
        "10": "Bee House/50/-300/Crafting -9/(บ้านผึ้ง) วางไว้นอกบ้าน แล้วรอน้ำผึ้งแสนอร่อย! (ยกเว้นฤดูหนาว)/true/true/0/Bee House",
        "12": "Keg/50/-300/Crafting -9/(ถังหมัก) หมักผัก หรือผลไม้ ให้กลายเป็นเครื่องดื่ม/true/true/0/Keg",
        "13": "Furnace/50/-300/Crafting -9/(เตาหลอม) หลอมก้อนแร่ให้กลายเป็นแท่ง โดยใช้ถ่านหินเป็นเชื้อเพลิง/true/true/0/Furnace",
        "15": "Preserves Jar/50/-300/Crafting -9/(ถังถนอมอาหาร) แปรรูปผักสด ให้กลายเป็นผักดอง แปรรูปผลไม้ ให้กลายเป็นแยม/true/true/0/Preserves Jar",
        "16": "Cheese Press/50/-300/Crafting -9/(เครื่องทำเนยแข็ง) ทำเนยแข็งจากนม/true/true/0/Cheese Press",
        "17": "Loom/50/-300/Crafting -9/(กี่ทอผ้า) ทอผ้า โดยใช้ขนแกะ/true/true/0/Loom",
        "19": "Oil Maker/50/-300/Crafting -9/(เครื่องสกัดน้ำมัน) สกัดน้ำมัน จากข้าวโพด, ดอกทานตะวัน หรือเห็ดทรัฟเฟิล/true/true/0/Oil Maker",
        "20": "Recycling Machine/50/-300/Crafting -9/(เครื่องรีไซเคิล) เปลี่ยนขยะที่ได้จาก การตกปลา ให้เป็นทรัพยากรที่มีคุณค่า/true/true/0/Recycling Machine",
        "21": "Crystalarium/50/-300/Crafting -9/(เครื่องคัดลอกอัญมณี) ใส่อัญมณีที่ต้องการลงไป แล้วเครื่องจะคัดลอกอัญมณี ออกมาเอง/true/true/0/Crystalarium",
        "22": "Table Piece L/50/-300/Crafting -9/(โต๊ะฝั่งซ้าย) ฝั่งซ้าย ของโต๊ะขนาดใหญ่/true/true/0/Table Piece L",
        "23": "Table Piece R/50/-300/Crafting -9/(โต๊ะฝั่งขวา) ฝั่งขวา ของโต๊ะขนาดใหญ่/true/true/0/Table Piece R",
        "24": "Mayonnaise Machine/50/-300/Crafting -9/(เครื่องทำมายองเนส) แปรรูปไข่ ให้กลายเป็นมายองเนส/true/true/0/",
        "25": "Seed Maker/50/-300/Crafting -9/(เครื่องผลิตเมล็ดพันธุ์) ใส่พืชผล ที่ได้จากการเพาะปลูกลงไป เพื่อเปลี่ยนเป็นเมล็ดพันธ์ุ เครื่องนี้ไม่สามารถใช้งาน กับพืชผลที่ได้จากต้นไม้ หรือเก็บมาจากข้างทางได้/true/true/0/Seed Maker",
        "26": "Wood Chair/50/-300/Crafting -9/(เก้าอี้ไม้) เก้าอี้ที่สามารถ หันหน้าได้ 4 ทิศทาง/true/true/0/Wood Chair",
        "27": "Wood Chair/50/-300/Crafting -9/(เก้าอี้ไม้) เก้าอี้ที่สามารถ หันหน้าได้ 4 ทิศทาง/true/true/0/Wood Chair",
        "28": "Skeleton Model/50/-300/Crafting -9/(หุ่นโครงกระดูกจำลอง) หุ่นจำลองโครงกระดูก/true/true/0/Skeleton Model",
        "29": "Obelisk/50/-300/Crafting -9/(เสาโอเบลิสก์) ประตูมิติ ที่ดูเหมือนแผ่พลังงานปีศาจ ชั่วร้ายออกมา/false/true/0/Obelisk",
        "31": "Chicken Statue/50/-300/Crafting -9/(ไก่ไม้แกะสลัก) ไม้แกะสลัก ที่สร้างเป็นรูปไก่/true/true/0/Chicken Statue",
        "32": "Stone Cairn/50/-300/Crafting -9/(กองหิน) ชิ้นส่วนตกแต่งสำหรับฟาร์มของคุณ/true/true/0/Stone Cairn",
        "33": "Suit Of Armor/50/-300/Crafting -9/(ชุดเกราะอัศวิน) ชิ้นส่วนตกแต่งสำหรับฟาร์มของคุณ/true/true/0/Suit Of Armor",
        "34": "Sign Of The Vessel/50/-300/Crafting -9/(สัญลักษณ์แห่งร่างทรง) ชิ้นส่วนตกแต่งสำหรับฟาร์มของคุณ/true/true/0/Sign Of The Vessel",
        "35": "Basic Log/125/-300/Crafting -9/(ขอนไม้) ชิ้นส่วนตกแต่งสำหรับฟาร์มของคุณ/true/true/0/Basic Log",
        "36": "Lawn Flamingo/50/-300/Crafting -9/(ฟลามิงโก้ผ้า) ชิ้นส่วนตกแต่งสำหรับฟาร์มของคุณ/true/true/0/Lawn Flamingo",
        "37": "Wood Sign/5/-300/Crafting -9/(ป้ายไม้) วางไอเทมบนป้ายเพื่อแสดงรูปไอเทมนั้น บนป้ายแต่ไอเทมจะไม่ลดจำนวนลง/true/true/0/Wood Sign",
        "38": "Stone Sign/5/-300/Crafting -9/(ป้ายหิน) วางไอเทมบนป้ายเพื่อแสดงรูปไอเทมนั้น บนป้ายแต่ไอเทมจะไม่ลดจำนวนลง/true/true/0/Stone Sign",
        "40": "Big Green Cane/50/-300/Crafting -9/(ไม้เท้าสีเขียวอันใหญ่) ชิ้นส่วนตกแต่งสำหรับฟาร์มของคุณ/true/true/0/Big Green Cane",
        "41": "Green Canes/50/-300/Crafting -9/(ไม้เท้าสีเขียว) ชิ้นส่วนตกแต่งสำหรับฟาร์มของคุณ/true/true/0/Green Canes",
        "42": "Mixed Cane/50/-300/Crafting -9/(ไม้เท้าหลากสี) ชิ้นส่วนตกแต่งสำหรับฟาร์มของคุณ/true/true/0/Mixed Cane",
        "43": "Red Canes/50/-300/Crafting -9/(ไม้เท้าสีแดง) ชิ้นส่วนตกแต่งสำหรับฟาร์มของคุณ/true/true/0/Red Canes",
        "44": "Big Red Cane/50/-300/Crafting -9/(ไม้เท้าสีแดงอันใหญ่) ชิ้นส่วนตกแต่งสำหรับฟาร์มของคุณ/true/true/0/Big Red Cane",
        "45": "Ornamental Hay Bale/50/-300/Crafting -9/(ฟางประดับ) ชิ้นส่วนตกแต่งสำหรับฟาร์มของคุณ/true/true/0/Ornamental Hay Bale",
        "46": "Log Section/175/-300/Crafting -9/(ขอนไม้ที่ถูกผ่า) ชิ้นส่วนตกแต่งสำหรับฟาร์มของคุณ/true/true/0/Log Section",
        "47": "Grave Stone/50/-300/Crafting -9/(ป้ายหลุมศพ) ชิ้นส่วนตกแต่งสำหรับฟาร์มของคุณ/true/true/0/Grave Stone",
        "48": "Seasonal Decor/50/-300/Crafting -9/(ของตกแต่งตามฤดูกาล) การตกแต่งนี้เปลี่ยนไปตามฤดูกาล/true/true/0/Seasonal Decor",
        "52": "Stone Frog/50/-300/Crafting -9/(กบหิน) สวนศิลปะสำหรับฟาร์มของคุณ/true/true/0/Stone Frog",
        "53": "Stone Parrot/50/-300/Crafting -9/(นกแก้วหิน) สวนศิลปะสำหรับฟาร์มของคุณ/true/true/0/Stone Parrot",
        "54": "Stone Owl/50/-300/Crafting -9/(นกฮูกหิน) สวนศิลปะสำหรับฟาร์มของคุณ/true/true/0/Stone Owl",
        "55": "Stone Junimo/50/-300/Crafting -9/(จูนิโม่หิน) สวนศิลปะสำหรับฟาร์มของคุณ/true/true/0/Stone Junimo",
        "56": "Slime Ball/50/-300/Crafting -9/(ลูกบอลสไลม์) ลูกบอลที่เต็มไปด้วย เมือกของสไลม์/true/true/2/Slime Ball",
        "62": "Garden Pot/1000/-300/Crafting -9/(กระถางต้นไม้) ปลูกพืชผลทุกฤดูเมื่ออยู่ในร่ม นอกบ้านสามารถปลูกพืชตามฤดูกาลได้เท่านั้น/true/false/0/Garden Pot",
        "64": "Bookcase/50/-300/Crafting -9/(ชั้นหนังสือ) ชั้นสำหรับ เก็บหนังสือ/true/false/1/Bookcase",
        "65": "Fancy Table/50/-300/Crafting -9/(โต๊ะแฟนซี) โต๊ะกลม ที่ถูกผลิตมาอย่างดี/true/false/1/Fancy Table",
        "66": "Ancient Table/50/-300/Crafting -9/(โต๊ะโบราณ) โต๊ะที่ถูกปกคลุม ไปด้วยใยแมงมุมหนาเตอะ/true/false/1/Ancient Table",
        "67": "Ancient Stool/50/-300/Crafting -9/(ม้านั่งโบราณ) กลิ่นมันเหมือน ห้องของคุณยาย/true/false/1/Ancient Stool",
        "68": "Grandfather Clock/50/-300/Crafting -9/(นาฬิกาเจ้าคุณปู่) มันเก่ามาก... แล้วดูเหมือนลูกตุ้มนั่น จะถูกสนิมกินจนขยับไม่ได้แล้ว/true/false/1/Grandfather Clock",
        "69": "Teddy Timer/50/-300/Crafting -9/(นาฬิกาหมี) มันคือนาฬิกาเจ้าคุณปู่ ที่รูปร่างเป็นหมี/true/false/1/Teddy Timer",
        "70": "Dead Tree/0/-300/Crafting -9/(ต้นไม้ตาย) มันแข็งจนเป็นหิน มานานมากแล้ว ช่างน่าสงสารจริงๆ/true/false/1/Dead Tree",
        "71": "Staircase/0/-300/Crafting -9/(บันไดเหมือง) ใช้เดินทางลงไปใน ระดับชั้นล่างๆ ของเหมือง./true/false/1/Staircase",
        "72": "Tall Torch/0/-300/Crafting -9/(คบเพลิงทรงสูง) ก้านมันทำจากไม้ไผ่/true/false/1/Tall Torch",
        "73": "Ritual Mask/0/-300/Crafting -9/(หน้ากากพิธีกรรม) มันใหญ่ เกินกว่าที่จะสวมใส่/true/false/1/Ritual Mask",
        "74": "Bonfire/0/-300/Crafting -9/(กองไฟ) กองถ่านสีแดง ที่เรืองแสงอย่างนุ่มนวล/true/false/1/Bonfire",
        "75": "Bongo/0/-300/Crafting -9/(กลองบองโก) อุปกรณ์เข้าจังหวะ ที่มีเสียงอันไพเราะ/true/false/1/Bongo",
        "76": "Decorative Spears/0/-300/Crafting -9/(หอก) ไม่ใช่ของตบแต่ง ที่ปลอดภัยมากนัก/true/false/1/Decorative Spears",
        "78": "Boulder/0/-300/Crafting -9/(ก้อนหิน) หินที่มีความหนาแน่นสูง/true/false/1/Boulder",
        "79": "Door/0/-300/Crafting -9/(ประตู) กลไกที่ซ่อนอยู่ จะทำให้มันลงไปในพื้น/true/false/1/Door",
        "80": "Door/0/-300/Crafting -9/(ประตู) กลไกที่ซ่อนอยู่ จะทำให้มันลงไปในพื้น/true/false/1/Door",
        "81": "Locked Door/0/-300/Crafting -9/(ประตูถูกล็อค) กลไกที่ซ่อนอยู่ จะทำให้มันลงไปในพื้น/true/false/2/Locked Door",
        "82": "Locked Door/0/-300/Crafting -9/(ประตูถูกล็อค) กลไกที่ซ่อนอยู่ จะทำให้มันลงไปในพื้น/true/false/2/Locked Door",
        "83": "Wicked Statue/0/-300/Crafting -9/(รูปปั้นชั่วร้าย) รูปปั้นนี่.. แค่มองก็ทำให้ รู้สึกไม่ดีเท่าไหร่/true/false/0/Wicked Statue",
        "84": "Wicked Statue/0/-300/Crafting -9/(รูปปั้นชั่วร้าย) มันมีบางอย่างแปลกๆ เกี่ยวกับรูปปั้นนี้/true/false/2/Wicked Statue",
        "85": "Sloth Skeleton L/0/-300/Crafting -9/(โครงกระดูกสลอธ) สลอธตัวนี้ เคยอาศัยอยู่ในป่าทึบ ในสมัยดึกดำบรรพ์ กรามอันแข็งแกร่งของมัน สามารถฉีกกระชากได้แม้กระทั่ง ลำต้นของต้นไม้ที่แข็งที่สุด/true/false/0/Sloth Skeleton L",
        "86": "Sloth Skeleton M/0/-300/Crafting -9/(โครงกระดูกสลอธ) กระดูกของสลอธ สัตว์ที่เคยมีชีวิตอยู่ในช่วง ยุคก่อนประวัติศาสตร์/true/false/0/Sloth Skeleton M",
        "87": "Sloth Skeleton R/0/-300/Crafting -9/(โครงกระดูกสลอธ) ขาหลัง และหางของสลอธ สัตว์ที่เคยมีชีวิตอยู่ในช่วง ยุคก่อนประวัติศาสตร์/true/false/0/Sloth Skeleton R",
        "88": "Standing Geode/0/-300/Crafting -9/(แท่นวางแร่) ก้อนแร่ขนาดใหญ่ ที่วางอยู่บนแท่น มีผลึกสีม่วงแวววาวขนาดเล็ก นับร้อยประดับอยู่รอบๆ/true/false/0/Standing Geode",
        "89": "Obsidian Vase/0/-300/Crafting -9/(แจกันหินออบซิเดียน) แจกันสวยงาม ที่ทำขึ้นจากหินออบซิเดียน และทองคำ/true/false/0/Obsidian Vase",
        "90": "Crystal Chair/0/-300/Crafting -9/(เก้าอี้ผลึก) เก้าอี้ที่ถูกสร้างขึ้นมา จากผลึกด้วยความละเอียดอ่อน/true/false/0/Crystal Chair",
        "94": "Singing Stone/0/-300/Crafting -9/(ก้อนหินร้องเพลง) มันจะส่งเสียงดังสดใส ออกมาทุกครั้งที่เคาะ/true/false/0/Singing Stone",
        "95": "Stone Owl/0/-300/Crafting -9/(รูปปั้นนกฮูก) ไม่แน่ชัดว่า มันมาจากที่ไหน แต่มันดูดีมาก/true/false/0/Stone Owl",
        "96": "Strange Capsule/0/-300/Crafting -9/(หลอดทดลองประหลาด) มันมีก้อนแปลกๆ ผลุบๆ โผล่ๆ อยู่ใต้ของเหลวในหลอดนี้/true/false/0/Strange Capsule",
        "98": "Empty Capsule/0/-300/Crafting -9/(หลอดทดลองเปล่า) มันมีรอยแตก อยู่ตรงกระจก/true/false/0/Empty Capsule",
        "99": "Feed Hopper/0/-300/Crafting -9/(เครื่องดึงหญ้า) มันดึงหญ้ามาจาก ยุ้งฉางได้โดยตรง/true/false/0/Feed Hopper",
        "101": "Incubator/0/-300/Crafting -9/(เครื่องฟักไข่) ใช้ฟักไข่ไก่ หรือไข่เป็ด/true/false/2/Incubator",
        "104": "Heater/0/-300/Crafting -9/(เครื่องทำความร้อน) ช่วยให้สัตว์อบอุ่น และมีความสุข ท่ามกลางฤดูหนาว/true/false/0/Heater",
        "105": "Tapper/0/-300/Crafting -9/(เครื่องเจาะต้นไม้) ใช้เจาะติดกับต้นเมเปิ้ล, ต้นโอ๊ก หรือต้นสน โดยจะมีถังรองอยู่ด้านล่าง เพื่อรองรับน้ำหวาน, ยางไม้ หรือน้ำมันดิน/true/false/0/Tapper",
        "106": "Camera/0/-300/Crafting -9/(กล้องถ่ายรูป) กล้องถ่ายรูปเก่าๆ ที่อยู่บนขาตั้งกล้อง/true/false/0/Camera",
        "107": "Plush Bunny/0/-300/Crafting -9/(ตุ๊กตากระต่าย) มันใหญ่ มันนุ่ม และมันน่ารัก/false/true/0/Plush Bunny",
        "108": "Tub o' Flowers/0/-300/Crafting -9/(ถังดอกไม้) ดอกไม้ที่ถูกปลูกในถังไม้โอ๊ก ออกดอกในฤดูใบไม้ผลิ และฤดูร้อน/true/true/0/Tub o' Flowers",
        "109": "Tub o' Flowers/0/-300/Crafting -9/(ถังดอกไม้) ดอกไม้ที่ถูกปลูกในถังไม้โอ๊ก ออกดอกในฤดูใบไม้ผลิ และฤดูร้อน/true/true/0/Tub o' Flowers",
        "110": "Rarecrow/0/-300/Crafting -9/(หุ่นไล่กาหายาก) สะสมให้ครบ! (1 จาก 8)/true/true/0/Rarecrow",
        "111": "Decorative Pitcher/0/-300/Crafting -9/(เหยือกทองเหลือง) มันเป็นของทำมือ ทำมาจากทองเหลือง/true/true/0/Decorative Pitcher",
        "112": "Dried Sunflowers/0/-300/Crafting -9/(ดอกทานตะวันแห้ง) ของตกแต่งบ้าน ที่ช่วยให้บ้านมีสีสันสดใส/true/true/0/Dried Sunflowers",
        "113": "Rarecrow/0/-300/Crafting -9/(หุ่นไล่กาหายาก) สะสมให้ครบ! (2 จาก 8)/true/true/0/Rarecrow",
        "114": "Charcoal Kiln/0/-300/Crafting -9/(เตาเผาถ่าน) เปลี่ยนไม้ 10 ชิ้น ให้กลายเป็นถ่าน/true/true/0/Charcoal Kiln",
        "116": "Stardew Hero Trophy/0/-300/Crafting -9/(ถ้วยรางวัลวีรบุรุษ) รางวัลที่มีเกียรติที่สุด ที่ผู้อาศัยอยู่ในสตาร์ดิวแวลลี่จะสามารถได้รับ!/true/true/0/Stardew Hero Trophy",
        "117": "Soda Machine/0/-300/Crafting -9/(ตู้โคล่า) ตู้โคล่า ของบริษัทโจจ้า/true/true/0/Soda Machine",
        "118": "Barrel/0/-300/Crafting -9/(ถัง) .../true/true/0/Barrel",
        "119": "Crate/0/-300/Crafting -9/(ลัง) .../true/true/0/Crate",
        "120": "Barrel/0/-300/Crafting -9/(ถัง) .../true/true/0/Barrel",
        "121": "Crate/0/-300/Crafting -9/(ลัง) .../true/true/0/Crate",
        "122": "Barrel/0/-300/Crafting -9/(ถัง) .../true/true/0/Barrel",
        "123": "Crate/0/-300/Crafting -9/(ลัง) .../true/true/0/Crate",
        "124": "Barrel/0/-300/Crafting -9/(ถัง) .../true/true/0/Barrel",
        "125": "Crate/0/-300/Crafting -9/(ลัง) .../true/true/0/Crate",
        "126": "Rarecrow/0/-300/Crafting -9/(หุ่นไล่กาหายาก) สะสมให้ครบ! (3 จาก 8)/true/true/0/Rarecrow",
        "127": "Statue Of Endless Fortune/0/-300/Crafting -9/(รูปปั้นของโชคชะตาที่ไม่รู้จบ) มันถูกสร้างจากทองทำ มันมีไว้ทำอะไร?/true/true/0/Statue Of Endless Fortune",
        "128": "Mushroom Box/0/-300/Crafting -9/(กล่องเห็ด) เห็ดจะเติบโตทุกๆ 2-3 วัน/true/true/2/Mushroom Box",
        "130": "Chest/0/-300/Crafting -9/(หีบเก็บของ) ใช้สำหรับเก็บสิ่งของต่างๆ/true/true/0/Chest",
        "136": "Rarecrow/0/-300/Crafting -9/(หุ่นไล่กาหายาก) สะสมให้ครบ! (4 จาก 8)/true/true/0/Rarecrow",
        "137": "Rarecrow/0/-300/Crafting -9/(หุ่นไล่กาหายาก) สะสมให้ครบ! (5 จาก 8)/true/true/0/Rarecrow",
        "138": "Rarecrow/0/-300/Crafting -9/(หุ่นไล่กาหายาก) สะสมให้ครบ! (6 จาก 8)/true/true/0/Rarecrow",
        "139": "Rarecrow/0/-300/Crafting -9/(หุ่นไล่กาหายาก) สะสมให้ครบ! (7 จาก 8)/true/true/0/Rarecrow",
        "140": "Rarecrow/0/-300/Crafting -9/(หุ่นไล่กาหายาก) สะสมให้ครบ! (8 จาก 8)/true/true/0/Rarecrow",
        "141": "Prairie King Arcade System/0/-300/Crafting -9/(ตู้เกม Prairie King) เล่นเกม 'Journey Of The Prairie King' ได้ที่บ้าน!/true/true/0/Prairie King Arcade System",
        "143": "Wooden Brazier/25/-300/Crafting -9/(กระถางไฟไม้สามขา) ให้แสงสว่าง/true/true/0/Wooden Brazier",
        "144": "Stone Brazier/40/-300/Crafting -9/(กระถางไฟหิน) ให้แสงสว่าง/true/true/0/Stone Brazier",
        "145": "Gold Brazier/100/-300/Crafting -9/(กระถางไฟทองคำ) ให้แสงสว่าง/true/true/0/Gold Brazier",
        "146": "Campfire/0/-300/Crafting -9/(กองไฟ) ให้แสงสว่าง/true/true/0/Campfire",
        "147": "Stump Brazier/80/-300/Crafting -9/(กระถางไฟท่อนไม้) ให้แสงสว่าง/true/true/0/Stump Brazier",
        "148": "Carved Brazier/200/-300/Crafting -9/(กระถางไฟไม้แกะสลัก) ให้แสงสว่าง/true/true/0/Carved Brazier",
        "149": "Skull Brazier/300/-300/Crafting -9/(กระถางไฟหัวกระโหลก) ให้แสงสว่าง/true/true/0/Skull Brazier",
        "150": "Barrel Brazier/80/-300/Crafting -9/(กระถางไฟถังไม้) ให้แสงสว่าง/true/true/0/Barrel Brazier",
        "151": "Marble Brazier/500/-300/Crafting -9/(กระถางไฟหินอ่อน) ให้แสงสว่าง/true/true/0/Marble Brazier",
        "152": "Wood Lamp-post/50/-300/Crafting -9/(โคมไฟไม้) ให้แสงสว่าง/true/true/0/true/Wood Lamp-post",
        "153": "Iron Lamp-post/100/-300/Crafting -9/(โคมไฟเหล็ก) ให้แสงสว่าง/true/true/0/true/Iron Lamp-post",
        "154": "Worm Bin/0/-300/Crafting -9/(เครื่องสร้างเหยื่อตกปลา) ผลิตเหยื่อสำหรับตกปลา/true/true/0/Worm Bin",
        "155": "??HMTGF??/0/-300/Crafting -9/??HMTGF??/true/true/0/??HMTGF??",
        "156": "Slime Incubator/0/-300/Crafting -9/(เครื่องฟักไข่สไลม์) ฟักไข่สไลม์ ช่วยให้เลี้ยงสไลม์นอกบ้านได้/true/false/0/Slime Incubator",
        "158": "Slime Egg-Press/0/-300/Crafting -9/(เครื่องผลิตไข่สไลม์) บีบอัดชิ้นส่วนของไสลม์ 100 ชิ้น ให้กลายเป็นไข่สไลม์ มันคือความหัศจรรย์ ของวิทยาศาสตร์!/true/false/0/Slime Egg-Press",
        "159": "Junimo Kart Arcade System/0/-300/Crafting -9/(ตู้เกม Junimo Kart) เล่นเกม 'จูนิโม่คาร์ท (Junimo Kart)' ได้ที่บ้าน!/true/true/0/Junimo Kart Arcade System",
        "160": "Statue Of Perfection/0/-300/Crafting -9/(รูปปั้นของความสมบูรณ์แบบ) มันถูกสร้างจากอิริเดียมบริสุทธิ์/true/true/0/Statue Of Perfection",
        "161": "??Pinky Lemon??/0/-300/Crafting -9/??พิงค์กี้ เลมอน??/true/true/0/??Pinky Lemon??",
        "162": "??Foroguemon??/0/-300/Crafting -9/??โฟโรกูเอมอน??/true/true/0/??Foroguemon??",
        "163": "Cask/0/-300/Crafting -9/ใช้ในห้องใต้ดิน กับผลิตผลที่มีอายุ เช่น ไวน์และชีส/true/true/0/Cask",
        "164": "Solid Gold Lewis/0/-300/Crafting -9/โครงการลับของนายกเทศมนตรี/true/true/0/Solid Gold Lewis",
        "165": "Auto-Grabber/0/-300/Crafting -9/เก็บเกี่ยวโดยอัตโนมัติจากสัตว์ของคุณทุกเช้า ใช้งานได้กับวัวแกะและแพะ/true/true/0/Auto-Grabber",
        "167": "Deluxe Scarecrow/50/-300/Crafting -9/(หุ่นไล่กาแบบพิเศษ) ป้องกันผืชผล ไม่ให้ถูกอีกากิน (มีผลระยะ 16 \"ช่อง\")/true/true/0/Deluxe Scarecrow",
        "184": "Seasonal Plant/50/-300/Crafting -9/ไม้ประดับที่เปลี่ยนแปลงตามฤดูกาล ไม่จำเป็นต้องรดน้ำ/true/true/0/Seasonal Plant",
        "188": "Seasonal Plant/50/-300/Crafting -9/ไม้ประดับที่เปลี่ยนแปลงตามฤดูกาล ไม่จำเป็นต้องรดน้ำ/true/true/0/Seasonal Plant",
        "192": "Seasonal Plant/50/-300/Crafting -9/ไม้ประดับที่เปลี่ยนแปลงตามฤดูกาล ไม่จำเป็นต้องรดน้ำ/true/true/0/Seasonal Plant",
        "196": "Seasonal Plant/50/-300/Crafting -9/ไม้ประดับที่เปลี่ยนแปลงตามฤดูกาล ไม่จำเป็นต้องรดน้ำ/true/true/0/Seasonal Plant",
        "200": "Seasonal Plant/200/-300/Crafting -9/ไม้ประดับที่เปลี่ยนแปลงตามฤดูกาล ไม่จำเป็นต้องรดน้ำ/true/true/0/Seasonal Plant",
        "204": "Seasonal Plant/50/-300/Crafting -9/ไม้ประดับที่เปลี่ยนแปลงตามฤดูกาล ไม่จำเป็นต้องรดน้ำ/true/true/0/Seasonal Plant",
        "208": "Workbench/1500/-300/Crafting -9/(โต๊ะทำงานของช่าง) เมื่อสร้างไว้ ท่านจะสามารถเข้าถึง วัสดุในหีบที่อยู่ติดกัน/true/true/0/Workbench",
        "209": "Mini-Jukebox/1500/-300/Crafting -9/(ตู้เพลงขนาดเล็ก) ช่วยให้คุณเล่น เพลงโปรดของคุณได้/true/true/0/Mini-Jukebox",
        "211": "Wood Chipper/500/-300/Crafting -9/(เครื่องย่อยไม้) ใส่ชิ้นส่วนของไม้เนื้อแข็ง(Hardwood) ลงไปเพื่อเปลี่ยน ให้เป็นไม้ธรรมดาหลายชิ้น/true/true/0/Wood Chipper",
        "216": "Mini-Fridge/1500/-300/Crafting -9/(ตู้เย็นขนาดเล็ก) ช่วยให้คุณเก็บ ส่วนผสมเพิ่มเติม สำหรับทำอาหาร/true/true/0/Mini-Fridge",
        "219": "Cursed P.K. Arcade System/0/-300/Crafting -9/มีบางอย่างไม่ถูกต้องกับ Prairie King Arcade System.../true/true/0/Cursed P.K. Arcade System"
    }
}
