{
    "header": {
        "target": "w",
        "formatVersion": 5,
        "hidef": true,
        "compressed": 128
    },
    "readers": [
        {
            "type": "Microsoft.Xna.Framework.Content.DictionaryReader`2[[System.String, mscorlib, Version=4.0.0.0, Culture=neutral, PublicKeyToken=b77a5c561934e089],[System.String, mscorlib, Version=4.0.0.0, Culture=neutral, PublicKeyToken=b77a5c561934e089]]",
            "version": 0
        },
        {
            "type": "Microsoft.Xna.Framework.Content.StringReader",
            "version": 0
        }
    ],
    "content": {
        "Silo": "390 100 330 10 334 5/3/3/-1/-1/-2/-1/null/Silo/(ยุ้งฉาง) สามารถตัดหญ้า และเก็บหญ้าไว้เป็นอาหารสัตว์ได้/Buildings/none/48/128/-1/null/Farm/100/false",
        "Mill": "388 150 390 50 428 4/4/2/-1/-1/-2/-1/null/Mill/(โรงสี) ช่วยให้คุณผลิต แป้งจากข้าวสาลี และน้ำตาลจากหัวบีท/Buildings/none/64/128/-1/null/Farm/2500/false",
        "Earth Obelisk": "337 10 86 10/3/2/-1/-1/-2/-1/null/Earth Obelisk/(อนุสาวรีย์ดิน) สามารถเคลื่อนย้ายคุณ ไปยังภูเขา/Buildings/none/48/128/-1/null/Farm/1000000/true",
        "Water Obelisk": "337 5 372 10 393 10/3/2/-1/-1/-2/-1/null/Water Obelisk/(อนุสาวรีย์น้ำ) สามารถเคลื่อนย้ายคุณ ไปยังชายหาด/Buildings/none/48/128/-1/null/Farm/1000000/true",
        "Desert Obelisk": "337 20 88 10 90 10/3/2/-1/-1/-2/-1/null/Desert Obelisk/(อนุสาวรีย์ทะเลทราย) สามารถเคลื่อนย้ายคุณ ไปยังทะเลทราย/Buildings/none/48/128/-1/null/Farm/1000000/true",
        "Junimo Hut": "390 200 268 9 771 100/3/2/-1/-1/-2/-1/null/Junimo Hut/(กระท่อมจูนิโม่) จูนิโม่จะเก็บเกี่ยวพืชผลรอบ ๆ กระท่อมของมันให้คุณ/Buildings/none/48/64/-1/null/Farm/20000/true",
        "Gold Clock": "/3/2/-1/-1/-2/-1/null/Gold Clock/(นาฬิกาทอง) ป้องกันไม่ให้เศษซาก ปรากฏในฟาร์มของคุณ ป้องกันรั้วไม่ให้พังทลาย/Buildings/none/48/80/-1/null/Farm/10000000/true",
        "Stable": "709 100 335 5/4/2/-1/-1/-2/-1/null/Stable/(คอกม้า) สามารถเลี้ยงม้า และขี่ม้าได้ สร้างเสร็จจะมีม้าให้/Buildings/none/64/96/-1/null/Farm/10000/false",
        "Well": "390 75/3/3/-1/-1/-1/-1/null/Well/(บ่อน้ำบาดาล) แหล่งน้ำเพื่อการอุปโภคบริโภค และเติมน้ำให้กับบัวรดน้ำ/Buildings/none/32/32/-1/null/Farm/1000/false",
        "Shipping Bin": "388 150/2/1/-1/-1/-1/-1/null/Shipping Bin/(ถังขนส่ง) โยนของไว้ข้างใน เพื่อขายในเวลาอันสั้น/Buildings/none/48/80/-1/null/Farm/250/false/0",
        "Coop": "388 300 390 100/6/3/1/2/2/2/Coop/Coop/(เล้าขนาดเล็ก) ใช้เลี้ยงสัตว์ขนาดเล็ก เลี้ยงได้สูงสุด 4 ตัว/Buildings/none/64/96/4/null/Farm/4000/false",
        "Big Coop": "388 400 390 150/6/3/1/2/2/2/Coop2/Big Coop/(เล้าขนาดกลาง) ใช้เลี้ยงสัตว์ขนาดเล็ก เลี้ยงได้สูงสุด 8 ตัว สร้างเสร็จจะมีเครื่องฟักไข่ให้ ใช้เลี้ยงเป็ดได้/Upgrades/Coop/64/96/8/null/Farm/10000/false",
        "Deluxe Coop": "388 500 390 200/6/3/1/2/2/2/Coop3/Deluxe Coop/(เล้าขนาดใหญ่) ใช้เลี้ยงสัตว์ขนาดเล็ก เลี้ยงได้สูงสุด 12 ตัว มีระบบให้อาหารอัตโนมัติ ใช้เลี้ยงกระต่ายได้/Upgrades/Big Coop/64/96/12/null/Farm/20000/false",
        "Barn": "388 350 390 150/7/4/1/3/3/3/Barn/Barn/(คอกขนาดเล็ก) ใช้เลี้ยงสัตว์ขนาดใหญ่ เลี้ยงได้สูงสุด 4 ตัว/Buildings/none/96/96/4/null/Farm/6000/false",
        "Big Barn": "388 450 390 200/7/4/1/3/4/3/Barn2/Big Barn/(คอกขนาดกลาง) ใช้เลี้ยงสัตว์ขนาดใหญ่ เลี้ยงได้สูงสุด 8 ตัว สัตว์สามารถออกลูกได้ ใช้เลี้ยงแพะได้/Upgrades/Barn/96/96/8/null/Farm/12000/false",
        "Deluxe Barn": "388 550 390 300/7/4/1/3/4/3/Barn3/Deluxe Barn/(คอกขนาดใหญ่) ใช้เลี้ยงสัตว์ขนาดใหญ่ เลี้ยงได้สูงสุด 12 ตัว มีระบบให้อาหารอัตโนมัติ ใช้เลี้ยงแกะ และหมูได้/Upgrades/Big Barn/96/96/12/null/Farm/25000/false",
        "Slime Hutch": "390 500 338 10 337 1/11/6/5/5/-1/-1/SlimeHutch/Slime Hutch/(โรงเพาะสไลม์) เพาะเลี้ยงได้สูงสุด 20 ตัว คอยเติมน้ำให้พวกมัน แล้วพวกมันจะสร้าง ลูกบอลสไลม์ออกมา/Buildings/none/96/96/20/null/Farm/10000/false",
        "Shed": "388 300/7/3/3/2/-1/-1/Shed/Shed/(โรงเก็บของ) ภายในอาคารว่างเปล่า สามารถวางอะไรก็ได้ ที่คุณต้องการ! สามารถตกแต่งภายในได้/Buildings/none/96/96/20/null/Farm/15000/false",
        "Big Shed": "388 550 390 300/7/3/3/2/-1/-1/Shed2/Big Shed/(โรงเก็บของขนาดใหญ่)เพิ่มขนาดโรงเก็บของ เป็นสองเท่า และยังสามารถ ตกแต่งภายในได้/Upgrades/Shed/96/96/20/null/Farm/20000/false",
        "Stone Cabin": "390 10/5/3/2/1/-1/-1/Cabin/Cabin/(กระท่อม) ที่พักสำหรับเพื่อน! เงินอุดหนุนจากกองทุนเกษตรเมือง/Buildings/none/96/96/20/null/Farm/100/false/0",
        "Plank Cabin": "388 5 771 10/5/3/2/1/-1/-1/Cabin/Cabin/(กระท่อม) ที่พักสำหรับเพื่อน! เงินอุดหนุนจากกองทุนเกษตรเมือง/Buildings/none/96/96/20/null/Farm/100/false/0",
        "Log Cabin": "388 10/5/3/2/1/-1/-1/Cabin/Cabin/(กระท่อม) ที่พักสำหรับเพื่อน! เงินอุดหนุนจากกองทุนเกษตรเมือง/Buildings/none/96/96/20/null/Farm/100/false/0",
        "Greenhouse": "388 500 390 200 337 1/4/2/2/1/-1/-1/FarmGreenHouse/Greenhouse/(เรือนกระจก) ใช้เพาะปลูกพืชได้ทุกฤดู ปลูกได้ทั้งปี!/Buildings/none/64/96/-1/null/Farm",
        "Mine Elevator": "388 30 390 15 334 5/4/2/1/1/-1/-1/null/Mine Elevator/(ลิฟต์เหมือง) ใช้เดินทางอย่างรวดเร็ว ไปยังลิฟต์ตัวอื่น ที่ได้สร้างไว้ภายในเหมือง โดยในแต่ละชั้นสร้างได้เพียง 1 ตัว/Buildings/none/64/64/-1/MineElevator/UndergroundMine",
        "Fish Pond": "390 200 152 5 153 5/5/5/-1/-1/-2/-1/null/Fish Pond/(บ่อเลี้ยงปลา) สามารถเก็บเกี่ยว ผลผลิตจากปลา จำนวนของปลา จะเพิ่มขึ้นเมื่อเวลาผ่านไป/Buildings/none/76/78/10/null/Farm/5000/false/2",
        "Chicken": "animal/500/64/64/Chicken/(ไก่) ออกไข่แสนอร่อย มีทั้งหมดสองสี/null/Farm",
        "Duck": "animal/1000/64/64/Duck/(เป็ด) ออกไข่ และบางครั้งก็ทำขนร่วงไว้/null/Farm",
        "Rabbit": "animal/1500/64/64/Rabbit/(กระต่าย) สัตว์น่ารัก ขนนุ่มปุกปุย!/null/Farm",
        "Cow": "animal/1000/64/96/Cow/(วัว) ผลิตน้ำนมที่มันและเข้มข้น/null/Farm",
        "Sheep": "animal/1500/64/96/Sheep/(แกะ) ขนของพวกมันเป็นสิ่งที่ล้ำค่า/null/Farm",
        "Goat": "animal/1500/64/96/Goat/(แพะ) ผลิตน้ำนมแสนอร่อย!/null/Farm",
        "Pig": "animal/2000/64/96/Pig/(หมู) พวกมันถูกฝึกมาเป็นพิเศษให้ค้นหาเห็ดทรัฟเฟิล/null/Farm"
    }
}
