{
    "header": {
        "target": "w",
        "formatVersion": 5,
        "hidef": true,
        "compressed": 128
    },
    "readers": [
        {
            "type": "Microsoft.Xna.Framework.Content.DictionaryReader`2[[System.Int32, mscorlib, Version=4.0.0.0, Culture=neutral, PublicKeyToken=b77a5c561934e089],[System.String, mscorlib, Version=4.0.0.0, Culture=neutral, PublicKeyToken=b77a5c561934e089]]",
            "version": 0
        },
        {
            "type": "Microsoft.Xna.Framework.Content.Int32Reader",
            "version": 0
        },
        {
            "type": "Microsoft.Xna.Framework.Content.StringReader",
            "version": 0
        }
    ],
    "content": {
        "504": "Sneakers/(รองเท้าผ้าใบ) มันบอบบางไปหน่อย แต่ก็ทันสมัยดี!/50/1/0/0/Sneakers",
        "505": "Rubber Boots/(รองเท้ายาง) ช่วยปกป้องจากธาตุต่างๆ/50/0/1/1/Rubber Boots",
        "506": "Leather Boots/(รองเท้าหนัง) หนังมันอ่อนนุ่มมาก/50/1/1/2/Leather Boots",
        "507": "Work Boots/(รองเท้าหัวเหล็ก) ปลายรองเท้าเสริมเหล็ก เพื่อการป้องกันแบบพิเศษ/50/2/0/3/Work Boots",
        "508": "Combat Boots/(รองเท้าทหาร) รองเท้าสำหรับต่อสู้ เสริมด้วยใยเหล็ก/150/3/0/4/Combat Boots",
        "509": "Tundra Boots/(รองเท้ากันหนาว) ขนอันหนานุ่มของรองเท้า จะช่วยให้ข้อเท้าอบอุ่นอยู่เสมอ/150/2/1/5/Tundra Boots",
        "510": "Thermal Boots/(รองเท้าลุยหิมะ) มันถูกออกแบบมาสำหรับ สภาพอากาศอันเลวร้าย/50/1/2/6/Thermal Boots",
        "511": "Dark Boots/(รองเท้าหนังดำ) มันถูกสร้างจากหนังหนาสีดำ/250/4/2/7/Dark Boots",
        "512": "Firewalker Boots/(รองเท้าลุยไฟ) กล่าวกันว่ารองเท้านี้ สามารถทนทานต่อลาวาที่ร้อนระอุได้/250/3/3/8/Firewalker Boots",
        "513": "Genie Shoes/(รองเท้าจินนี่) สัมผัสได้ถึงพลังงานบางอย่าง ในเนื้อผ้าที่ใช้สร้างรองเท้า/250/1/6/9/Genie Shoes",
        "514": "Space Boots/(รองเท้าอวกาศ) รองเท้าที่มีสีม่วงแวววาว ที่เกิดจากการถักทอ ด้วยเส้นใยอิริเดียม/450/4/4/10/Space Boots",
        "515": "Cowboy Boots/(รองเท้าคาวบอย) มันคือรองเท้าที่ดูดีที่สุด ในยุคนี้แล้ว/250/2/2/11/Cowboy Boots",
        "804": "Emily's Magic Boots/(รองเท้าวิเศษของเอมิลี่) เอมิลี่ตัดเย็บให้ด้วยความรัก ย่อยสลายได้ 100%!/250/4/4/13/Emily's Magic Boots",
        "806": "Leprechaun Shoes/(รองเท้าเลพริคอน) ส่วนที่เป็นหัวเข็มขัดทำจากทองคำเชียวนะ/250/2/1/14/Leprechaun Shoes"
    }
}
