{
    "header": {
        "target": "w",
        "formatVersion": 5,
        "hidef": true,
        "compressed": 128
    },
    "readers": [
        {
            "type": "Microsoft.Xna.Framework.Content.DictionaryReader`2[[System.Int32, mscorlib, Version=4.0.0.0, Culture=neutral, PublicKeyToken=b77a5c561934e089],[System.String, mscorlib, Version=4.0.0.0, Culture=neutral, PublicKeyToken=b77a5c561934e089]]",
            "version": 0
        },
        {
            "type": "Microsoft.Xna.Framework.Content.Int32Reader",
            "version": 0
        },
        {
            "type": "Microsoft.Xna.Framework.Content.StringReader",
            "version": 0
        }
    ],
    "content": {
        "0": "Farmer Pants/Farmer Pants/(กางเกงชาวนา) สะดวกสบายและทนทาน สำหรับใช้งานนานๆในทุ่ง/0/-1/50/255 235 203/true/Pants",
        "1": "Shorts/Shorts/(กางเกงขาสั้น) สุดยอดสำหรับวันหน้าร้อน... จนขาของคุณเอง ยังเอ่ยขอบคุณ/1/-1/50/255 235 203/true/Pants",
        "2": "Dress/Long Dress/(ชุดกระโปรงยาว) กระโปรงที่ทั้งยาวและพริ้วไหว/2/-1/50/255 235 203/true/Pants",
        "3": "Skirt/Skirt/(กระโปรง) กระโปรงน่ารัก/3/-1/50/255 235 203/true/Pants",
        "4": "Pleated Skirt/Pleated Skirt/(กระโปรงจีบ) กระโปรงจีบที่น่ารัก/4/-1/50/255 235 203/true/Pants",
        "5": "Dinosaur Pants/Dinosaur Pants/(กางเกงไดโนเสาร์) เหล่ากางเกงที่ถูกคิดว่า สูญพันธุ์ไปนานแล้ว!/5/-1/50/255 255 255/false/Pants",
        "6": "Grass Skirt/Grass Skirt/(กระโปรงหญ้า) ชุดกระโปรงที่ทำจากหญ้าแห้ง/6/-1/50/255 255 255/false/Pants",
        "7": "Luau Skirt/Luau Skirt/(กระโปรงลัวร์) กระโปรงที่ผลิตขึ้นโดย มีจุดมุ่งหมายให้คุณเป็น 'ลัวร์' ปาร์ตี้/7/-1/50/255 255 255/false/Pants",
        "8": "Genie Pants/Genie Pants/(กางเกงจินนี่) กางเกงที่พองออกมาใกล้ด้านล่าง ความปรารถนาของคุณ ได้รับการตอบรับแล้ว!/8/-1/50/255 235 203/true/Pants",
        "9": "Tight Pants/Tight Pants/(กางเกงรัดรูป) กางเกงที่โคตรจะรัดรูป/9/-1/50/255 235 203/true/Pants",
        "10": "Baggy Pants/Baggy Pants/(กางเกงทรงหลวม) กางเกงขายาวหลวมๆ/10/-1/50/255 235 203/true/Pants",
        "11": "Simple Dress/Simple Dress/(ชุดเดรสเรียบง่าย) เดรสเรียบนุ่มลื่น ยาวปานกลาง/11/-1/50/255 235 203/true/Pants",
        "12": "Relaxed Fit Pants/Relaxed Fit Pants/(กางเกงฟิตสบาย) กางเกงเหล่านี้ มีพื้นที่เหลือนิดหน่อย ให้กับขา/12/-1/50/255 235 203/true/Pants",
        "13": "Relaxed Fit Shorts/Relaxed Fit Shorts/(ขาสั้นฟิตสบาย)กางเกงขาสั้นเหล่านี้ มีพื้นที่เหลือ อีกเล็กน้อยให้ขา/13/-1/50/255 235 203/true/Pants",
        "14": "Polka Dot Shorts/Polka Dot Shorts/(กางเกงขาสั้นลายจุด) อุ๊บส์!/14/-1/50/255 235 203/false/Pants",
        "15": "Trimmed Lucky Purple Shorts/Trimmed Lucky Purple Shorts/(กางเกงขาสั้นขลิบสีม่วงนำโชค) กางเกงขาสั้นผ้าไหมสีม่วง ขลิบทองหรูหรา.../15/-1/50/255 235 203/false/Pants",
        "998": "Prismatic Pants/Prismatic Pants/(กางเกงปริซึม) กางเกงที่ระยิบระยับแวววาว ไปด้วยพลังงานแบบ แท่งปริซึม/0/-1/50/255 235 203/false/Pants/Prismatic",
        "999": "Prismatic Genie Pants/Prismatic Genie Pants/(กางเกงจินนี่แบบปริซึม) กางเกงที่ระยิบระยับแวววาว ไปด้วยพลังงานแบบ แท่งปริซึม/8/-1/50/255 235 203/false/Pants/Prismatic",
        "1000": "Classic Overalls/Classic Overalls/(กางเกงกันเปื้อน) ชุดทำฟาร์มแบบคลาสสิก/0/-1/50/255 255 255/false/Shirt",
        "1002": "Mint Blouse/Mint Blouse/(เสื้อสตรีสีมินท์) เสื้อสีเขียวอ่อนน่ารัก/2/-1/50/255 255 255/false/Shirt",
        "1003": "Dark Shirt/Dark Shirt/(เสื้อสีเข้ม) เสื้อเชิ้ตที่มีสีเข้มตัวหนึ่ง/3/-1/50/255 255 255/false/Shirt",
        "1004": "Skull Shirt/Skull Shirt/(เชิ้ตรูปหัวกะโหลก) เสื้อเชิ้ตที่มีรูปกะโหลก ที่น่ากลัวพิมพ์เอาไว้./4/-1/50/255 255 255/false/Shirt",
        "1005": "Light Blue Shirt/Light Blue Shirt/(เชิ้ตสีฟ้าอ่อน) เสื้อเชิ้ตสีฟ้าอ่อนตัวหนึ่ง/5/-1/50/255 255 255/false/Shirt",
        "1006": "Tan Striped Shirt/Tan Striped Shirt/(เสื้อลายทางสีแทน) เสื้อเชิ้ตสีแทน ที่มีแถบสีขาวพาดกลาง/6/-1/50/255 255 255/false/Shirt",
        "1007": "Green Overalls/Green Overalls/(กางเกงกันเปื้อนสีเขียว) ความนิยมน้อยกว่า กางเกงทำฟาร์มแบบคลาสสิก/7/-1/50/255 255 255/false/Shirt",
        "1008": "Good Grief Shirt/\"Good Grief\" Shirt/(เสื้อเชิ้ต\"โอ้โห!\") เสื้อเชิ้ตเก่าดูดีตัวหนึ่ง.../8/-1/50/255 255 255/false/Shirt",
        "1009": "Aquamarine Shirt/Aquamarine Shirt/(เชิ้ตอความารีน) เสื้อเชิ้ต สีเขียวน้ำเงินอ่อนตัวหนึ่ง/9/-1/50/255 255 255/false/Shirt",
        "1010": "Suit Top/Suit Top/(สูทท่อนบน) ท่อนบนที่เป็นทางการ เหมาะกับงานแฟนซี และงานเฉลิมฉลอง/10/-1/50/255 255 255/false/Shirt",
        "1011": "Green Belted Shirt/Green Belted Shirt/(เชิ้ตเข็มขัดเขียว) เสื้อเชิ๊ดเข็มขัดเขียว/11/-1/50/255 255 255/false/Shirt",
        "1012": "Lime Green Striped Shirt/Lime Green Striped Shirt/(เสื้อเชิ้ตลายเขียวมะนาว) เสื้อเชิ้ตสีเขียวมะนาว คาดลายสีขาว/12/-1/50/255 255 255/false/Shirt",
        "1013": "Red Striped Shirt/Red Striped Shirt/(เสื้อเชิ้ตแดงลายขวาง) เสื้อเชิ้ตสีแดงลายขวางสีขาว/13/-1/50/255 255 255/false/Shirt",
        "1014": "Skeleton Shirt/Skeleton Shirt/(เสื้อโครงกระดูก) เสื้อเชิ้ตที่พิมพ์ลาย โครงกระดูก/14/-1/50/255 255 255/false/Shirt",
        "1015": "Orange Shirt/Orange Shirt/(เชิ้ตสีส้ม) เสื้อเชิ้ตสีส้มตัวหนึ่ง/15/-1/50/255 255 255/false/Shirt",
        "1016": "Night Sky Shirt/Night Sky Shirt/(เชิ้ตท้องฟ้าราตรี) เสื้อเชิ้ตที่ทำให้นึกถึงท้องฟ้ายามราตรี/16/-1/50/255 255 255/false/Shirt",
        "1017": "Mayoral Suspenders/Mayoral Suspenders/(กางเกงพร้อมสายเอี๊ยม) สายเอี๊ยมดึงกางเกงคู่นึง ที่ดูคุ้นจนสยอง.../17/-1/50/255 255 255/false/Shirt",
        "1018": "Brown Jacket/Brown Jacket/(แจ็คเก็ตสีน้ำตาล) แจ็คเก็ตที่ดีและคงทน ทำจากวัสดุสีน้ำตาล/18/-1/50/255 255 255/false/Shirt",
        "1019": "Sailor Shirt/Sailor Shirt/(เสื้อกะลาสี) ทำให้คิดถึงทะเลกว้าง/19/-1/50/255 255 255/false/Shirt",
        "1020": "Green Vest/Green Vest/(เสื้อกั๊กสีเขียว) เสื้อกั๊กแบบเรียบ สีเขียวใส่ทับเสื้อเชิ้ต/20/-1/50/255 255 255/false/Shirt",
        "1021": "Yellow and Green Shirt/Yellow and Green Shirt/(เสื้อเชิ้ตสีเหลืองเขียว) เสื้อเชิ้ตสีเหลือง มีลายขวางสีเขียว/21/-1/50/255 255 255/false/Shirt",
        "1026": "Light Blue Striped Shirt/Light Blue Striped Shirt/(เชิ้ตสีฟ้าสว่างลายขวาง) เสื้อเชิ้ตน้ำเงินอ่อน ที่มีลายแถบสีขาว/26/-1/50/255 255 255/false/Shirt",
        "1027": "Pink Striped Shirt/Pink Striped Shirt/(เสื้อชมพูลายขวาง) เสื้อสีชมพูที่มีลายขวาง/27/-1/50/255 255 255/false/Shirt",
        "1028": "Heart Shirt/Heart Shirt/(เชิ้ตรูปหัวใจ) เปิดเผยความรู้สึกของคุณให้ผู้คนรับรู้ ด้วยเสื้อที่นุ่มเป็นพิเศษตัวนี้/28/-1/50/255 255 255/false/Shirt",
        "1029": "Work Shirt/Work Shirt/(เชิ้ตทำงาน) สำหรับวันที่ยาวนานในทุ่ง/29/-1/50/255 255 255/false/Shirt",
        "1030": "Store Owner's Jacket/Store Owner's Jacket/(แจ็คเก็ตเจ้าของร้าน) แจ็คเก็ตที่ดูเหมือนว่า มันจะถูกสวมใส่โดย พ่อค้าเมืองเล็ก ๆ/30/-1/50/255 255 255/false/Shirt",
        "1034": "Green Tunic/Green Tunic/(เสื้อคลุมสีเขียว) เสื้อเชิ้ตสำหรับนักผจญภัย/34/-1/50/255 255 255/false/Shirt",
        "1035": "Fancy Red Blouse/Fancy Red Blouse/(เสื้อสตรีแฟนซีสีแดง) เสื้อสีแดงสดใส ประดับด้วยกระดุม สีเหลืองเป็นประกาย/35/-1/50/255 255 255/false/Shirt",
        "1038": "Plain Shirt/Plain Shirt/(เสื้อเชิ้ตเรียบ) เสื้อเชิ้ตเรียบปรกติธรรมดา/38/41/50/255 235 203/false/Shirt",
        "1039": "Retro Rainbow Shirt/Retro Rainbow Shirt/(เชิ้ตสีรุ้งย้อนยุค) เสื้อเชิ๊ดธรรมดา ลายสายรุ้งที่ค่อยๆจางไป/39/-1/50/255 255 255/false/Shirt",
        "1042": "Lime Green Tunic/Lime Green Tunic/(เสื้อคลุมสีเขียวมะนาว) เสื้อคลุมสีเขียวสดใส กับเข็มขัด/42/-1/50/255 255 255/false/Shirt",
        "1071": "White Overalls Shirt/White Overalls Shirt/(เสื้อเชิ้ตสีขาวล้วน) เสื้อหลวมคลาสสิค พร้อมเสื้อเชิ้ตสีขาว และเข็มขัด/71/-1/50/255 0 0/false/Shirt",
        "1087": "Neat Bow Shirt/Neat Bow Shirt/(เสื้อเชิ้ตเนี๊ยบ) เสื้อเชิ้ตแบบกระดุมติดกระดุมผูกโบว์ที่โดดเด่น/87/-1/50/220 48 62/false/Shirt",
        "1123": "Shirt And Tie/Shirt And Tie/(เสื้อและเนคไท) เสื้อเชิ้ตแขนยาวสีขาวและเนคไท/123/-1/50/255 0 0/true/Shirt",
        "1127": "Emily's Magic Shirt/Emily's Magic Shirt/(เสื้อวิเศษของเอมิลี่) ทำด้วยความรักโดยเอมิลี่ ย้อมสีด้วยสีธรรมชาติ ทั้งหมด!/127/-1/50/255 235 203/false/Shirt",
        "1128": "Striped Shirt/Striped Shirt/(เสื้อเชิ้ตลาย) นี่คือเสื้อเชิ้ตที่มีลายเส้นจางๆอยู่บนนั้น/128/-1/50/255 235 203/true/Shirt",
        "1129": "Tank Top/Tank Top/(เสื้อกล้าม) เสื้อไม่มีแขน/129/130/50/255 235 203/true/Shirt/Sleeveless",
        "1131": "Cowboy Poncho/Cowboy Poncho/(ผ้าคลุมคาวบอย) ชุดในตำนานจากชาวตะวันตกโบราณ/131/-1/50/255 235 203/true/Shirt",
        "1132": "Crop Tank Top/Crop Tank Top/(เสื้อกล้ามคร็อบ) เสื้อไม่มีแขนตัดชายเสื้อสั้น/132/133/50/255 235 203/true/Shirt/Sleeveless",
        "1134": "Bikini Top/Bikini Top/(เสื้อบิกินี่) แก่นหลักของฤดูร้อนเลย/134/-1/50/255 235 203/true/Shirt/Sleeveless",
        "1135": "Wumbus Shirt/Wumbus Shirt/(เชิ้ตวัมบัส) เสื้อเชิ้ตลายตัวประหลาดสีเขียว/135/-1/50/255 255 255/false/Shirt",
        "1136": "80's Shirt/80's Shirt/(เสื้อยุค 80) เสื้อปาดไหล่ที่เก๋สุดๆ/152/136/50/255 235 203/true/Shirt",
        "1137": "Letterman Jacket/Letterman Jacket/(แจ็คเก็ตบุรุษไปรษณีย์) แจ็คเก็ตที่ไหลเวียนไปด้วย ความมุ่งมั่นตั้งใจ/137/-1/50/207 40 21/true/Shirt",
        "1138": "Black Leather Jacket/Black Leather Jacket/(แจ็คเก็ตหนังสีดำ) เสื้อแจ็คเก็ตสุดเท่ทำมาจากหนังสีดำ/138/-1/50/255 255 255/false/Shirt",
        "1139": "Strapped Top/Strapped Top/(เสื้อสายเดี่ยว) เสื้อสายเดี่ยว/139/-1/50/255 235 203/true/Shirt/Sleeveless",
        "1140": "Button Down Shirt/Button Down Shirt/(เสื้อมีกระดุม) เสื้อธรรมดา ที่เรียบง่าย/140/-1/50/255 235 203/true/Shirt",
        "1141": "Crop Top Shirt/Crop Top Shirt/(เสื้อเอวลอย) เสื้อยืดที่ดูสั้นเป็นพิเศษ/141/-1/50/255 235 203/true/Shirt",
        "1142": "Tube Top/Tube Top/(เกาะอก) เสื้อเกาะอกรัดรูป/142/-1/50/255 235 203/true/Shirt/Sleeveless",
        "1143": "Tye Die Shirt/Tye Die Shirt/(เสื้อมัดย้อม) เสื้อยืดมัดที่ย้อมด้วยหลายๆ สี/143/-1/50/255 255 255/false/Shirt",
        "1148": "Steel Breastplate/Steel Breastplate/(เกราะเหล็ก) เกราะตกแต่งที่สร้างจากเหล็ก/148/-1/50/255 255 255/false/Shirt",
        "1149": "Copper Breastplate/Copper Breastplate/(เสื้อเกราะทองแดง) เสื้อเกราะตกแต่งที่สร้างจากทองแดง/149/-1/50/255 255 255/false/Shirt",
        "1150": "Gold Breastplate/Gold Breastplate/(เสื้อเกราะทอง) เสื้อเกราะตกแต่งสร้างด้วยทอง/150/-1/50/255 255 255/false/Shirt",
        "1151": "Iridium Breastplate/Iridium Breastplate/(เกราะอิรีเดียม) เสื้อเกราะประดับที่ทำจากแร่อิรีเดียมแท้/151/-1/50/255 255 255/false/Shirt",
        "1153": "Fake Muscles Shirt/Fake Muscles Shirt/(เสื้อกล้ามปลอม) คุณจะเข้ายิม หรือว่าใส่เสื้อตัวนี้แทน/153/-1/50/249 174 137/true/Shirt",
        "1154": "Flannel Shirt/Flannel Shirt/(เสื้อเชิ้ตผ้าแฟลนเนล) เสื้อเชิ้ตแขนยาวปุ่มหนา ที่มีรูปแบบลายขีดกากบาท เหมาะสำหรับ อากาศหนาวที่สุด/154/-1/50/255 255 255/true/Shirt",
        "1155": "Bomber Jacket/Bomber Jacket/(แจ็คเก็ตบอมเบอร์) แจ็คเก็ตที่หนาและทนทาน เคยถูกใส่โดยนักบินรบเมื่อนานมาแล้ว/155/-1/50/255 255 255/false/Shirt",
        "1156": "Caveman Shirt/Caveman Shirt/(เสื้อมนุษย์ถ้ำ) ยุคหินสุดคลาสสิค!/156/-1/50/255 255 255/false/Shirt/Sleeveless",
        "1157": "Fishing Vest/Fishing Vest/(เสื้อกั๊กตกปลา) มีกระเป๋ามากมายที่จะเก็บ สิ่งของเครื่องใช้ของคุณ/157/-1/50/255 255 255/false/Shirt",
        "1158": "Fish Shirt/Fish Shirt/(เสื้อลายปลา) เสื้อที่มีโลโก้ปลา/158/-1/50/150 200 100/true/Shirt",
        "1159": "Shirt And Belt/Shirt And Belt/(เสื้อและเข็มขัด) เสื้อธรรมดาที่มีเข็มขัดสีน้ำตาล/159/-1/50/255 255 255/true/Shirt",
        "1160": "Gray Hoodie/Gray Hoodie/(ฮู้ดดี้สีเทา) เสื้อสวมหัวสีเทาที่มีฮู้ด/160/-1/50/255 255 255/false/Shirt",
        "1161": "Blue Hoodie/Blue Hoodie/(ฮู้ดดี้สีน้ำเงิน) เสื้อสวมหัวสีน้ำเงินที่มีฮู้ด/161/-1/50/255 255 255/false/Shirt",
        "1162": "Red Hoodie/Red Hoodie/(ฮู้ดดี้สีแดง) เสื้อสวมหัวสีแดงที่มีฮู้ด/162/-1/50/255 255 255/false/Shirt",
        "1163": "Denim Jacket/Denim Jacket/(แจ็คเก็ตยีนส์) แจ็คเก็ตทนทานทำจากผ้ายีนส์/163/-1/50/255 255 255/false/Shirt",
        "1164": "Track Jacket/Track Jacket/(แจ็คเก็ตกีฬา) เสื้อแจ็คเก็ตบางๆ ที่ทำจากวัสดุยืดหยุ่น/164/-1/50/255 255 255/false/Shirt",
        "1165": "White Gi/White Gi/(ชุดฝึกสีขาว) เสื้อผ้าหลวมๆ โดยทั่วไปจะสวมโดยผู้ที่ใช้ศิลปะการต่อสู้/165/-1/50/255 255 255/false/Shirt",
        "1166": "Orange Gi/Orange Gi/(ชุดฝึกสีส้ม) เสื้อผ้าหลวมๆ โดยทั่วไปจะสวมโดยผู้ที่ใช้ศิลปะการต่อสู้/166/-1/50/255 255 255/true/Shirt/Sleeveless",
        "1167": "Gray Vest/Gray Vest/(เสื้อกั๊กสีเทา) เสื้อกั๊กสีเทาใส่ทับเสื้อเชิ้ตสีขาว/167/-1/50/255 255 255/false/Shirt/Shirt",
        "1168": "Kelp Shirt/Kelp Shirt/(เสื้อสาหร่ายทะเล) เหมือนว่าคุณไปอาบน้ำในทะเลมา กลิ่นก็เหมือน/168/-1/50/255 255 255/false/Shirt/Sleeveless",
        "1169": "Studded Vest/Studded Vest/(เสื้อกั๊กหมุด) เสื้อกั๊กสีดำเรียงรายด้วยหมุดโลหะ/169/-1/50/255 255 255/false/Shirt/Sleeveless",
        "1170": "Gaudy Shirt/Gaudy Shirt/(เสื้อสีฉูดฉาด) มันเป็นสีน้ำเงินทางการรักษา.../170/-1/50/255 255 255/false/Shirt/Shirt",
        "1171": "Oasis Gown/Oasis Gown/(เสื้อคลุมโอเอซิส) อัญมณีแห่งทะเลทราย./171/-1/50/255 255 255/false/Shirt/Sleeveless",
        "1172": "Blacksmith Apron/Blacksmith Apron/(ผ้ากันเปื้อนของช่างตีเหล็ก) ส่งมอบจากรุ่นสู่รุ่น/172/-1/50/255 255 255/false/Shirt",
        "1173": "Neat Bow Shirt/Neat Bow Shirt/(เสื้อเชิ้ตเนี๊ยบ) เสื้อเชิ้ตติดกระดุม มีโบว์เด่นสะดุดตา/173/-1/50/255 0 0/true/Shirt",
        "1174": "High-Waisted Shirt/High-Waisted Shirt/(เชิ้ตทรงเอวสูง) เสื้อทรงกางเกงเอวสูง ที่สามารถย้อมสีข้างล่างได้/174/-1/50/255 0 0/true/Shirt",
        "1175": "High-Waisted Shirt/High-Waisted Shirt/(เชิ้ตทรงเอวสูง) เสื้อทรงกางเกงยีนส์เอวสูง ที่สามารถย้อมสีส่วนบนได้/175/-1/50/255 0 0/true/Shirt",
        "1176": "Basic Pullover/Basic Pullover/(เสื้อสวมหัว) มันเป็นเสื้อสวมหัวธรรมดา/176/177/50/255 0 0/true/Shirt",
        "1178": "Turtleneck Sweater/Turtleneck Sweater/(สเวตเตอร์คอเต่า) สเวตเตอร์ สร้างความร้อนส่วนคอ/178/-1/50/255 0 0/true/Shirt",
        "1179": "Iridium Energy Shirt/(เสื้อพลังอิริเดียม) แสดงพลังงานอิริเดียม ของคุณ/179/-1/50/255 0 0/false/Shirt",
        "1180": "Tunnelers Jersey/Tunnelers Jersey/(เสื้อถักรัดรูปทันเนเลอร์) เสื้อกีฬาทีมทันเนเลอร์ (Tunnelers) จากเมืองซูซู/180/-1/50/255 0 0/false/Shirt",
        "1183": "Gray Suit/Gray Suit/(สูทสีเทา) สูทสีเทาที่สั่งตัดขึ้นมาเฉพาะ/183/-1/50/255 0 0/false/Shirt",
        "1184": "Red Tuxedo/Red Tuxedo/(ทักซิโด้สีแดง) ท่อนบนสุดหรู สำหรับงานเป็นทางการ/184/-1/50/255 0 0/false/Shirt",
        "1185": "Navy Tuxedo/Navy Tuxedo/(ทักซิโด้สีกรมท่า) ท่อนบนสุดหรู สำหรับงานเป็นทางการ/185/-1/50/255 0 0/false/Shirt",
        "1186": "Holiday Shirt/Holiday Shirt/(เสื้อเชิ้ตฮอลิเดย์) สำหรับฉลองเทศกาล ดวงดาวฤดูหนาว/186/-1/50/255 0 0/false/Shirt",
        "1187": "Leafy Top/Leafy Top/(เสื้อใบไม้) เสื้อนี้ประดับไปด้วยใบไม้ของจริง/187/-1/50/255 0 0/false/Shirt",
        "1188": "Goodnight Shirt/Goodnight Shirt/(กู๊ดไนท์เชิ้ต) มีกระเป๋าใหญ่บนเสื้อ และมีลายรูปดวงจันทร์/188/-1/50/255 0 0/false/Shirt",
        "1189": "Green Belted Shirt/Green Belted Shirt/(เสื้อเชิ้ตสีเขียว) เสื้อเชิ้ตสีเขียวที่มีเข็มขัด/189/-1/50/255 0 0/false/Shirt",
        "1190": "Happy Shirt/Happy Shirt/(แฮปปี้เชิ้ต) นี่เป็นเสื้อที่มีความสุขที่สุด/190/-1/50/255 0 0/false/Shirt",
        "1191": "Shirt with Bow/Shirt with Bow/(เชิ้ตพร้อมโบว์) เสื้อตัวนี้มาพร้อม โบว์เล็กๆรอบๆคอ/191/-1/50/255 0 0/true/Shirt",
        "1192": "Jester Shirt/Jester Shirt/(เจสเตอร์เชิ้ต) ดึงอินเนอร์ความเป็น ตัวตลกออกมาสิ/192/-1/50/255 0 0/false/Shirt",
        "1193": "Ocean Shirt/Ocean Shirt/(โอเชี่ยนเชิ้ต) เสื้อที่เหมือนคลื่นใต้ทะเล/193/-1/50/255 0 0/false/Shirt",
        "1194": "Dark Striped Shirt/Dark Striped Shirt/(เสื้อลายทางสีเข้ม) เสื้อสีเข้มที่มีแถบสีสดใส/194/-1/50/255 0 0/true/Shirt",
        "1195": "Bandana Shirt/Bandana Shirt/(บานดาน่าเชิ้ต) เสื้อพร้อมผ้าพันคอที่ทำให้ คอของคุณสะอาดมาก/195/-1/50/255 0 0/false/Shirt",
        "1196": "Backpack Shirt/Backpack Shirt/(แบ็คแพ็คเชิ้ต) เสื้อเชิ้ตธรรมดาที่มีกระเป๋าเป้ผ้าใบ/196/-1/50/255 0 0/true/Shirt",
        "1197": "Purple Blouse/Purple Blouse/(เสื้อสตรีสีม่วง) เสื้อสตรีสีม่วงอันสวยงาม/197/-1/50/255 0 0/false/Shirt",
        "1198": "Vintage Polo/Vintage Polo/(เสื้อโปโลวินเทจ) มันจางหายไปตามกาลเวลา แถมกลิ่นก็เหมือน ตู้เสื้อผ้าเก่าๆ/198/-1/50/255 0 0/false/Shirt",
        "1199": "Toga Shirt/Toga Shirt/(เสื้อคลุม) ดีไซน์ดูโบราณ แต่ก็โปร่งดี!/199/-1/50/255 0 0/false/Shirt/Sleeveless",
        "1200": "Star Shirt/Star Shirt/(สตาร์เชิ้ต) ดาวควรจะส่องแสงในที่มืดสิ แต่นี่ไม่/200/-1/50/255 0 0/true/Shirt",
        "1201": "Classy Top/Classy Top/(คลาสซี่ท๊อป) มันให้ความรู้สึกเหมือน กำมะหยี่ที่นิ่มที่สุด/201/202/50/255 0 0/false/Shirt",
        "1203": "Bandana Shirt/Bandana Shirt/(บานดาน่าเชิ้ต) เสื้อพร้อมผ้าพันคอ เพื่อป้องกันคอของคุณ จากอันตราย/203/-1/50/255 0 0/false/Shirt",
        "1204": "Vacation Shirt/Vacation Shirt/(แวเคชั่นเชิ้ต) มันเป็นเสื้อท่องเที่ยวจากหมู่เกาะเฟิร์น/204/-1/50/255 0 0/false/Shirt",
        "1205": "Green Thumb Shirt/Green Thumb Shirt/(เสื้อกรีนทัมป์) มันมาพร้อมกับดินผสม/205/-1/50/255 0 0/false/Shirt",
        "1206": "Bandana Shirt/Bandana Shirt/(บานดาน่าเชิ้ต) เสื้อที่มีผ้าพันคอ เพื่อให้คอของคุณ รู้สึกนุ่ม/206/-1/50/255 0 0/false/Shirt",
        "1207": "Slime Shirt/Slime Shirt/(เสื้อสไลม์) เสื้อที่เหมือนสไลม์ยักษ์/207/-1/50/255 0 0/false/Shirt",
        "1208": "Excavator Shirt/Excavator Shirt/(เอ็กซ์คาเวเตอร์เชิ้ต) ดูคมดีนะเวลาขุดหาฟอสซิล/208/-1/50/255 0 0/false/Shirt",
        "1209": "Sports Shirt/Sports Shirt/(เสื้อกีฬา) เคาะออกจากสวนด้วยรูปลักษณ์ที่คลาสสิก/209/-1/50/255 0 0/true/Shirt",
        "1210": "Heart Shirt/Heart Shirt/(เสื้อเชิ้ตหัวใจ) เปิดเผยความรู้สึกของคุณให้ผู้คนรับรู้ ด้วยเสื้อเชิ้ตที่นุ่มเป็นพิเศษตัวนี้/210/-1/50/255 255 255/true/Shirt",
        "1211": "Dark Jacket/Dark Jacket/(แจ็คเก็ตสีเข้ม) แจ็คเก็ตซึ่งทำจาก ผ้ายีนส์สีเข้มบุด้วยขนแกะ./211/-1/50/255 0 0/false/Shirt",
        "1212": "Sunset Shirt/Sunset Shirt/(ซันเซ็ทเชิ้ต) เสื้อที่ได้รับแรงบันดาลใจ จากช่วงเวลา ที่เร้าอารมณ์มากที่สุดของวัน/212/-1/50/255 0 0/false/Shirt",
        "1213": "Chef Coat/Chef Coat/(เสื้อโค้ทของเชฟ) เครื่องแบบประเพณี ของหัวหน้าเชฟ/213/-1/50/255 0 0/false/Shirt",
        "1214": "Shirt O' The Sea/Shirt O' The Sea/(เสื้อโอเดอะซี) มันมีกลิ่นเหมือนเกลือในทะเล/214/-1/50/255 0 0/false/Shirt",
        "1215": "Arcane Shirt/Arcane Shirt/(เสื้ออาร์เคน) คุณสามารถรู้สึกถึงพลังจากเสื้อผ้าตัวนี้/215/-1/50/255 0 0/false/Shirt",
        "1216": "Plain Overalls/Plain Overalls/(กางเกงหลวมๆ) กางเกงคลาสสิกกับเสื้อ ที่สามารถย้อมสีได้/216/-1/50/255 0 0/true/Shirt",
        "1217": "Sleeveless Overalls/Sleeveless Overalls/(เสื้อแขนกุด) กางเกงคลาสสิก กับเสื้อแขนกุด ที่สามารถย้อมสีได้/217/-1/50/255 0 0/true/Shirt/Sleeveless",
        "1218": "Cardigan/Cardigan/(คาร์ดิแกน) เสื้อสเวตเตอร์ถักลายปุ่มสุดนุ่มนิ่ม/218/-1/50/255 0 0/true/Shirt",
        "1219": "Yoba Shirt/Yoba Shirt/(เสื้อโยบะ) เสื้อที่แสดงให้เห็นถึง 'สัญลักษณ์แห่งร่างทรง'/219/-1/50/255 0 0/false/Shirt",
        "1220": "Necklace Shirt/Necklace Shirt/(เนคเลซเชิ้ต) เสื้อที่มีสร้อยคอทองคำ/220/-1/50/255 0 0/true/Shirt",
        "1221": "Belted Coat/Belted Coat/(โค้ทสีดำ) เสื้อโค้ทสีดำนุ่มนิ่ม ที่มีเข็มขัดที่โดดเด่น/221/-1/50/255 0 0/false/Shirt",
        "1222": "Gold Trimmed Shirt/Gold Trimmed Shirt/(เสื้อขอบทอง) เสื้อที่มีขอบสีทอง/222/-1/50/255 0 0/true/Shirt",
        "1223": "Prismatic Shirt/Prismatic Shirt/(เสื้อพริสมาติก) มันระยิบระยับไปด้วย พลังงานของพริสมาติก/223/-1/50/255 0 0/false/Shirt/Prismatic",
        "1224": "Pendant Shirt/Pendant Shirt/(เพนแดนท์เชิ้ต) เสื้อที่มีจี้สร้อยคอขนาดใหญ่/224/-1/50/255 0 0/true/Shirt",
        "1225": "High Heat Shirt/High Heat Shirt/(เสื้อความร้อนสูง) เสื้อที่เกือบจะดูเหมือนว่า มันเป็นไฟ!!/225/-1/50/255 0 0/false/Shirt",
        "1226": "Flames Shirt/Flames Shirt/(เสื้อแห่งเพลิง) ดูเท่ไปกับไฟร้อนๆ/226/-1/50/255 0 0/false/Shirt",
        "1227": "Antiquity Shirt/Antiquity Shirt/(เสื้อโบราณ) เสื้อเชิ้ตที่มีลวดลายโบราณ/227/-1/50/255 0 0/false/Shirt",
        "1228": "Soft Arrow Shirt/Soft Arrow Shirt/(เสื้อลายลูกศร) เสื้อเชิ๊ตสีอ่อนที่มี ลวดลายลูกศรชี้ขึ้น/228/-1/50/255 0 0/false/Shirt",
        "1229": "Doll Shirt/Doll Shirt/(เสื้อตุ๊กตา) เสื้อที่มีใบหน้าตุ๊กตาโบราณแปลกประหลา./229/-1/50/255 0 0/false/Shirt",
        "1230": "Jewelry Shirt/Jewelry Shirt/(เสื้ออัญมณี) เสื้อพร้อมโซ่สีทองตัวหนึ่ง/230/-1/50/255 0 0/false/Shirt",
        "1231": "Canvas Jacket/Canvas Jacket/(แจ็คเก็ตผ้าใบ) แจ็คเก็ตสีน้ำตาลที่มีซับขนแกะ/231/-1/50/255 0 0/false/Shirt",
        "1232": "Trash Can Shirt/Trash Can Shirt/(เสื้อถังขยะ) เสมือนคุณสวมใส่ถังขยะอยู่/232/-1/50/255 0 0/false/Shirt/Sleeveless",
        "1233": "Rusty Shirt/Rusty Shirt/(เสื้อขึ้นสนิม) เป็นเสื้อที่ทำให้ ดูเหมือนเปื้อนสนิม/233/-1/50/255 0 0/false/Shirt",
        "1234": "Circuitboard Shirt/Circuitboard Shirt/(เสื้อแผงวงจร) เสื้อนี้ดูเหมือน แผนวงจรอิเล็กทรอนิกส์เลย/234/-1/50/255 0 0/false/Shirt",
        "1235": "Fluffy Shirt/Fluffy Shirt/(เสื้อปุกปุย) มันช่างปุกปุย/235/-1/50/255 0 0/false/Shirt",
        "1236": "Sauce-Stained Shirt/Sauce-Stained Shirt/(เสื้อซอสสปาเกตตี) มันเต็มไปด้วยซอสสปาเกตตี ดังนั้นคุณจะไม่รู้สึกแย่กับมัน!/236/-1/50/255 0 0/false/Shirt",
        "1237": "Brown Suit/Brown Suit/(สูทสีน้ำตาล) ชุดสูทสีน้ำตาลมาตรฐานสำหรับธุรกิจ/237/-1/50/255 0 0/false/Shirt",
        "1238": "Golden Shirt/Golden Shirt/(เสื้อสีทอง) มันคือเสื้อที่มีสีทองเปล่งประกาย/238/-1/50/255 0 0/false/Shirt",
        "1239": "Captain's Uniform/Captain's Uniform/(ชุดของกัปตัน) ชุดสุดคลาสสิก ของกัปตันเรือ/239/-1/50/255 0 0/false/Shirt",
        "1240": "Officer Uniform/Officer Uniform/(เครื่องแบบเจ้าหน้าที่) เครื่องแบบเจ้าหน้าที่กฎหมาย สุดคลาสสิค/240/-1/50/255 0 0/false/Shirt",
        "1241": "Ranger Uniform/Ranger Uniform/(ชุดเรนเจอร์) ชุดยูนิฟอร์มคลาสสิก สำหรับเจ้าหน้าที่อุทยาน/241/-1/50/255 0 0/false/Shirt",
        "1242": "Blue Long Vest/Blue Long Vest/(เสื้อกั๊กยาวสีฟ้า) เสื้อกั๊กสีฟ้ายาว ทับบนเสื้อสีเทา/242/-1/50/255 0 0/false/Shirt/Sleeveless",
        "1243": "Regal Mantle/Regal Mantle/(เสื้อคลุมหรูหรา) เสื้อสีม่วงหรูหรา/243/-1/50/255 0 0/false/Shirt",
        "1244": "Relic Shirt/Relic Shirt/(เสื้อของรูปปั้น) ฉันเจอรูปปั้นสีทอง และฉันก็ได้เสื้อตัวนี้มา เพื่อพิสูจน์มัน!/244/-1/50/255 0 0/false/Shirt",
        "1245": "Bobo Shirt/Bobo Shirt/(เสื้อโบโบ้) เสื้อสีชมพูที่มีรูปคนที่ดูประหลาด/245/-1/50/255 0 0/false/Shirt",
        "1246": "Fried Egg Shirt/Fried Egg Shirt/(เสื้อไข่ดาว) ตื่นได้แล้ว ถึงเวลาสำหรับไข่แล้ว/246/-1/50/255 0 0/false/Shirt",
        "1247": "Burger Shirt/Burger Shirt/(เสื้อเบอร์เกอร์) ใส่ของที่คุณกินซะสิ!/247/-1/50/255 0 0/false/Shirt",
        "1248": "Collared Shirt/Collared Shirt/(เสื้อคอปก) เสื้อเชิ้ตคอปกแข็งสีขาว/248/-1/50/255 0 0/true/Shirt",
        "1249": "Toasted Shirt/Toasted Shirt/(เสื้อขนมปังปิ้ง) มันเหมือนขนมปังปิ้งเบาๆ นะ/249/-1/50/255 0 0/false/Shirt",
        "1250": "Carp Shirt/Carp Shirt/(เสื้อปลาคาร์พ) หัวปลาคาร์พประดับอยู่ด้านหน้า/250/-1/50/255 0 0/false/Shirt",
        "1251": "Red Flannel Shirt/Red Flannel Shirt/(เสื้อสักหลาดสีแดง) เสื้อสักหลาดสีแดงที่มีลายสีน้ำเงิน/251/-1/50/255 0 0/false/Shirt",
        "1252": "Tortilla Shirt/Tortilla Shirt/(เสื้อตอร์ตีย่า) เสื้อยืดที่เนื้อผ้าละม้ายคล้ายกับแป้งตอร์ติญ่า/252/-1/50/255 0 0/false/Shirt",
        "1253": "Warm Flannel Shirt/Warm Flannel Shirt/(เสื้อสักหลาดอันอบอุ่น) เสื้อสักหลาดสีน้ำตาลและสีแดงอันอบอุ่น/253/-1/50/255 0 0/false/Shirt",
        "1254": "Sugar Shirt/Sugar Shirt/(เสื้อน้ำตาล) มันช่างเต็มไปด้วย 'พลังแห่งเบาหวาน'/254/-1/50/255 0 0/false/Shirt",
        "1255": "Green Flannel Shirt/Green Flannel Shirt/(เสื้อผ้าสักหลาดสีเขียว) เสื้อสักหลาดที่มีลวดลายสีเขียวและน้ำตาล/255/-1/50/255 0 0/false/Shirt",
        "1256": "Oil Stained Shirt/Oil Stained Shirt/(เสื้อย้อมสีน้ำมัน) มันมีคราบน้ำมันอยู่แล้วเพื่อให้ดูเป็นมันวาว/256/-1/50/255 0 0/false/Shirt/Sleeveless",
        "1257": "Morel Shirt/Morel Shirt/(เสื้อเห็ดโมเรล) เสื้อตัวนี้มีรูปเห็ดที่เป็นตัวแทนฤดูใบไม้ผลิ/257/-1/50/255 0 0/false/Shirt",
        "1258": "Spring Shirt/Spring Shirt/(เสื้อเชิ้ตฤดูใบไม้ผลิ) มันสว่างไสว สดชื่น และมีสีสันของฤดูใบไม้ผลิ/258/-1/50/255 0 0/false/Shirt",
        "1259": "Sailor Shirt/Sailor Shirt/(เสื้อกะลาสี) ทำให้คุณนึกถึงทะเลเปิด/259/-1/50/255 0 0/true/Shirt",
        "1260": "Rain Coat/Rain Coat/(เสื้อกันฝน) เสื้อกันฝนสีเหลืองอันคลาสสิค/260/-1/50/255 0 0/false/Shirt",
        "1261": "Sailor Shirt/Sailor Shirt/(เสื้อกะลาสี) ซึ่งแตกต่างจากเสื้อกะลาสีส่วนใหญ่ เสื้อตัวนี้สามารถย้อมได้ และมีปกสีขาว/261/-1/50/255 0 0/true/Shirt",
        "1262": "Dark Bandana Shirt/Dark Bandana Shirt/(เสื้อเชิ้ตบานดาน่าสีเข้ม) เสื้อสีเข้มกับผ้าพันคอที่มีสีสัน/262/-1/50/255 0 0/true/Shirt",
        "1263": "Dark Highlight Shirt/Dark Highlight Shirt/(เสื้อไฮไลท์สีเข้ม) เสื้อสีเข้มที่มีไฮไลต์สว่างไสว/263/-1/50/255 0 0/true/Shirt",
        "1264": "Omni Shirt/Omni Shirt/(เสื้อออมนิ) มันถูกแต้มด้วยเกล็ดสีรุ้ง!!/264/-1/50/255 0 0/false/Shirt",
        "1265": "Bridal Shirt/Bridal Shirt/(เสื้อเจ้าสาว) เสื้อส่วนบนสีขาวสวย เหมาะสำหรับเจ้าสาว/265/-1/50/255 0 0/false/Shirt",
        "1266": "Brown Overalls/Brown Overalls/(กางเกงเอี๊ยมสีน้ำตาล) มันยากที่จะเห็นคราบสกปรกบนกางเกงนี้/266/-1/50/255 0 0/false/Shirt",
        "1267": "Orange Bow Shirt/Orange Bow Shirt/(เสื้อโบว์ส้ม) เสื้อเชิ้ตลายขวางสีส้มกับโบว์สีขาวขนาดใหญ่/267/-1/50/255 0 0/false/Shirt",
        "1268": "White Overalls/White Overalls/(กางเกงเอี๊ยมสีขาว) รูปลักษณ์ที่สะอาดตาของชาวนาสุดคลาสสิค/268/-1/50/255 0 0/false/Shirt",
        "1269": "Pour-Over Shirt/Pour-Over Shirt/(เสื้อ โพร์-โอเวอร์) ลวดลายซิกแซกที่คุ้นเคย ประดับลงบนเสื้อตัวนี้ อ่า... กลิ่นนั่น/269/-1/50/255 0 0/false/Shirt",
        "1270": "Green Jacket Shirt/Green Jacket Shirt/(เสื้อแจ็คเก็ตสีเขียว) แรงบันดาลใจจากเสื้อของเป็ด เสื้อสามารถย้อมสีได้/270/-1/50/255 0 0/true/Shirt",
        "1271": "Short Jacket/Short Jacket/(แจ็คเก็ตสั้น) แจ็คเก็ตย้อมสีสั้น ๆ บนเสื้อ/271/-1/50/255 0 0/true/Shirt",
        "1272": "Polka Dot Shirt/Polka Dot Shirt/(เสื้อลายจุด) เสื้อสีดำที่มีลายจุด/272/-1/50/255 0 0/true/Shirt",
        "1273": "White Dot Shirt/White Dot Shirt/(เสื้อจุดขาว) เสื้อย้อมสีขาวลายจุด/273/-1/50/255 0 0/true/Shirt",
        "1274": "Camo Shirt/Camo Shirt/(เสื้อลายทหาร) ช่วยให้คุณกลมกลืน กับสิ่งแวดล้อม/274/-1/50/255 0 0/false/Shirt",
        "1275": "Dirt Shirt/Dirt Shirt/(เดิร์ทเชิ้ต) คุณจะดูโคตรเหมาะในฟาร์ม!/275/-1/50/255 0 0/false/Shirt",
        "1276": "Crab Cake Shirt/Crab Cake Shirt/(แครบเค้กเชิ้ต) เตรียมซอสอัลยอลี (aioli) ไว้ล่วงหน้า เพื่อความเพลิดเพลินของคุณ อร่อยเหาะ!!/276/-1/50/255 0 0/false/Shirt",
        "1277": "Silky Shirt/Silky Shirt/(เสื้อยืดแพรไหม) ทำจากวัสดุนุ่มลื่นดุจแพรไหม/277/-1/50/255 0 0/true/Shirt",
        "1278": "Blue Buttoned Vest/Blue Buttoned Vest/(เสื้อกั๊กน้ำเงินติดกระดุม) มันเป็นเสื้อสีน้ำเงินที่มีแขนย้อมสีได้/278/-1/50/255 0 0/true/Shirt",
        "1279": "Faded Denim Shirt/Faded Denim Shirt/(เสื้อเชิ้ตยีนส์สีซีด) มันเป็นเสื้อยีนส์ที่มีรูปลักษณ์ ที่เต็มไปด้วยฝุ่นและสีซีดจาง/279/-1/50/255 0 0/false/Shirt",
        "1280": "Red Buttoned Vest/Red Buttoned Vest/(เสื้อกั๊กแดงติดกระดุม) เสื้อสีแดงที่มีแขนย้อมสีได้/280/-1/50/255 0 0/true/Shirt",
        "1281": "Green Buttoned Vest/Green Buttoned Vest/(เสื้อกั๊กสีเขียวติดกระดุม) มันเป็นเสื้อกั๊กสีเขียวที่มีแขนย้อมสีได้/281/-1/50/255 0 0/true/Shirt",
        "1282": "Tomato Shirt/Tomato Shirt/(เสื้อมะเขือเทศ) เสื้อที่มีคำตอบให้แก่ คำถามอันยิ่งใหญ่ 'มะเขือเทศนั้น...' (ส่วนที่เหลือมันเปื้อนไปหมดเลย)./282/-1/50/255 0 0/false/Shirt/Sleeveless",
        "1283": "Fringed Vest/Fringed Vest/(เสื้อกั๊กฝอย) เสื้อกั๊กสีน้ำตาลริมเสื้อแขนกุด/283/-1/50/0 50 200/true/Shirt/Sleeveless",
        "1284": "Globby Shirt/Globby Shirt/(กล๊อบบี้เชิ้ต) มันมีลวดลายของหยดน้ำเล็กๆที่จำแนกไม่ได้/284/-1/50/0 50 200/true/Shirt",
        "1285": "Midnight Dog Jacket/Midnight Dog Jacket/(แจ็คเก็ตสุนัขราตรี) มันถูกย้อมสีน้ำเงินราตรีเข้ม จากน้ำหมึก/285/-1/50/0 50 200/false/Shirt",
        "1286": "Shrimp Enthusiast Shirt/Shrimp Enthusiast Shirt/(เสื้อเชิ้ตของคนคลั่งไคล้กุ้ง) สำหรับผู้ที่อยากทานกุ้งจำนวนมาก/288/-1/50/0 50 200/false/Shirt",
        "1287": "Tea Shirt/Tea Shirt/(เสื้อน้ำชา) แรงบันดาลใจจากเครื่องดื่มที่โด่งดัง/287/-1/50/0 50 200/false/Shirt",
        "1288": "Trinket Shirt/Trinket Shirt/(ทริงเก็ตเชิ้ต) เสื้อที่มีลูกกลมแก้วสี ขนาดใหญ่ติดอยู่กับมัน/290/-1/50/0 50 200/false/Shirt",
        "1289": "Darkness Suit/Darkness Suit/(สูทแห่งความมืด) ชุดสูทสีดำด้านบนมีกระเป๋าสี่เหลี่ยมสีแดงที่จาง/291/-1/50/0 50 200/false/Shirt",
        "1290": "Mineral Dog Jacket/Mineral Dog Jacket/(แจ็คเก็ตมิเนอรัลด๊อก) มันอัดแน่นไปด้วยแร่ธาตุจากมหาสมุทร/292/-1/50/0 50 200/false/Shirt",
        "1997": "Magic Sprinkle Shirt/Magic Sprinkle Shirt/(เมจิกสปริงเคิลส์เชิ้ต) เสื้อเชิ้ตที่ถูกโรยไปด้วยพริสมาติก/272/-1/50/0 50 200/false/Shirt/Prismatic",
        "1998": "Prismatic Shirt/Prismatic Shirt/(เสื้อพริสมาติก) มันระยิบระยับไปด้วย พลังงานของพริสมาติก มีแขนสีเข้ม/289/-1/50/0 50 200/false/Shirt/Prismatic",
        "1999": "Prismatic Shirt/Prismatic Shirt/(เสื้อพริสมาติก) มันระยิบระยับไปด้วย พลังงานของพริสมาติก มีแขนสีขาว/288/-1/50/0 50 200/false/Shirt/Prismatic",
        "-1": "Pants/Pants/(กางเกง) กางเกงที่คุณสวมใส่ได้/0/-1/50/255 235 203/true/Pants",
        "-2": "Shirt/Shirt/(เสื้อเชิ้ต) เชิ้ตที่คุณสวมใส่ได้/0/-1/50/255 255 255/false/Shirt"
    }
}
