[
  {
    "ID": 0,
    "Name": "Cotton Candy",
    "DisplayName": "Cotton Candy",
    "Description": "(สายไหม) ก้อนเมฆสีชมพูกลุ่มใหญ่ทำจากน้ำตาลปั่น",
    "Price": 50,
    "ItemTags": [
      "Sweet",
      "Candy"
    ]
  },
  {
    "ID": 1,
    "Name": "Jasmine Tea",
    "DisplayName": "Jasmine Tea",
    "Description": "(ชามะลิ) ชาเขียวที่มีกลิ่นหอมของมะลิ",
    "Price": 50,
    "ItemTags": [
      "Drink",
      "Hot",
      "Healthy"
    ]
  },
  {
    "ID": 2,
    "Name": "Joja Cola",
    "DisplayName": "Joja Cola",
    "Description": "(โจจ้าโคล่า) น้ำอัดลมโจจ้าแก้วใหญ่พิเศษ",
    "Price": 40,
    "ItemTags": [
      "Drink",
      "Cold",
      "Joja"
    ]
  },
  {
    "ID": 3,
    "Name": "Sour Slimes",
    "DisplayName": "Sour Slimes",
    "Description": "(สไลม์เปรี้ยว) เยลลี่เคี้ยวหนึบรูปสไลม์หลากสี พวกมันถูกโรยด้วยผงที่มีรสเปรี้ยวสุดๆ",
    "Price": 80,
    "ItemTags": [
      "Sour",
      "Candy"
    ]
  },
  {
    "ID": 4,
    "Name": "Personal Pizza",
    "DisplayName": "Personal Pizza",
    "Description": "(พิซซ่าสำหรับทานคนเดียว) พิซซ่าที่มีขนาดเล็กจนสามารถรับประทานเป็นอาหารว่างได้",
    "Price": 150,
    "ItemTags": [
      "Hot",
      "Fatty"
    ]
  },
  {
    "ID": 5,
    "Name": "Nachos",
    "DisplayName": "Nachos",
    "Description": "(นาโช่ส์) แผ่นแป้งตอร์ตีย่าทอดสดใหม่ราดด้วยชีสที่เหนียวหนืดรสเผ็ด",
    "Price": 100,
    "ItemTags": [
      "Hot",
      "Salty",
      "Fatty"
    ]
  },
  {
    "ID": 6,
    "Name": "Salmon Burger",
    "DisplayName": "Salmon Burger",
    "Description": "(เบอร์เกอร์แซลม่อน) แซลม่อนชิ้นหนาบนขนมปังงาที่ถูกปิ้งจนเกรียมเล็กน้อย",
    "Price": 150,
    "ItemTags": [
      "Sandwich",
      "Burger"
    ]
  },
  {
    "ID": 7,
    "Name": "Ice Cream Sandwich",
    "DisplayName": "Ice Cream Sandwich",
    "Description": "(ไอศกรีมแซนด์วิช) ไอศกรีมวานิลลาที่ถูกประกบด้วยคุกกี้ช็อกโกแลตสองชิ้น",
    "Price": 150,
    "ItemTags": [
      "Sandwich",
      "Sweet",
      "Cold"
    ]
  },
  {
    "ID": 8,
    "Name": "Popcorn",
    "DisplayName": "Popcorn",
    "Description": "(ป๊อปคอร์น) เมล็ดข้าวโพดที่ถูกคั่วจนพอง เพิ่มรสชาติด้วยเนยและโรยเกลือนิดหน่อย",
    "Price": 120,
    "ItemTags": [
      "Hot",
      "Salty"
    ]
  },
  {
    "ID": 9,
    "Name": "Fries",
    "DisplayName": "Fries",
    "Description": "(มันฝรั่งทอด) มันฝรั่งฝานบางๆ ทอดกรอบแล้วโรยเกลือเล็กน้อย",
    "Price": 100,
    "ItemTags": [
      "Hot",
      "Salty",
      "Fatty"
    ]
  },
  {
    "ID": 10,
    "Name": "Chocolate Popcorn",
    "DisplayName": "Chocolate Popcorn",
    "Description": "(ป๊อปคอร์นรสช็อกโกแลต) มันก็คือป๊อปคอร์นธรรมดา... แต่ถูกเคลือบด้วยช็อกโกแลต",
    "Price": 130,
    "ItemTags": [
      "Hot",
      "Sweet"
    ]
  },
  {
    "ID": 11,
    "Name": "Black Licorice",
    "DisplayName": "Black Licorice",
    "Description": "(ลูกอมรสชะเอมเทศดำ) ลูกอบเคี้ยวหนึบ รสชาติเข้มข้นและมีกลิ่นฉุน",
    "Price": 25,
    "ItemTags": null
  },
  {
    "ID": 12,
    "Name": "Star Cookie",
    "DisplayName": "Star Cookie",
    "Description": "(คุกกี้ดวงดาว) คุกกี้ชอร์ทเบรดรูปดาวที่โรยด้วยน้ำตาลสีรุ้ง",
    "Price": 150,
    "ItemTags": [
      "Sweet"
    ]
  },
  {
    "ID": 13,
    "Name": "Jawbreaker",
    "DisplayName": "Jawbreaker",
    "Description": "(นักทำลายขากรรไกร) ลูกอมที่ทั้งใหญ่และแข็ง ดูหนังจบหนึ่งเรื่องแล้วก็ยังละลายไม่หมด!",
    "Price": 250,
    "ItemTags": [
      "Sweet",
      "Candy"
    ]
  },
  {
    "ID": 14,
    "Name": "Salted Peanuts",
    "DisplayName": "Salted Peanuts",
    "Description": "(ถั่วโรยเกลือ) ขนมรสเค็มสุดคลาสสสิก",
    "Price": 120,
    "ItemTags": [
      "Salty"
    ]
  },
  {
    "ID": 15,
    "Name": "Hummus Snack Pack",
    "DisplayName": "Hummus Snack Pack",
    "Description": "(เซตอาหารว่างฮัมมัส) มันกรุบกรอบและดีต่อสุขภาพ",
    "Price": 90,
    "ItemTags": [
      "Healthy"
    ]
  },
  {
    "ID": 16,
    "Name": "Kale Smoothie",
    "DisplayName": "Kale Smoothie",
    "Description": "(เคลปั่น) มันอุดมไปด้วยเส้นใยและวิตามิน",
    "Price": 120,
    "ItemTags": [
      "Drink",
      "Healthy"
    ]
  },
  {
    "ID": 17,
    "Name": "Apple Slices",
    "DisplayName": "Apple Slices",
    "Description": "(แอปเปิลหั่นชิ้น) แอปเปิลหั่นเป็นชิ้นเล็กๆ ที่ทั้งหวานและกรุบกรอบ",
    "Price": 100,
    "ItemTags": [
      "Sweet",
      "Healthy"
    ]
  },
  {
    "ID": 18,
    "Name": "Panzanella Salad",
    "DisplayName": "Panzanella Salad",
    "Description": "(สลัดแพนนาเซลลา) สลัดแห่งฤดูร้อน ประกอบไปด้วยขนมปังและมะเขือเทศ",
    "Price": 200,
    "ItemTags": [
      "Gourmet",
      "Healthy"
    ]
  },
  {
    "ID": 19,
    "Name": "Truffle Popcorn",
    "DisplayName": "Truffle Popcorn",
    "Description": "(ป๊อปคอร์นรสเห็ดทรัฟเฟิล) ป๊อปคอร์นสูตรโบราณที่โรยด้วยเกลือเห็ดทรัฟเฟิล",
    "Price": 180,
    "ItemTags": [
      "Gourmet",
      "Salty"
    ]
  },
  {
    "ID": 20,
    "Name": "Cappuccino Mousse Cake",
    "DisplayName": "Cappuccino Mousse Cake",
    "Description": "(คาปูชิโน่มูสเค้ก) เค้กช็อกโกแลตก้อนเล็กที่เคลือบด้วยมูสคาปูชิโน่",
    "Price": 220,
    "ItemTags": [
      "Sweet",
      "Gourmet"
    ]
  },
  {
    "ID": 21,
    "Name": "JojaCorn",
    "DisplayName": "JojaCorn",
    "Description": "(ข้าวโพดโจจ้า) ข้าวโพดสูตรเฉพาะของโจจ้า ทา\"ซอสเนยไม่อั้น\"",
    "Price": 10,
    "ItemTags": [
      "Joja"
    ]
  },
  {
    "ID": 22,
    "Name": "Stardrop Sorbet",
    "DisplayName": "Stardrop Sorbet",
    "Description": "(ไอศกรีมซอร์เบทรสสตาร์ดรอป) สารสกัดสตาร์ดรอป (Stardrop) 1 หยด เปลี่ยนซอร์เบทนี้ให้กลายเป็นของหวานที่ไม่ธรรมดา",
    "Price": 1250,
    "ItemTags": [
      "Sweet",
      "Gourmet"
    ]
  },
  {
    "ID": 23,
    "Name": "Rock Candy",
    "DisplayName": "Rock Candy",
    "Description": "(ลูกอมหิน) ผลึกน้ำตาลแต่งรสเสียบไม้พร้อมรับประทาน",
    "Price": 90,
    "ItemTags": [
      "Sweet",
      "Candy"
    ]
  }
]
