{
    "header": {
        "target": "w",
        "formatVersion": 5,
        "hidef": true,
        "compressed": 128
    },
    "readers": [
        {
            "type": "Microsoft.Xna.Framework.Content.DictionaryReader`2[[System.String, mscorlib, Version=4.0.0.0, Culture=neutral, PublicKeyToken=b77a5c561934e089],[System.String, mscorlib, Version=4.0.0.0, Culture=neutral, PublicKeyToken=b77a5c561934e089]]",
            "version": 0
        },
        {
            "type": "Microsoft.Xna.Framework.Content.StringReader",
            "version": 0
        }
    ],
    "content": {
        "Fried Egg": "-5 1/10 10/194/default/ไข่ดาว",
        "Omelet": "-5 1 -6 1/1 10/195/l 10/ไข่เจียว",
        "Salad": "20 1 22 1 419 1/25 5/196/f Emily 3/สลัด",
        "Cheese Cauli.": "190 1 424 1/5 5/197/f Pam 3/ดอกกระหล่ำอบชีส",
        "Baked Fish": "145 1 132 1 246 1/6 5/198/l 12/ปลาอบ",
        "Parsnip Soup": "24 1 -6 1 419 1/1 8/199/f Caroline 3/ซุปหัวผักกาด",
        "Vegetable Stew": "256 1 284 1/1 8/200/f Caroline 7/สตูว์ผักรวม",
        "Complete Breakfast": "194 1 -6 1 210 1 211 1/2 2/201/l 26/อาหารเช้าครบชุด",
        "Fried Calamari": "151 1 246 1 247 1/3 3/202/f Jodi 3/หมึกทอด",
        "Strange Bun": "246 1 722 1 308 1/1 1/203/f Shane 7/ขนมปังก้อนหน้าตาประหลาด",
        "Lucky Lunch": "154 1 229 1 597 1/20 1/204/s Luck 8/มื้อเที่ยงนำโชค",
        "Fried Mushroom": "404 1 257 1 247 1/22 3/205/f Demetrius 3/เห็ดทอด",
        "Pizza": "246 1 256 1 424 1/6 4/206/l 20/พิซซ่า",
        "Bean Hotpot": "188 2/1 8/207/f Clint 7/ถั่วหม้อไฟ",
        "Glazed Yams": "280 1 245 1/1 10/208/l 22/มันเทศเคลือบน้ำตาล",
        "Carp Surprise": "142 4/1 6/209/l 16/ปลาคาร์พเซอร์ไพรส์",
        "Hashbrowns": "192 1 247 1/1 9/210/l 14/มันฝรั่งบดทอด",
        "Pancakes": "246 1 -5 1/5 5/211/l 18/แพนเค้ก",
        "Salmon Dinner": "139 1 300 1 250 1/3 3/212/f Gus 3/แซลมอนมื้อค่ำ",
        "Fish Taco": "130 1 229 1 266 1 306 1/1 4/213/f Linus 7/ทาโก้ปลา",
        "Crispy Bass": "136 1 246 1 247 1/1 5/214/f Kent 3/ปลากะพงกรอบ",
        "Pepper Poppers": "260 1 424 1/10 3/215/f Shane 3/พริกยัดไส้",
        "Bread": "246 1/50 2/216/l 11/ขนมปัง",
        "Tom Kha Soup": "88 1 720 1 404 1/15 2/218/f Sandy 7/ต้มข่า",
        "Trout Soup": "138 1 153 1/5 4/219/l 19/ซุปปลาเทราต์",
        "Chocolate Cake": "246 1 245 1 -5 1/5 5/220/l 23/เค้กช็อกโกแลต",
        "Pink Cake": "254 1 246 1 245 1 -5 1/6 5/221/l 25/เค้กชมพู",
        "Rhubarb Pie": "252 1 246 1 245 1/2 4/222/f Marnie 7/พายรูบาร์บ",
        "Cookies": "246 1 245 1 -5 1/3 7/223/null/คุกกี้",
        "Spaghetti": "246 1 256 1/5 5/224/f Lewis 3/สปาเกตตี้",
        "Fried Eel": "148 1 247 1/3 4/225/f George 3/ปลาไหลทอด",
        "Spicy Eel": "148 1 260 1/10 3/226/f George 7/ยำปลาไหล",
        "Sashimi": "-4 1/20 1/227/f Linus 3/ปลาดิบ",
        "Maki Roll": "-4 1 152 1 423 1/10 3/228/l 15/ข้าวห่อสาหร่าย",
        "Tortilla": "270 1/5 4/229/l 13/ตอร์ตีย่า",
        "Red Plate": "266 1 264 1/15 3/230/f Emily 7/เรดเพลท",
        "Eggplant Parm.": "272 1 256 1/30 2/231/f Lewis 7/มะเขือม่วงผัดพาร์มิซานชีส",
        "Rice Pudding": "-6 1 245 1 423 1/9 3/232/f Evelyn 7/พุดดิ้งข้าว",
        "Ice Cream": "-6 1 245 1/2 4/233/f Jodi 7/ไอศกรีม",
        "Blueberry Tart": "258 1 246 1 245 1 -5 1/10 3/234/f Pierre 3/ทาร์ตบลูเบอร์รี่",
        "Autumn's Bounty": "280 1 276 1/50 1/235/f Demetrius 7/รางวัลแห่งฤดูใบไม้ร่วง",
        "Pumpkin Soup": "276 1 -6 1/2 4/236/f Robin 7/ซุปฟักทอง",
        "Super Meal": "278 1 282 1 274 1/1 7/237/f Kent 7/โคตรกับข้าว",
        "Cran. Sauce": "282 1 245 1/9 3/238/f Gus 7/ซอสแครนเบอร์รี่",
        "Stuffing": "216 1 282 1 408 1/2 4/239/f Pam 7/ขนมปังยัดไส้",
        "Farmer's Lunch": "195 1 24 1/60 1/240/s Farming 3/มื้ออาหารของชาวไร่",
        "Survival Burger": "216 1 78 1 272 1/70 1/241/s Foraging 2/เบอร์เกอร์ฉุกเฉิน",
        "Dish o' The Sea": "131 2 210 1/38 2/242/s Fishing 3/จานทะเล",
        "Miner's Treat": "78 2 245 1 -6 1/60 1/243/s Mining 3/ขนมของนักขุดแร่",
        "Roots Platter": "78 1 412 1/1 10/244/s Combat 3/ยำราก",
        "Algae Soup": "153 4/1 5/456/f Clint 3/ซุปตะไคร่น้ำ",
        "Pale Broth": "157 2/1 4/457/f Marnie 3/ซุปใสไม่มีสี",
        "Plum Pudding": "406 2 246 1 245 1/1 10/604/l 100/พุดดิ้งพลัม",
        "Artichoke Dip": "274 1 -6 1/1 10/605/l 100/น้ำจิ้มอาร์ติโชค",
        "Stir Fry": "78 1 404 1 250 1 247 1/1 10/606/l 100/ผัดผัก",
        "Roasted Hazelnuts": "408 3/1 10/607/l 100/เฮเซลนัทอบ",
        "Pumpkin Pie": "276 1 246 1 -6 1 245 1/1 10/608/l 100/พายฟักทอง",
        "Radish Salad": "247 1 419 1 264 1/1 10/609/l 100/สลัดหัวไช้เท้า",
        "Fruit Salad": "258 1 254 1 634 1/1 10/610/l 100/สลัดผลไม้",
        "Blackberry Cobbler": "410 2 245 1 246 1/1 10/611/l 100/พายแบล็กเบอร์รี่r",
        "Cranberry Candy": "282 1 613 1 245 1/1 10/612/l 100/ลูกอมแครนเบอร์รี่",
        "Bruschetta": "216 1 247 1 256 1/1 10/618/l 100/บรูสเก็ตต้า",
        "Coleslaw": "266 1 419 1 306 1/1 10/648/l 100/สลัดกะหล่ำปี",
        "Fiddlehead Risotto": "247 1 259 1 248 1/1 10/649/l 100/ข้าวผัดยอดใบเฟิร์น",
        "Poppyseed Muffin": "376 1 246 1 245 1/1 10/651/l 100/มัฟฟินเมล็ดป๊อปปี้",
        "Chowder": "372 1 -6 1/1 10/727/f Willy 3/ซุปข้น",
        "Lobster Bisque": "715 1 -6 1/1 10/730/f Willy 9/ซุปล็อบสเตอร์",
        "Fish Stew": "716 1 719 1 722 1 256 1/1 10/728/f Willy 7/สตูปลา",
        "Escargot": "721 1 248 1/1 10/729/f Willy 5/แอ็สการ์โก",
        "Maple Bar": "724 1 245 1 246 1/1 10/731/l 100/แท่งเมเปิล",
        "Crab Cakes": "717 1 246 1 -5 1 247 1/1 10/732/l 100/เค้กปู",
        "Triple Shot Espresso": "395 3/1 10/253/l 100/ทริปเปิ้ลช็อต เอสเพรสโซ",
        "Shrimp Cocktail": "720 1 256 1 16 1/1 10/733/l 100/ค๊อกเทลกุ้ง",
        "Seafoam Pudding": "267 1 269 1 814 1/1 10/265/s Fishing 9/พุดดี้ฟองทะเล"
    }
}
