{
    "header": {
        "target": "w",
        "formatVersion": 5,
        "hidef": true,
        "compressed": 128
    },
    "readers": [
        {
            "type": "Microsoft.Xna.Framework.Content.DictionaryReader`2[[System.String, mscorlib, Version=4.0.0.0, Culture=neutral, PublicKeyToken=b77a5c561934e089],[System.String, mscorlib, Version=4.0.0.0, Culture=neutral, PublicKeyToken=b77a5c561934e089]]",
            "version": 0
        },
        {
            "type": "Microsoft.Xna.Framework.Content.StringReader",
            "version": 0
        }
    ],
    "content": {
        "Wood Fence": "388 2/Field/322/false/l 0/รั้วไม้",
        "Stone Fence": "390 2/Field/323/false/Farming 2/รั้วหิน",
        "Iron Fence": "335 1/Field/324 10/false/Farming 4/รั้วเหล็ก",
        "Hardwood Fence": "709 1/Field/298/false/Farming 6/รั้วไม้เนื้อแข็ง",
        "Grass Starter": "771 10/Field/297/false/null/ชุดเริ่มต้นปลูกหญ้า",
        "Gate": "388 10/Home/325/false/l 0/ประตูรั้ว",
        "Chest": "388 50/Home/130/true/null/หีบ",
        "Torch": "388 1 92 2/Field/93/false/l 0/คบไฟ",
        "Scarecrow": "388 50 382 1 771 20/Home/8/true/Farming 1/หุ่นไล่กา",
        "Deluxe Scarecrow": "388 50 386 1 771 40/Home/167/true/null/หุ่นไล่กาชนิดพิเศษ",
        "Bee House": "388 40 382 8 335 1 724 1/Home/10/true/Farming 3/บ้านผึ้ง",
        "Keg": "388 30 334 1 335 1 725 1/Home/12/true/Farming 8/ถังไม้โอ๊ก",
        "Cask": "388 20 709 1/Home/163/true/null/ถังหมัก",
        "Furnace": "378 20 390 25/Home/13/true/l 2/เตาหลอม",
        "Garden Pot": "330 1 390 10 338 1/Home/62/true/null/กระถางต้นไม้",
        "Wood Sign": "388 25/Home/37/true/null/ป้ายไม้",
        "Stone Sign": "390 25/Home/38/true/null/ป้ายหิน",
        "Cheese Press": "388 45 390 45 709 10 334 1/Home/16/true/Farming 6/เครื่องทำเนย",
        "Mayonnaise Machine": "388 15 390 15 86 1 334 1/Home/24/true/Farming 2/เครื่องทำมายองเนส",
        "Seed Maker": "388 25 382 10 336 1/Home/25/true/Farming 9/เครื่องผลิตเมล็ดพันธุ์",
        "Loom": "388 60 771 30 726 1/Home/17/true/Farming 7/เครื่องทอผ้า",
        "Oil Maker": "766 50 709 20 336 1/Home/19/true/Farming 8/เครื่องสกัดน้ำมัน",
        "Recycling Machine": "388 25 390 25 335 1/Home/20/true/Fishing 4/เครื่องรีไซเคิลขยะ",
        "Worm Bin": "709 25 336 1 335 1 771 50/Home/154/true/Fishing 8/เครื่องสร้างเหยื่อยตกปลา",
        "Preserves Jar": "388 50 390 40 382 8/Home/15/true/Farming 4/ถังถนอมอาหาร",
        "Charcoal Kiln": "388 20 334 2/Home/114/true/Foraging 4/เตาเผาถ่าน",
        "Tapper": "388 40 334 2/Home/105/true/Foraging 3/เครื่องกรีดยาง",
        "Lightning Rod": "335 1 338 1 767 5/Home/9/true/Foraging 6/สายล่อฟ้า",
        "Slime Incubator": "337 2 766 100/Home/156/true/Combat 8/เครื่องฟักไข่สไลม์",
        "Slime Egg-Press": "382 25 82 1 787 1/Home/158/true/Combat 6/เครื่องทำไข่สไลม์",
        "Crystalarium": "390 99 336 5 337 2 787 1/Home/2/true/Mining 9/เครื่องคัดลอกอัญมณี",
        "Mini-Jukebox": "335 2 787 1/Home/209/true/null/ตู้เพลงขนาดเล็ก",
        "Sprinkler": "334 1 335 1/Home/599/false/Farming 2/สปริงเกอร์",
        "Quality Sprinkler": "335 1 336 1 338 1/Home/621/false/Farming 6/สปริงเกอร์คุณภาพดี",
        "Iridium Sprinkler": "336 1 337 1 787 1/Home/645/false/Farming 9/สปริงเกอร์อิริเดียม",
        "Staircase": "390 99/Field/71/true/Mining 2/บันไดเหมือง",
        "Flute Block": "388 10 378 2 771 20/Home/464/false/null/บล็อกฟลุต",
        "Drum Block": "390 10 378 2 771 20/Home/463/false/null/บล็อกกลอง",
        "Basic Fertilizer": "92 2/Field/368/false/s Farming 1/ปุ๋ยธรรมดา",
        "Tree Fertilizer": "771 5 390 5/Field/805/false/s Foraging 7/ปุ๋ยต้นไม้",
        "Quality Fertilizer": "92 2 -4 1/Field/369/false/s Farming 9/ปุ๋ยคุณภาพดี",
        "Basic Retaining Soil": "390 2/Field/370/false/s Farming 4/ปุ๋ยรักษาความชุ่มชื้น",
        "Quality Retaining Soil": "390 3 330 1/Field/371 2/false/s Farming 7/ปุ๋ยรักษาความชุ่มชื้นคุณภาพดี",
        "Speed-Gro": "726 1 372 1/Field/465 5/false/s Farming 3/ปุ๋ยเร่งโต",
        "Deluxe Speed-Gro": "725 1 393 1/Field/466 5/false/s Farming 8/ปุ๋ยเร่งโตรุ่นพิเศษ",
        "Cherry Bomb": "378 4 382 1/Field/286/false/Mining 1/ระเบิดจิ๋ว",
        "Bomb": "380 4 382 1/Field/287/false/Mining 6/ระเบิด",
        "Mega Bomb": "384 4 768 1 769 1/Field/288/false/Mining 8/ระเบิดใหญ่",
        "Explosive Ammo": "335 1 382 2/Home/441 5/false/Combat 8/กระสุนระเบิด",
        "Transmute (Fe)": "334 3/Home/335/false/Mining 4/การแปรสภาพ (แท่งเหล็ก)",
        "Transmute (Au)": "335 2/Home/336/false/Mining 7/การแปรสภาพ (แท่งทอง)",
        "Ancient Seeds": "114 1/Field/499/false/null/เมล็ดยุคดึกดําบรรพ์",
        "Wild Seeds (Sp)": "16 1 18 1 20 1 22 1/Field/495 10/false/Foraging 1/เมล็ดพันธุ์ฤดูใบไม้ผลิ",
        "Wild Seeds (Su)": "396 1 398 1 402 1/Field/496 10/false/Foraging 4/เมล็ดพันธุ์ฤดูร้อน",
        "Wild Seeds (Fa)": "404 1 406 1 408 1 410 1/Field/497 10/false/Foraging 6/เมล็ดพันธุ์ฤดูใบไม้ร่วง",
        "Wild Seeds (Wi)": "412 1 414 1 416 1 418 1/Field/498 10/false/Foraging 7/เมล็ดพันธุ์ฤดูหนาว",
        "Tea Sapling": "-777 2 771 5 388 5/Field/251/false/null/ต้นอ่อนใบชา",
        "Warp Totem: Farm": "709 1 340 1 771 20/Field/688/false/Foraging 8/โทเทมวารป์:ฟารม์",
        "Warp Totem: Mountains": "709 1 335 1 390 25/Field/689/false/Foraging 7/โทเทมวารป์:ภูเขา",
        "Warp Totem: Beach": "709 1 393 2 771 10/Field/690/false/Foraging 6/โทเทมวารป์:ชายหาด",
        "Warp Totem: Desert": "709 2 88 1 386 4/Field/261/false/null/โทเทมวารป์:ทะเลทราย",
        "Rain Totem": "709 1 432 1 726 5/Field/681/false/Foraging 9/โทเทมฝน",
        "Field Snack": "309 1 310 1 311 1/Home/403/false/Foraging 1/ขนมธัญพืช",
        "Jack-O-Lantern": "276 1 93 1/Home/746/false/null/แจ็คโอแลนเทิร์น",
        "Wood Floor": "388 1/Field/328/false/l 0/พื้นไม้",
        "Straw Floor": "388 1 771 1/Field/401/false/l 0/พื้นฟาง",
        "Weathered Floor": "388 1/Field/331/false/l 0/พื้นที่สึกหรอ",
        "Crystal Floor": "338 1/Field/333 5/false/l 0/พื้นคริสตัล",
        "Stone Floor": "390 1/Field/329/false/l 0/พื้นหิน",
        "Brick Floor": "330 2 390 5/Field/293 5/false/l 0/พื้นอิฐ",
        "Wood Path": "388 1/Field/405/false/l 0/ทางเดินไม้",
        "Gravel Path": "390 1/Field/407/false/l 0/ทางเดินกรวด",
        "Cobblestone Path": "390 1/Field/411/false/l 0/ทางเดินหิน",
        "Stepping Stone Path": "390 1/Field/415/false/l 0/แผ่นหิน",
        "Crystal Path": "338 1/Field/409 5/false/l 0/ทางเดินคริสตัล",
        "Wild Bait": "771 10 684 5 766 5/Home/774 5/false/null/เหยื่อป่า",
        "Bait": "684 1/Home/685 5/false/Fishing 2/เหยื่อล่อ",
        "Spinner": "335 2/Home/686/false/Fishing 6/เหยื่อแบบหมุนได้",
        "Magnet": "335 1/Home/703 3/false/Fishing 9/เหยื่อแม่เหล็ก",
        "Trap Bobber": "334 1 92 10/Home/694/false/Fishing 6/ทุ่นล่อเหยื่อ",
        "Cork Bobber": "388 10 709 5 766 10/Home/695/false/Fishing 7/ทุ่นไม้",
        "Dressed Spinner": "335 2 428 1/Home/687/false/Fishing 8/เหยื่อล่อหมุนได้ชนิดสวยงาม",
        "Treasure Hunter": "336 2/Home/693/false/Fishing 7/เหยื่อล่อสมบัติ",
        "Barbed Hook": "334 1 335 1 336 1/Home/691/false/Fishing 8/ตะขอ",
        "Oil Of Garlic": "248 10 247 1/Home/772 1/false/Combat 6/น้ำมันกระเทียม",
        "Life Elixir": "420 1 422 1 257 1 281 1/Home/773 1/false/Combat 2/ยาอายุวัฒนะ",
        "Crab Pot": "388 40 335 3/Home/710/false/Fishing 3/กับดักปู",
        "Iridium Band": "337 5 768 50 769 50/Home/527/false/Combat 9/แหวนอิริเดียม",
        "Wedding Ring": "337 5 74 1/Home/801/false/null/แหวนแต่งงาน",
        "Ring of Yoba": "336 5 335 5 72 1/Home/524/false/Combat 7/แหวนแห่งโยบะ",
        "Sturdy Ring": "334 2 684 25 766 25/Home/525/false/Combat 1/แหวนทนทาน",
        "Warrior Ring": "335 10 382 25 84 10/Home/521/false/Combat 4/แหวนนักรบ",
        "Tub o' Flowers": "388 15 427 1 429 1 453 1 455 1/Home/108/true/null/ถังดอกไม้แสนสวย",
        "Wooden Brazier": "388 10 382 1 771 5/Home/143/true/null/กระถางไฟ",
        "Wicked Statue": "382 5 390 25/Home/83/true/null/รูปปั้นชั่วร้าย",
        "Stone Brazier": "390 10 382 1 771 5/Home/144/true/null/กระถางไฟหิน",
        "Gold Brazier": "336 1 382 1 771 5/Home/145/true/null/กระถางไฟทอง",
        "Campfire": "390 10 388 10 771 10/Home/146/true/null/กองไฟ",
        "Stump Brazier": "709 5 382 1/Home/147/true/null/กระถางไฟไม้",
        "Carved Brazier": "709 10 382 1/Home/148/true/null/กระถางไฟไม้แกะสลัก",
        "Skull Brazier": "709 10 768 1 382 1/Home/149/true/null/กระถางไฟกระโหลก",
        "Barrel Brazier": "388 50 768 1 382 1/Home/150/true/null/ถังไฟ",
        "Marble Brazier": "567 1 62 1 390 100/Home/151/true/null/กระถางไฟหินอ่อน",
        "Wood Lamp-post": "388 50 787 1/Home/152/true/null/เสาไฟไม้",
        "Iron Lamp-post": "335 1 787 1/Home/153/true/null/เสาไฟเหล็ก"
    }
}
