{
    "header": {
        "target": "w",
        "formatVersion": 5,
        "hidef": true,
        "compressed": 128
    },
    "readers": [
        {
            "type": "Microsoft.Xna.Framework.Content.DictionaryReader`2[[System.String, mscorlib, Version=4.0.0.0, Culture=neutral, PublicKeyToken=b77a5c561934e089],[System.String, mscorlib, Version=4.0.0.0, Culture=neutral, PublicKeyToken=b77a5c561934e089]]",
            "version": 0
        },
        {
            "type": "Microsoft.Xna.Framework.Content.StringReader",
            "version": 0
        }
    ],
    "content": {
        "LostItemQuest_DefaultThankYou": "คุณหามันเจอ! ขอบคุณมาก",
        "NewChild_SecondChild1": "แค่มองไปที่ ครอบครัวเล็กๆ ของเรา... เรามาไกลมาก มิใช่รึ?",
        "NewChild_SecondChild2": "ลูกที่น่ารักสองคน... เรามาไกลมาก มิใช่รึ?",
        "NewChild_Adoption": "ยินดีต้อนรับ {0} เจ้าตัวเล็กสู่ครอบครัวของเรา มันยอดเยี่มมาก",
        "NewChild_FirstChild": "ทุกอย่างผ่านไปอย่างราบรื่น ตอนนี้ {0} เป็นสิ่งเล็กๆ ในครอบครัว เราโชคดีมากที่มีหนูน้อย",
        "Spouse_KitchenBlocked": "เรามีกล้วยไม้กีดขวาง ที่ห้องครัว... ฉันเดาว่าคืนนี้คุณคง ไม่ได้ทานอาหารค่ำ$a",
        "Spouse_MonstersInHouse": "อาห์... ที่รัก? ทำไมมอนสเตอร์มา อยู่ในบ้านของเราได้ล่ะ?",
        "Farm_RobinWorking_ReadyTomorrow": " {0} จะเสร็จวันพรุ่งนี้! น่าตื่นเต้นใช่ไหมล่ะ?",
        "Farm_RobinWorking1": " {0} จะเสร็จในอีก {1} วัน นี่เธอทำเป็น ตี๋ต่างว่าฉัน ไม่อยู่นี่ด้วยนะ",
        "Farm_RobinWorking2": " {0} จะเสร็จใน {1} วัน ฉันจะทำงานนี้ให้ ทั้งกลางวันและกลางคืน!",
        "AnimalShop_Marnie_Trash": "ทำไมเธอถึงได้มอง ถังขยะของฉันล่ะ?$s",
        "JoshHouse_Alex_Trash": "หืม.. คุณกำลังทำอะไร?$s",
        "SamHouse_Sam_Trash": "เฮ้ อย่ามองลงไป ในนั้น!$a",
        "SeedShop_Abigail_Drawers": "ไง ไม่ได้คิดถึงมันเลย! นี่เป็นที่ส่วนตัว!$a",
        "Wizard_Hatch": "คุณจะทำอะไร? ฉันอนุญาตเฉพาะคนที่ ไว้ใจเท่านั้นให้เข้ามาได้  ",
        "Clint_NoInventorySpace": "เฮ้ อุปกรณ์ของเธอเสร็จแล้ว แต่เธอไม่มีพื้นที่ สำหรับไว้เก็บมัน",
        "Clint_StillWorking": "อืม ฉันยังคงทำงาน {0} ให้เธออยู่ไงล่ะ มันคงไม่เสร็จ วันนี้หรอก",
        "Gunther_MuseumComplete": "ขอขอบคุณอีกครั้ง สำหรับทุกความช่วยเหลือ ของคุณที่ทำให้ พิพิธภัณฑ์ดูน่าทึ่ง ได้ขนาดนี้!",
        "Gunther_NothingToDonate": "ดูเหมือนว่าคุณ ไม่มีอะไร ที่จะบริจาคให้กับทาง พิพิธภัณฑ์ มันจะดีกว่านี้ ถ้าคุณไม่อยู่ที่นี่ และทำบางอย่าง เช่นการล่าสมบัติ น่ะครับ?",
        "Gunther_NoArtifactsFound": "สวัสดีครับ! ยินดีต้อนรับสู่ 'สำนักงานโบราณคดีของ สตาร์ดิวแวลลี่'#$b#อืม... นี่อาจจะเป็นเรื่องน่าอาย เพราะผู้ดูแล คนก่อนหน้านี้ เป็นผู้กำกับดูแล คอลเล็กชันทั้งหมด เราจึงยังไม่มีวัตถุโบราณ (Artifacts) สำหรับแสดง #$b#ผมคิดว่า จะแก้ปัญหาได้ เร็วๆนี้! เอ่อคุณครับ หากคุณพบวัตถุโบราณ (Artifacts) หรือ แร่ธาตุต่าง ๆ ... กรุณาแจ้งให้ ทางเราทราบได้หรือไม่?",
        "Sandy_PlayerClubMember": "เกิดอะไรขึ้น? คุณเป็นสมาชิกของสโมสร?!",
        "MisterQi_PlayerClubMember": "เยี่ยม ในที่สุดก็ได้พบเธอซักที นะเด็กน้อย ยินดีต้อนรับสู่ สโมสรสุดพิเศษของฉัน #$e#เธอมี 'ประกายไฟ'... นั่นคือสาเหตุที่ ทำให้ฉันเลือกเธอ#$e# ประกายไฟอะไรงั้นหรอ? อา... เซนส์ของความเชื่อมโยง ระหว่างเรื่องลึกลับและศิลปะน่ะ... #$b#คนแบบพวกกเรามีหน้าที่ ต้องรักษาความมีชีวิตชีวาให้โลกใบนี้ ทำให้คนธรรมดาได้ลิ้มรส ของความไม่ธรรมดา #$e#เด็กน้อย เธอดูสิ... โลกก็เหมือนกับข้าวหนึ่งชาม มันมีสสารแต่มันไม่คู่ควรกับอะไรเลย ถ้ามันไม่ไม่ซอสที่ดีและเอร็ดอร่อย นั่นก็คือจุดที่เราเข้ามามีบทบาท #$b#เธอไม่สงสัยบ้างหรอว่า ใครเอาหีบสมบัติพวกนั้น ไปไว้ที่ตรอกเข้าเหมือง? ฉันชอบที่จะทำให้คนอื่นประหลาดใจ #$e#ซักวันนึงเธอจะเข้าใจ แค่พยายามทำให้ดีที่สุด เท่าที่เธอจะทำได้และ อย่ายอมแพ้ก็พอ",
        "Robin_HouseUpgrade_Accepted": "ขอบคุณ! ฉันจะเริ่มงาน ในวันพรุ่งนี้ ฉันคาดว่างาน คงเสร็จภายใน 3 วัน",
        "Robin_PamUpgrade_Accepted": "ด้วยความ ใจกว้างของเธอ! ฉันจะเริ่มงานอัพเกรด ในวันพรุ่งนี้ ต้องใช้เวลา ประมาณ 3 วัน",
        "Mines_PlayerKilled_Robin": "...พบเธอ หมดสติในเหมือง ฉันเกือบเข้าใจผิด เห็นเธอเป็นท่อนไม้ แปลกๆ ซะอีก!#$b#ระมัดระวัง ในครั้งต่อไปด้วย ตกลงไหม?$s",
        "Mines_PlayerKilled_Clint": "...ฉันพบคุณ หมดสติในเหมือง ฉันคิดจะระเบิด ทางออก เพื่อลากคุณ ออกไปจากที่นี่#$b#ระมัดระวัง ในครั้งต่อไปด้วย โอเค?$s",
        "Mines_PlayerKilled_Maru_Spouse": "...พบเธอหมดสติในเหมือง เธอหายไปนานมาก และฉันเริ่ม เป็นห่วงคุณ!#$b#ระมัดระวัง ในครั้งต่อไปด้วย ตกลงไหม?$s",
        "Mines_PlayerKilled_Maru_NotSpouse": "...ฉันพบคุณหมดสติในเหมือง ฉันกำลังหาแร่อยู่ และเกือบที่จะเหยียบ ศีรษะของคุณแล้ว!#$b#ระมัดระวัง ในครั้งต่อไปด้วย ตกลงไหม?$s",
        "Mines_PlayerKilled_Linus": "...ฉันพบคุณ หมดสติในเหมือง คุณโชคดีแล้ว ที่ฉันผ่านมา เจอเข้า!#$b#ระมัดระวัง ในครั้งต่อไปด้วย โอเค?$s",
        "Mines_PlayerKilled_Spouse_PlayerMale": "คุณหายตัวไปนาน ฉันรู้สึกห่วงมาก! ฉันรู้สึกไม่ดีเลยที่เห็น ร่างกายคุณอ่อนล้า...$s",
        "Mines_PlayerKilled_Spouse_PlayerFemale": "คุณหายตัวไปนาน ฉันเป็นห่วงคุณนะ! ฉันเกือบจะมีอาการหัวใจวาย เมื่อเห็นร่างคุณอ่อนล้า...$a",
        "Morris_PlayerSignedUp": "เยี่ยมยอดมาก! ยินดีตอนรับสู่บริษัทโจจ้า! กลับมาอีกครั้งในวันพรุ่งนี้ และพวกเริ่มจะเริ่มพิจารณา บางส่วนของโครงการ พัฒนาชุมชน... โอ้ แล้วก็อย่าลืมพกกระเป๋าสตางค์ ของคุณมาด้วยล่ะ ฮี่ ๆ#$b#ตอนนี้ให้ผมโทรศัพท์ หานายกเทศมนตรีเลวิสแล้ว มาดูกันว่าจะปรับปรุงศูนย์ชุมชนเก่าๆ ที่น่ารังเกียจนั่นยังไง...",
        "Morris_ComeBackLater": "กลับมาในวันพรุ่งนี้ และเราจะเห็นการเริ่มต้น การพัฒนาหมู่บ้านบางส่วน... เพียงแต่อย่าลืม นำเงินมาให้มากๆ นะ ฮิฮิ",
        "Morris_Greeting": "ยินดีต้อนรับสู่ร้านโจจ้า! วันนี้คุณเป็นยังไงบ้าง? #$b#ผมไม่อยากจะเชื่อ ว่าเราจะได้เจอกัน ผมชื่อมอร์ริส เป็นตัวแทนฝ่ายดูแล ความพึงพอใจของลูกค้าโจจ้า #$b#เมื่อคุณตัดสินใจที่จะเป็น สมาชิกของโจจ้าผมยินดีที่จะ มอบประสบการณ์ที่แสนสุข ให้กับคุณ ",
        "Morris_WeekendGreeting": "ยินดีต้อนรับสู่ร้านโจจ้t! สุดสัปดาห์ของคุณเป็นยังไงบ้าง? #$b#ตอนนี้พวกเรากำลัง อยู่ระหว่างการติดตั้ง ระบบสมาชิกแบบใหม่อยู่  กรุณากลับมาตรวจสอบเพื่อ เป็นสมาชิกของเราในภายหลัง!",
        "Morris_FirstGreeting": "ยินดีต้อนรับสู่ร้านโจจ้า! วันนี้คุณเป็นยังไงบ้าง? #$b#ตอนนี้พวกเรากำลัง อยู่ระหว่างการติดตั้ง ระบบสมาชิกแบบใหม่อยู่  กรุณากลับมาตรวจสอบเพื่อ เป็นสมาชิกของเราในภายหลัง!",
        "Morris_FirstGreeting_CommunityCenterComplete": "ยินดีต้อนรับสู่ร้านโจจ้า! วันนี้คุณเป็นยังไงบ้าง?#$b#น่าเสียดายจริงๆ เนื่องจากเหตุการณ์ที่ ไม่คาดคิดก็เลยยังไม่สามารถ ยื่นข้อเสนอสำหรับ สมาชิกโจจ้าได้ในตอนนี้ ผมมั่นใจว่ามันจะถูกปล่อ ยออกมาเร็วๆนี้แหละ!",
        "Morris_WeekendGreeting_CommunityCenterComplete": "ยินดีต้อนรับสู่ร้านโจจ้า! สุดสัปดาห์ของคุณเป็นยังไงบ้าง? #$b#น่าเสียดายจริงๆ เนื่องจากเหตุการณ์ที่ ไม่คาดคิดก็เลยยังไม่สามารถ ยื่นข้อเสนอสำหรับ สมาชิกโจจ้าได้ในตอนนี้ ผมมั่นใจว่ามันจะถูกปล่อย ออกมาเร็วๆนี้แหละ!",
        "Morris_WeekendGreeting_MembershipAvailable": "ยินดีต้อนรับสู่ร้านโจจ้า! สุดสัปดาห์ของคุณเป็นยังไงบ้าง? #$b#ตอนนี้คุณสามารถเป็น สมาชิกของเราได้แล้ว! การเป็นสมาชิกของโจจ้า คุณจะสามารถทำให้ชุมชนเกิดการ ปรับปรุงเปลี่ยนแปลงได้ บุคคลากรผู้เสียสละของเรา จะช่วยปรับปรุงชุมชน... ด้วยการจ่ายค่าธรรมเนียม แน่นอนอยู่แล้ว#$b#โอ้ และอีกอย่างนึง... นายกเทศมนตรีเลวิสสัญญากับ เราว่าถ้ามีใครก็ตามมาร่วมกับเรา เขาจะยอมให้เราเปลี่ยน ศูนย์ชุมชนเก่าๆหลังนั้น ให้เป็นโกดังสินค้าของโจจ้า มันวิเศษมากใช่มั้ยล่ะ?#$q -1 -1#ค่าสมัครสมาชิก {0}g ว่าไงล่ะ อยากจะมาร่วมกันกับเราไหม? #$r -1 -1 Yes#อยาก#$r -1 -1 No#ไม่อยาก",
        "Morris_FirstGreeting_MembershipAvailable": "ยินดีต้อนรับสู่ร้านโจจ้า! วันนี้คุณเป็นยังไงบ้าง? #$b#ตอนนี้คุณสามารถเป็น สมาชิกของเราได้แล้ว! การเป็นสมาชิกของโจจ้า คุณจะสามารถทำให้ชุมชนเกิดการ ปรับปรุงเปลี่ยนแปลงได้ บุคคลากรผู้เสียสละของเรา จะช่วยปรับปรุงชุมชน... ด้วยการจ่ายค่าธรรมเนียม แน่นอนอยู่แล้ว#$b#โอ้ และอีกอย่างนึง... นายกเทศมนตรีเลวิสสัญญากับ เราว่าถ้ามีใครก็ตามมาร่วมกับเรา เขาจะยอมให้เราเปลี่ยน ศูนย์ชุมชนเก่าๆหลังนั้น ให้เป็นโกดังสินค้าของโจจ้า มันวิเศษมากใช่มั้ยล่ะ?#$q -1 -1#ค่าสมัครสมาชิก {0}g ว่าไงล่ะ อยากจะมาร่วมกันกับเราไหม? #$r -1 -1 Yes#อยาก#$r -1 -1 No#ไม่อยาก",
        "Morris_WeekendGreeting_SecondPlayer": "ยินดีต้อนรับสู่ร้านโจจ้า! สุดสัปดาห์ของคุณเป็นยังไงบ้าง? #$b#อืม... บันทึกของเราแสดงให้เห็นว่า คุณใช้ชีวิตในฟาร์มกับคนอื่น... ขอโทษนะครับ แต่เราสามารถเสนอการเป็นสมาชิก ให้กับเจ้าของที่อยู่เท่านั้น *หมายถึง ผู้เล่นหลัก*",
        "Morris_FirstGreeting_SecondPlayer": "ยินดีต้อนรับสู่ร้านโจจ้า! วันนี้คุณเป็นยังไงบ้าง? #$b#อืม... บันทึกของเราแสดงให้เห็นว่า คุณใช้ชีวิตในฟาร์มกับคนอื่น... ขอโทษนะครับ แต่เราสามารถเสนอการเป็นสมาชิก ให้กับเจ้าของที่อยู่เท่านั้น *หมายถึง ผู้เล่นหลัก*",
        "Morris_StillProcessingOrder": "ตอนนี้พวกเรากำลังดำเนินการ ตามคำสั่งพัฒนาชุมชนของคุณ กรุณากลับมาอีกครั้งเมื่อเรา ดำเนินการเสร็จเรียบร้อยแล้ว",
        "Morris_CommunityDevelopmentForm_PlayerMale": "$q -1 -1#คุณผู้ชายครับ ผมมีแบบฟอร์มการพัฒนาชุมชนโจจ้า ให้กับคุณ สนใจจะดูไหมครับ?#$r -1 -1 Yes#สนใจ#$r -1 -1 No#ไม่สนใจ",
        "Morris_CommunityDevelopmentForm_PlayerFemale": "$q -1 -1#คุณผู้หญิงครับ ผมมีแบบฟอร์มการพัฒนาชุมชนโจจ้า ให้กับคุณ สนใจจะดูไหมครับ??#$r -1 -1 Yes#สนใจ#$r -1 -1 No#ไม่สนใจ",
        "PurchasedItem_1_QualityHigh": "เฮ้ {0} #$b# ฉันแวะไปที่ร้านค้า ของปีแอร์มาเมื่อวันก่อน แล้วก็ซื้อ  {1} {2} มา มันเป็นครั้งแรกของฉัน ที่ได้เห็นของพวกนั้น... #$b#ฉันเอามันมาทำเป็น อาหารค่ำเมื่อคืนนี้... มันทำให้บ้านของฉัน เต็มไปด้วยกลิ่นของ {3}.. มันเป็นอะไรที่เยี่ยมมาก! $h#$b#ฉันดีใจที่เห็นคลังสินค้า ของปีแอร์เริ่มเพิ่มขึ้นอีกครั้ง #$e# ยังไงก็ตาม...",
        "PurchasedItem_1_QualityLow": "เฮ้ {0} #$b#ฉันแวะไปที่ร้านค้า ของปีแอร์มาเมื่อวันก่อน แล้วก็ซื้อ {1} {2} มา มันเป็นครั้งแรกของฉัน ที่ได้เห็นของพวกนั้น...#$b#ฉันเอามันมาทำเป็น อาหารค่ำเมื่อคืนนี้... มันทำให้บ้านของฉัน เต็มไปด้วยกลิ่นของ {3} ฉันไม่รู้ด้วยซ้ำว่าปีแอร์ไปหา ของพวกนั้นมาจากไหน$s#$e# ยังไงก็ตาม...",
        "PurchasedItem_2_QualityHigh": "สวัสดี... เมื่อวันก่อนคุณได้ขาย {1} {2} ให้กับร้านขายของรึเปล่า? ฉันคิดว่าฉันซื้อมันมานะ...#$e#มันเป็นของที่คุณภาพค่อนข้างดีเลยล่ะ  ฉันประทับใจมาก",
        "PurchasedItem_2_QualityHigh_Jodi": "สวัสดี... เมื่อวันก่อนคุณได้ขาย {1} {2} ให้กับร้านขายของรึเปล่า? ฉันคิดว่าฉันซื้อมันมานะ... #$e#มันเป็นของที่คุณภาพค่อนข้างดีเลยล่ะ มันทำให้ฉันรู้สึกเหมือน ได้กลับไปที่กระท่อมหลังเก่า ของคุณยายทันทีที่ฉันได้กลิ่นมันเลยล่ะ...",
        "PurchasedItem_2_QualityLow": "สวัสดี... เมื่อวันก่อนคุณได้ขาย {1} {2} ให้กับร้านขายของรึเปล่า? ฉันคิดว่าฉันซื้อมันมานะ... #$e#คุณภาพก็ใช้ได้อยู่นะ",
        "PurchasedItem_3_QualityLow_Rude": "เมื่อคืนนี้ฉันไปซื้อของ แล้วก็ซื้อ {1} {2} มา มันลดราคาเหลือแค่ {3}g เอง#$e# มันคือ {4}! ไม่ต้องสงสัยเลยปีแอร์เคยขาย {5} ถูกมากๆ...",
        "PurchasedItem_3_QualityHigh_Rude": "เมื่อคืนนี้ฉันไปซื้อของ แล้วก็ซื้อ {1} {2} มา มันลดราคาเหลือแค่ {3}g เอง#$e#มันเป็น {4} ที่ดีจริงๆ",
        "PurchasedItem_3_NonRude": "เมื่อคืนนี้ฉันไปซื้อของ แล้วก็ซื้อ {1} {2} มา มันลดราคาเหลือแค่{3}g เอง#$e# ราคาดีขนาดนี้ ฉันปล่อยผ่านไปไม่ได้หรอก",
        "PurchasedItem_4": "เมื่อวันก่อนฉันอยู่ที่ร้านขายของ แล้วปีแอร์ก็เอา {1} {2} ที่เธอเอาไปให้เขามาให้ฉันดู#$e#ฉันซื้อมันกลับมา $h",
        "PurchasedItem_5_VegetableOrFruit": "เมื่อวันก่อนฉันซื้อ {2} ที่อร่อยที่สุดมาจากร้านของปีแอร์#$b#เขาบอกว่าเขาปลูกมันเอง ที่สวนหลังบ้านของเขา ฉันไม่รู้มาก่อนเลยว่า ปีแอร์เป็นชาวสวนที่มี พรสวรรค์ขนาดนั้น!$h#$b#ดูเหมือนคุณน่า จะมีคู่แข่งแล้วแหละ ใช่มั้ย?",
        "PurchasedItem_5_Cooking": "เมื่อวันก่อนฉันซื้อ {2} ที่อร่อยที่สุดมาจากร้านของปีแอร์ #$b#เขาบอกว่าเขาปรุง มันเองโดยใช้วัตถุดิบท้องถิ่น ฉันไม่รู้มาก่อนเลยว่าปีแอร์ เป็นพ่อครัวที่ {3} {4} ขนาดนั้น!",
        "PurchasedItem_5_Foraged": "เมื่อวันก่อนฉันซื้อ {2} ที่อร่อยที่สุดมาจากร้านของปีแอร์ เขาบอกว่าเขาพบมันด้วยตัวเอง ตอนที่เขากำลังสำรวจภูเขา ฉันไม่รู้มาก่อนเลยว่าปีแอร์ จะเป็นนักเดินป่าที่มีพรสวรรค์ขนาดนั้น !",
        "PurchasedItem_Teen": "เฮ้ ฉันซื้อ {2} มาจากร้านขายของเมื่อคืน แม่ของฉันอยากได้อะไร ซักอย่างที่เหมาะจะเป็นมื้อค่ำ",
        "PurchasedItem_Abigail_QualityLow": "เฮ้ พวกเรามี {2} พวกนั้นที่เธอขายให้กับ ร้านขายของสำหรับเป็น อาหารค่ำเมื่อคืน... ฉันคิดว่ามันเริ่มที่จะไม่ค่อย ดีแล้วล่ะและพ่อของฉันก็ทนไม่ได้ จนต้องเอามันไปโยนทิ้ง$h#$b#น่าเสียดายจัง มันรสชาติเหมือนกับ {3}$s",
        "PurchasedItem_Abigail_QualityHigh": "เฮ้ พวกเรามี {2} พวกนั้นที่เธอขายให้กับ ร้านขายของสำหรับเป็น อาหารค่ำเมื่อคืน...  ฉันคิดว่ามันเริ่มที่จะไม่ค่อย ดีแล้วล่ะและพ่อของฉันก็ทนไม่ ได้จนต้องเอามันไปโยนทิ้ง$h#$b#แต่ถึงอย่างนั้นมันก็ยังดีอยู่นะ",
        "PurchasedItem_Caroline_QualityLow": "โอ้ @...  นี่มันน่าอายจัง ฉันเอา {2} ที่เธอขายให้พวกเรา ไปใส่ในถังหมักปุ๋ย$s#$b#ตอนนี้กลิ่นของทุกอย่าง มันสยองไปหมดเลย เธอไปหาของชิ้นนั้นมาจากไหนนะ?",
        "PurchasedItem_Caroline_QualityHigh": "โอ้ @... นี่มันน่าอายจัง ฉันเอา {2} ที่เธอขายให้พวกเรา ไปใส่ในถังหมักปุ๋ย$s#$b#แต่ถ้ามองในแง่ดี พวกหนอนรักมันมากเลยนะ! มันไม่เคยดูมีความสุขไปมากกว่านี้เลย!",
        "PurchasedItem_Pierre_QualityLow": "เฮ้ จำ {2}  ที่เธอบอกฉันเมื่อวันก่อนได้มั้ย? สุดท้ายฉันก็เอามันไปทำเป็น เมนูพิเศษสำหรับมื้อค่ำ ให้กับครอบครัวของฉันล่ะ #$b#ฉันพูดไม่ได้ว่ามันเป็นที่ชื่นชอบ... $s#$b#...เอาล่ะ... กลับไปทำธุรกิจสินะ หื้ม?",
        "PurchasedItem_Pierre_QualityHigh": "เฮ้ จำ {2} ที่เธอขายให้ฉันเมื่อวันก่อนได้มั้ย? สุดท้ายฉันก็เอามันไปทำเป็น เมนูพิเศษสำหรับมื้อค่ำ ให้กับครอบครัวของฉันล่ะ #$b#ภรรยาของฉันรักมันเลยล่ะ!... และแม้กระทั่งแอ็บบี้ก็เริ่มจะ เข้าไปในเมืองเพื่อมันหลังจากที่ ฉันใส่สิ่งต่างๆลงไปในซอสฮอยซิน $h#$b#...เอาล่ะ... กลับไปทำธุรกิจสินะ หื้ม?",
        "PurchasedItem_Haley": "เอมิลีพยายามช่วยฉัน {1} {2} สำหรับมื้อค่ำในทุกๆ คืน...ฉันโยนมันทิ้งตอนที่เธอมองไปทางอื่น#$e#ฉันไม่ชอบอาหารสุขภาพ...$s",
        "PurchasedItem_Elliott": "เมื่อวันก่อนฉันเห็นปีแอร์มีสินค้าใหม่ {2} ! วิเศษมาก มันมีกลิ่นหอมที่สมบูรณ์แบบ...และสดใหม่มากด้วย!",
        "PurchasedItem_Alex": "เฮ้ เมื่อคืนนี้ฉันซื้อ {1} {2} มาจากร้านค้า คุณยายทำแคสเซอโรล สูตรพิเศษของยาย...",
        "PurchasedItem_Leah": "เมื่อวันก่อนฉันซื้อ {1} {2} มาจากร้านของปีแอร์ มันเข้ากันอย่างสมบูรณ์แบบ กับผักรองจานและเข้ากันได้ดี กับซอสวินเกรทสูตร 'พิเศษ' ของฉัน",
        "PurchasedItem_1_QualityHigh_Willy": "เฮ้ {0} #$b# เมื่อวันก่อนฉันแวะไปที่ ร้านของวิลลี่แล้วก็ซื้อ {1} {2} มาด้วย ฉันไม่เคยเห็นตัวที่สด ขนาดนี้มาก่อนเลย! #$b#ฉันก็เลยเอามันไปทำ เป็นอาหารเย็นเมื่อคืนนี้ แล้วมันก็ทำให้กลิ่นของ  {3} ฟุ้งเต็มบ้านของฉันเลย มันเป็นที่ชื่นชอบเลยแหละ!$h#$b#เขาบอกฉันว่าเธอจับมันเองเลย... ฉันประทับใจมาก!#$e# ยังไงก็ตาม...",
        "PurchasedItem_1_QualityLow_Willy": "เฮ้ {0} #$b#เมื่อวันก่อนฉันแวะไปที่ ร้านของวิลลี่แล้วก็ซื้อ{1} {2} เขาบอกฉันว่าเธอจับมันเองเลย! #$b#เมื่อคืนนี้ฉันเอามันไปทำเป็นมื้อค่ำ และ เอ้อ... มันทำให้บ้านของฉัน เต็มไปด้วยกลิ่นของ {3} ฉันไม่รู้แม้กระทั่งว่าเธอไปหา ของแบบนั้นมาจากไหน...$s#$e#ยังไงก็ตาม...",
        "PurchasedItem_2_QualityHigh_Willy": "สวัสดี... เมื่อวันก่อนเธอได้ขาย {1} {2} ให้กับร้านขายอุปกรณ์ตกปลารึเปล่า? ฉันคิดว่าฉันซื้อมันมานะ... #$e#มันเป็นของที่ค่อนข้าง จะมีคุณภาพเยี่ยมเลยล่ะ ฉันประทับใจมาก",
        "PurchasedItem_2_QualityHigh_Jodi_Willy": "สวัสดี... เมื่อวันก่อนเธอได้ขาย {1} {2} ให้กับร้านขายอุปกรณ์ตกปลารึเปล่า? ฉันคิดว่าฉันซื้อมันมานะ... #$e#มันเป็นของที่ค่อนข้าง จะมีคุณภาพเยี่ยมเลยล่ะ เนื้อแน่นมากเลย",
        "PurchasedItem_2_QualityLow_Willy": "สวัสดี... เมื่อวันก่อนเธอได้ขาย {1} {2} ให้กับร้านขายของรึเปล่า? ฉันคิดว่าฉันซื้อมันมานะ...#$e#มันมีกลิ่นเหมือนกับพวกปลา แต่ก็โอเคนะ",
        "PurchasedItem_3_QualityLow_Rude_Willy": "เมื่อคืนฉันไปซื้อของ แล้วก็ซื้อ {1} {2} กลับมาจาก 'ชัมบัคเก็ต (chum-bucket)' มันลดราคาเหลือแค่ {3}g #$e# มันก็คือ {4}! ไม่แปลกใจเลยที่วิลลี่เกือบจะเอา {5} ไปแจกฟรี...",
        "PurchasedItem_3_QualityHigh_Rude_Willy": "เมื่อคืนฉันไปซื้อของ แล้วก็ซื้อ {1} {2} กลับมา มันลดราคาเหลือแค่ {3}g เอง#$e# มันเป็น {4} ที่เยี่ยมจริงๆ",
        "PurchasedItem_3_NonRude_Willy": "เมื่อคืนฉันไปซื้อของ แล้วก็ซื้อ {1} {2} กลับมา มันลดราคาเหลือแค่  {3}g เอง#$e#ราคาดีขนาดนี้ ฉันปล่อยผ่านไปไม่ได้หรอก",
        "PurchasedItem_4_Willy": "เมื่อวันก่อน ฉันไปที่ร้านของวิลลี่เขาเอา {1} {2} ที่เธอเอาไปให้เขาออกมาให้ฉันดู #$e#ฉันเอามันไปทำเป็นอาหารเย็น เติมมะนาวลงไปแล้วก็ กินกับข้าวพิราฟไรซ์ เยี่ยมเลยล่ะ!$h",
        "PurchasedItem_Pierre_QualityLow_Willy": "อะฮอย... คุณจำ {2} ที่คุณขายให้ผมเมื่อวันก่อนได้มั้ย? นั่นแหละ เมื่อคืนผมเอามันไปทอด กับกระทะในกระท่อมของผม...#$b#มันเป็นปลาที่เนื้อเหมือน แป้งที่สุดตั้งแต่ผมเคยกินมาเลย...$s",
        "PurchasedItem_Pierre_QualityHigh_Willy": "อะฮอย! คุณจำ {2} ที่คุณเอามาเมื่อวันก่อนได้มั้ย?นั่นแหละ เมื่อคืนผมเอามันไปทอด กับกระทะในกระท่อมของผม...#$b#มันเป็นปลาที่เยี่ยมที่สุดเท่าที่ ผมเคยกินมาตั้งแต่เล็กจนโต!$h",
        "Town_DumpsterDiveComment_Child": "เอ่อ...คุณกำลังทำอะไร?$s",
        "Town_DumpsterDiveComment_Linus": "กำลังหาอะไรเหรอ?$h",
        "Town_DumpsterDiveComment_Teen": "อืม....ทำไมคุณถึงคุ้ยขยะล่ะ?$s",
        "Town_DumpsterDiveComment_Adult": "เฮ้ หยุดนะ! ...ยี้!$s",
        "SkullCavern_100_event": "clubloop/-100 -100/farmer 6 6 2 MrQi 10 7 0/specificTemporarySprite qiCave/removeQuest 30/viewport 10 7 true/pause 3500/speak MrQi \"เยี่ยม เยี่ยมมาก เยี่ยมยอดมาก... คุณทำมันสำเร็จ\"/pause 500/playSound boop/faceDirection MrQi 3 true/pause 50/faceDirection MrQi 2/pause 100/playSound boop/animate MrQi false false 100 0 1 2 3 3 3 2 1 0/pause 1500/speak MrQi \"ทีนี้เข้ามาใกล้ๆหน่อย... ไม่ต้องอาย\"/emote farmer 40/playSound boop/pause 500/move farmer 0 4 1/move farmer 4 0 0/pause 500/stopJittering/speak MrQi \"ฉันได้ยินมาว่าวันนี้เธอ พยายามจะลงให้ลึกลงไปในถ้ำนี้... #$b#ฉันต้องไปดูด้วยตัวเองซักหน่อย! \"/animate MrQi false false 100 0 1 2 3 3 3 2 1 2 3 3 3 2 1 0/pause 1000/playSound boop/pause 1000/speak MrQi \"น่าประทับใจ... น่าประทับใจมาก การจะลงไปในนี้ได้ต้อง ค่อนข้างมีฝีมือเลยีเดียว! #$b#...ถึงแม้ว่าเธอจะสร้างบันได เพื่อข้ามไปหลายชั้นเลยก็ตาม ฉลาดดีนี่ แต่ก็แน่ละว่ามันไม่่ค่อยจะ มีเกียรติซักเท่าไหร่ $1#$b#ถึงอย่างนั้นก็ตาม การขุดหินพวกนั้นจะต้อง เป็นงานที่หนักมากแน่ๆและ การทุ่มเทนั่น ก็สมควรได้รับการชมเชย คุณเป็นคนพิเศษ เด็กน้อย\"/pause 500/speak MrQi \"ตอนนี้... ไปที่โต๊ะและดื่มนมพิเศษ ที่ผมเตรียมเอาไว้ให้คุณซะ \"/pause 500/move farmer 3 0 0/move farmer 0 -1 0/emote farmer 8/speak MrQi \"มันถูกเรียกว่า 'น้ำนมงูอิริเดียม'... หนึ่งอึกใหญ่เพื่อสุขภาพแล้ว คุณจะแข็งแกร่งมากขึ้น \"/pause 1000/faceDirection farmer 2 true/specificTemporarySprite removeSprite 803/farmerEat 803/awardFestivalPrize qimilk/pause 2000/message \"รสชาติมันแย่มาก แล้วรสสัมผัสก็ แย่กว่ารสชาติซะอีก \"/pause 100/pause 500/jump farmer/playSound reward/message \"... แต่ค่าพลังชีวิตของคุณ เพิ่มขึ้นอย่างถาวร 25 พอยท์! \"/pause 1000/fade/viewport -1000 -1000/pause 500/playSound boop/speak MrQi \"ขอให้ออกไปพบเจอกับโชคดีนะ เด็กน้อย\"/pause 500/playSound boop/end",
        "SkullCavern_100_event_honorable": "clubloop/-100 -100/farmer 6 6 2 MrQi 10 7 0/specificTemporarySprite qiCave/removeQuest 30/viewport 10 7 true/pause 3500/speak MrQi \"เยี่ยม เยี่ยมมาก เยี่ยมยอดมาก... คุณทำมันสำเร็จ\"/pause 500/playSound boop/faceDirection MrQi 3 true/pause 50/faceDirection MrQi 2/pause 100/playSound boop/animate MrQi false false 100 0 1 2 3 3 3 2 1 0/pause 1500/speak MrQi \"ทีนี้เข้ามาใกล้ๆหน่อย... ไม่ต้องอาย\"/emote farmer 40/playSound boop/pause 500/move farmer 0 4 1/move farmer 4 0 0/pause 500/stopJittering/speak MrQi \"ฉันได้ยินมาว่าวันนี้เธอ พยายามจะลงให้ลึกลงไปในถ้ำนี้... #$b#ฉันต้องไปดูด้วยตัวเองซักหน่อย! \"/animate MrQi false false 100 0 1 2 3 3 3 2 1 2 3 3 3 2 1 0/pause 1000/playSound boop/pause 1000/speak MrQi \"น่าประทับใจ... น่าประทับใจมาก เธอผ่านการทดสอบของฉัน ได้อย่างยอดเยี่ยม เด็กน้อย #$b#ฉันรู้สึกยินดีมากที่เธอท้าทาย ตัวเองและลงมาอย่างมีเกียรติ แทนที่จะข้ามบางชั้น ไปด้วยการสร้างบันได #$b#มันแสดงให้เห็นว่าคุณเป็นคนจริง เด็กน้อย คุณเป็นคนมีหลักเกณฑ์ #$b#คุณเข้าใจถึงความสำคัญ ของการท้าทายตัวเองและ รักษาตัวเองไว้ในมาตรฐานที่สูง ถึงแม้ว่าจะไม่มีใครคอ ยจับตามองคุณอยู่ก็ตาม #$b#นั่นก็คือเหตุผลว่า ทำไมคุณถึงเป็นคนพิเศษ เด็กน้อย... เห็นมั้ย? คุณสอนโดยการแสดงเป็นตัวอย่าง ผมชอบมันมากเลยล่ะ\"/pause 500/speak MrQi \"ตอนนี้... ไปที่โต๊ะและดื่มนมพิเศษ ที่ผมเตรียมเอาไว้ให้คุณซะ \"/pause 500/move farmer 3 0 0/move farmer 0 -1 0/emote farmer 8/speak MrQi \"มันถูกเรียกว่า 'น้ำนมงูอิริเดียม'... หนึ่งอึกใหญ่เพื่อสุขภาพแล้ว คุณจะแข็งแกร่งมากขึ้น \"/pause 1000/faceDirection farmer 2 true/specificTemporarySprite removeSprite 803/farmerEat 803/awardFestivalPrize qimilk/pause 2000/message \"รสชาติมันแย่มาก แล้วรสสัมผัสก็แย่กว่า รสชาติซะอีก \"/pause 100/pause 500/jump farmer/playSound reward/message \"...แต่ค่าพลังชีวิตของคุณ เพิ่มขึ้นอย่างถาวร 25 พอยท์! \"/pause 1000/fade/viewport -1000 -1000/pause 500/playSound boop/speak MrQi \"ขอให้ออกไปพบเจอกับโชคดีนะ เด็กน้อย\"/pause 500/playSound boop/end",
        "Robin_UpgradeConstruction_Festival": "โอเค ฉันจะเริ่มทำงานต่อเติม {1} ของเธอ หลังจากวันพรุ่งนี้นะ ช่วงเทศกาลฉันจะปิดรับงานเสมอแหละ!$h",
        "Robin_UpgradeConstruction": "โอเค ฉันจะเริ่มทำงานต่อเติม {1} ของเธอ โดยเริ่มอย่างแรก วันพรุ่งนี้เช้านะ!$h",
        "Robin_NewConstruction_Festival": "โอเค ฉันจะเริ่มสร้าง {0} ใหม่ของเธอ หลังจากวันพรุ่งนี้นะ ช่วงเทศกาล ฉันจะปิดรับงานเสมอแหละ!$h",
        "Robin_NewConstruction": "โอเค ฉันจะเริ่มสร้าง {0} ใหม่ของเธอ โดยเริ่มในวันพรุ่งนี้เช้านะ!$h",
        "Robin_Instant": "{0} นี่มันสำเร็จรูปอยู่แล้ว ไม่ต้องเสียเวลาสร้าง! สะดวกดีไม่ใช่เหรอ?$h",
        "Morris_JojaCDConfirm": "ยอดเยี่ยม! เราจะออกไป ทำงานให้คืนนี้ และมันจะพร้อม สำหรับคุณ ในวันพรุ่งนี้",
        "Morris_BuyMovieTheater": "อา ลูกค้าคนโปรดของพวกเรา... ผมมีข่าวที่น่าตื่นเต้นมาบอกคุณ! สำนักงานใหญ่โจจ้าอนุมัติการก่อสร้าง 'โอกาสแห่งความบันเทิง' แทนที่โกดังสินค้าใกล้ๆนี่แล้ว  พวกเรายังขาดแค่นักลงทุนผู้ยินดี ที่จะสนับสนุนวิสัยทัศน์ องเราเท่านั้น! ดังนั้น ผมก็เลยมาหาคุณโดยที่ ไม่ต้องคิดอะไรมากเลย คุณคือสมาชิกโจจ้า ที่เสียสละและใจดีที่สุดของเรา #$b#$q -1 -1#เราสามารถทำให้มันเกิดขึ้นได้ ด้วยเงินทุนจำน้อยเล็กน้อยเท่านั้น... *แค่กๆ*... 500,000g...$h#$r -1 -1 Yes#ได้เลย #$r -1 -1 No#ไม่มีทาง",
        "Morris_TheaterBought": "ครึ่งล้าน...!$2#$b#*อะแฮ่ม*... ผมหมายถึง... เยี่ยมไปเลย! ทีมงานก่อนสร้างโจจ้าของเรา จะเริ่มก่อสร้างอาคารใหม่ ของเราในคืนนี้! ขอบคุณที่สนับสนุนงานของเรา",
        "Morris_NoMoreCD": "อา! ลูกค้าคนโปรดของผม... ช่างน่าเสียดายจริงๆที่ช่วง นี้ผมยังไม่มีแผนการพัฒนา ชุมชนเพิ่มเติม"
    }
}
