{
    "header": {
        "target": "w",
        "formatVersion": 5,
        "hidef": true,
        "compressed": 128
    },
    "readers": [
        {
            "type": "Microsoft.Xna.Framework.Content.DictionaryReader`2[[System.Int32, mscorlib, Version=4.0.0.0, Culture=neutral, PublicKeyToken=b77a5c561934e089],[System.String, mscorlib, Version=4.0.0.0, Culture=neutral, PublicKeyToken=b77a5c561934e089]]",
            "version": 0
        },
        {
            "type": "Microsoft.Xna.Framework.Content.Int32Reader",
            "version": 0
        },
        {
            "type": "Microsoft.Xna.Framework.Content.StringReader",
            "version": 0
        }
    ],
    "content": {
        "0": "Oak Chair/chair/-1/-1/4/350/เก้าอี้ไม้โอ๊ก",
        "3": "Walnut Chair/chair/-1/-1/4/350/เก้าอี้ไม้วอลนัท",
        "6": "Birch Chair/chair/-1/-1/4/350/เก้าอี้ไม้เบิร์ช",
        "9": "Mahogany Chair/chair/-1/-1/4/1000/เก้าอี้ไม้มะฮอกกานี",
        "12": "Red Diner Chair/chair/-1/-1/4/750/เก้าอี้โต๊ะกินข้าวสีแดง",
        "15": "Blue Diner Chair/chair/-1/-1/4/750/เก้าอี้โต๊ะกินข้าวสีน้ำเงิน",
        "18": "Country Chair/chair/-1/-1/4/750/เก้าอี้คันทรี",
        "21": "Breakfast Chair/chair/-1/-1/4/750/เก้าอี้อาหารเช้า",
        "24": "Pink Office Chair/chair/-1/-1/4/500/เก้าอี้สำนักงานสีชมพู",
        "27": "Purple Office Chair/chair/-1/-1/4/500/เก้าอี้สำนักงานสีม่วง",
        "30": "Green Office Stool/chair/-1/-1/1/350/เก้าอี้บาร์สำนักงานสีเขียว",
        "31": "Orange Office Stool/chair/-1/-1/1/350/เก้าอี้บาร์สำนักงานสีส้ม",
        "64": "Dark Throne/chair/-1/-1/4/2000/บัลลังก์สีเข้ม",
        "67": "Dining Chair/chair/-1/-1/4/1200/เก้าอี้โต๊ะกินข้าว",
        "70": "Dining Chair/chair/-1/-1/4/1200/เก้าอี้โต๊ะกินข้าว",
        "73": "Green Plush Seat/chair/-1/-1/4/750/เก้าอี้บุนวมสีเขียว",
        "76": "Pink Plush Seat/chair/-1/-1/4/750/เก้าอี้บุนวมสีชมพู",
        "79": "Winter Chair/chair/-1/-1/4/750/เก้าอี้ทรงฤดูหนาว",
        "82": "Groovy Chair/chair/-1/-1/4/750/เก้าอี้นั่งสบาย",
        "85": "Cute Chair/chair/-1/-1/4/1200/เก้าอี้ลายน่ารัก",
        "88": "Stump Seat/chair/-1/-1/4/2000/ที่นั่งทรงตอไม้",
        "91": "Metal Chair/chair/-1/-1/4/800/เก้าอี้โลหะ",
        "94": "Green Stool/chair/-1/-1/1/350/สตูลสีเขียว",
        "95": "Blue Stool/chair/-1/-1/1/350/สตูลสีน้ำเงิน",
        "128": "King Chair/chair/-1/-1/4/3000/เก้าอี้พระราชา",
        "131": "Crystal Chair/chair/-1/-1/4/3000/เก้าอี้คริสตัล",
        "192": "Oak Bench/bench/-1/-1/4/750/ม้านั่งไม้โอ๊ก",
        "197": "Walnut Bench/bench/-1/-1/4/750/ม้านั่งไม้วอลนัท",
        "202": "Birch Bench/bench/-1/-1/4/750/ม้านั่งไม้เบิร์ช",
        "207": "Mahogany Bench/bench/-1/-1/4/2000/ม้านั่งไม้มะฮอกกานี",
        "212": "Modern Bench/bench/-1/-1/4/2000/ม้านั่งทันสมัย",
        "288": "Blue Armchair/armchair/-1/-1/4/1000/เก้าอี้นวมสีน้ำเงิน",
        "294": "Red Armchair/armchair/-1/-1/4/1000/เก้าอี้นวมสีแดง",
        "300": "Green Armchair/armchair/-1/-1/4/1000/เก้าอี้นวมสีเขียว",
        "306": "Yellow Armchair/armchair/-1/-1/4/1000/เก้าอี้นวมสีเหลือง",
        "312": "Brown Armchair/armchair/-1/-1/4/1000/เก้าอี้นวมสีน้ำตาล",
        "416": "Blue Couch/couch/-1/-1/4/1750/เก้าอี้นวมยาวสีน้ำเงิน",
        "424": "Red Couch/couch/-1/-1/4/1750/เก้าอี้นวมยาวสีแดง",
        "432": "Green Couch/couch/-1/-1/4/1750/เก้าอี้นวมยาวสีเขียว",
        "440": "Yellow Couch/couch/-1/-1/4/1750/เก้าอี้นวมยาวสีเหลือง",
        "512": "Brown Couch/couch/-1/-1/4/1750/เก้าอี้นวมยาวสีน้ำตาล",
        "520": "Dark Couch/couch/-1/-1/4/2500/เก้าอี้นวมยาวสีดำ",
        "528": "Wizard Couch/couch/-1/-1/4/4000/เก้าอี้นวมยาวของพ่อมด",
        "536": "Woodsy Couch/couch/-1/-1/4/3000/เก้าอี้ไม้นวมยาว",
        "704": "Oak Dresser/dresser/-1/-1/4/5000/ลิ้นชักไม้โอ๊ก",
        "709": "Walnut Dresser/dresser/-1/-1/4/5000/ลิ้นชักไม้วอลนัท",
        "714": "Birch Dresser/dresser/-1/-1/4/5000/ลิ้นชักไม้เบิร์ช",
        "719": "Mahogany Dresser/dresser/-1/-1/4/7500/ลิ้นชักไม้มะฮอกกานี",
        "724": "Coffee Table/table/2 2/2 1/2/1250/โต๊ะกาแฟ",
        "727": "Stone Slab/table/2 2/2 1/2/1000/แผ่นหิน",
        "800": "Winter Dining Table/long table/-1/-1/2/3500/โต๊ะกินข้าวทรงฤดูหนาว",
        "807": "Festive Dining Table/long table/-1/-1/2/3500/โต๊ะกินข้าวตกแต่งสวยงาม",
        "814": "Mahogany Dining Table/long table/-1/-1/2/3000/โต๊ะกินข้าวไม้มะฮอกกานี",
        "821": "Modern Dining Table/long table/-1/-1/2/2700/โต๊ะกินข้าวทรงทันสมัย",
        "984": "Long Cactus/decor/1 3/1 1/1/500/ต้นกระบองเพชรต้นใหญ่",
        "985": "Long Palm/decor/1 4/1 1/1/500/ต้นปาล์มต้นใหญ่",
        "986": "Exotic Tree/decor/3 5/3 1/1/500/ต้นไม้นำเข้า",
        "989": "Deluxe Tree/decor/3 5/3 1/1/500/ต้นไม้หรูหรา",
        "1120": "Oak Table/table/-1/-1/1/750/โต๊ะไม้โอ๊ก",
        "1122": "Walnut Table/table/-1/-1/1/750/โต๊ะไม้วอลนัท",
        "1124": "Birch Table/table/-1/-1/1/750/โต๊ะไม้เบิร์ช",
        "1126": "Mahogany Table/table/-1/-1/1/1500/โต๊ะไม้มะฮอกกานี",
        "1128": "Sun Table/table/-1/-1/1/2500/โต๊ะลายพระอาทิตย์",
        "1130": "Moon Table/table/-1/-1/1/2500/โต๊ะลายพระจันทร์",
        "1132": "Modern Table/table/-1/-1/1/1250/โต๊ะทรงทันสมัย",
        "1134": "Pub Table/table/-1/-1/1/800/โต๊ะไม้กลม",
        "1136": "Luxury Table/table/-1/-1/1/2000/โต๊ะไม้โอ่อ่า",
        "1138": "Diviner Table/table/-1/-1/1/2250/โต๊ะผู้พยากรณ์",
        "1140": "Neolithic Table/table/-1/-1/1/1800/โต๊ะยุคนีโอลิธิก",
        "1142": "Puzzle Table/table/-1/-1/1/1500/โต๊ะรูปตัวต่อ",
        "1144": "Winter Table/table/-1/-1/1/1250/โต๊ะทรงฤดูหนาว",
        "1146": "Candy Table/table/-1/-1/1/1000/โต๊ะลูกกวาด",
        "1148": "Luau Table/table/-1/-1/1/1000/โต๊ะลัวร์",
        "1150": "Dark Table/table/-1/-1/1/2000/โต๊ะสีเข้ม",
        "1216": "Oak Tea-Table/table/2 2/-1/1/750/โต๊ะน้ำชาไม้โอ๊ก",
        "1218": "Walnut Tea-Table/table/2 2/-1/1/750/โต๊ะน้ำชาไม้วอลนัท",
        "1220": "Birch Tea-Table/table/2 2/-1/1/750/โต๊ะน้ำชาไม้เบิร์ช",
        "1222": "Mahogany Tea-Table/table/2 2/-1/1/1500/โต๊ะน้ำชาไม้มะฮอกกานี",
        "1224": "Modern Tea-Table/table/2 2/-1/1/1000/โต๊ะน้ำชาทรงทันสมัย",
        "1226": "Furniture Catalogue/table/2 2/-1/1/200000/สมุดรายการเฟอร์นิเจอร์",
        "1280": "China Cabinet/other/3 3/3 1/1/6000/ตู้วางของสไตล์จีน",
        "1283": "Artist Bookcase/bookcase/-1/-1/1/1200/ชั้นวางหนังสือศิลปิน",
        "1285": "Luxury Bookcase/bookcase/-1/-1/1/2000/ชั้นวางหนังสือโอ่อ่า",
        "1287": "Modern Bookcase/bookcase/-1/-1/1/1600/ชั้นวางหนังสือทรงทันสมัย",
        "1289": "Dark Bookcase/bookcase/-1/-1/1/2000/ชั้นวางหนังสือสีเข้ม",
        "1291": "Ceramic Pillar/decor/1 3/1 1/1/250/เสาหินเซรามิก",
        "1292": "Gold Pillar/decor/1 3/1 1/1/450/เสาหินทองคำ",
        "1293": "Industrial Pipe/decor/1 3/1 1/1/300/ท่ออุตสาหกรรม",
        "1294": "Indoor Palm/decor/1 3/1 1/1/600/ต้นปาล์มในร่ม",
        "1295": "Totem Pole/decor/1 3/1 1/1/750/เสาโทเทม",
        "1296": "Manicured Pine/decor/1 3/1 1/1/500/ต้นสนตัดแต่ง",
        "1297": "Topiary Tree/decor/1 3/1 1/1/500/ต้นไม้ตัดแต่ง",
        "1298": "Standing Geode/decor/1 2/1 1/1/500/ผลึกสำหรับตั้งแสดง",
        "1299": "Obsidian Vase/decor/1 2/1 1/1/500/แจกันหินออบซิเดียน",
        "1300": "Singing Stone/decor/1 2/1 1/1/500/หินร้องเพลง",
        "1301": "Sloth Skeleton L/decor/1 2/1 1/1/500/โครงกระดูกสล็อธ L",
        "1302": "Sloth Skeleton M/decor/1 2/1 1/1/500/โครงกระดูกสล็อธ M",
        "1303": "Sloth Skeleton R/decor/1 2/1 1/1/500/โครงกระดูกสล็อธ R",
        "1304": "Skeleton/decor/1 2/1 1/1/500/โครงกระดูก",
        "1305": "Chicken Statue/decor/1 2/1 1/1/500/รูปปั้นไก่",
        "1306": "Leah's Sculpture/decor/1 2/1 1/1/500/งานแกะสลักของลีอา",
        "1307": "Dried Sunflowers/decor/1 2/1 1/1/500/ดอกทานตะวันแห้ง",
        "1308": "Catalogue/decor/1 2/1 1/1/30000/สมุดรายการสินค้า",
        "1309": "Sam's Boombox/decor/1 2/1 1/1/500/เครื่องเล่นวิทยุของแซม",
        "1362": "Small Plant/decor/1 1/1 1/1/250/พืชขนาดเล็ก",
        "1363": "Table Plant/decor/1 1/1 1/1/250/พืชตั้งโต๊ะ",
        "1364": "Decorative Bowl/decor/1 1/1 1/1/250/ชามตกแต่ง",
        "1365": "Futan Bear/decor/1 1/1 1/1/1500/ตุ๊กตาหมียัดนุ่น",
        "1366": "Globe/decor/1 1/1 1/1/750/ลูกโลก",
        "1367": "Model Ship/decor/1 1/1 1/1/750/เรือจำลอง",
        "1368": "Small Crystal/decor/1 1/1 1/1/750/คริสตัลขนาดเล็ก",
        "1369": "Decorative Lantern/decor/1 1/1 1/1/500/ตะเกียงตกแต่ง",
        "1371": "Wumbus Statue/decor/2 3/2 1/1/500/รูปปั้นวุมบัส",
        "1373": "Bobo Statue/decor/2 3/2 1/1/500/รูปปั้นโบโบ้",
        "1375": "Purple Serpent Statue/decor/1 3/1 1/1/500/รูปปั้นอสรพิษสีม่วง",
        "1376": "House Plant/decor/1 2/1 1/1/250/ต้นไม้กระถาง",
        "1377": "House Plant/decor/1 2/1 1/1/250/ต้นไม้กระถาง",
        "1378": "House Plant/decor/1 2/1 1/1/250/ต้นไม้กระถาง",
        "1379": "House Plant/decor/1 2/1 1/1/250/ต้นไม้กระถาง",
        "1380": "House Plant/decor/1 2/1 1/1/250/ต้นไม้กระถาง",
        "1381": "House Plant/decor/1 2/1 1/1/250/ต้นไม้กระถาง",
        "1382": "House Plant/decor/1 2/1 1/1/250/ต้นไม้กระถาง",
        "1383": "House Plant/decor/1 2/1 1/1/250/ต้นไม้กระถาง",
        "1384": "House Plant/decor/1 2/1 1/1/250/ต้นไม้กระถาง",
        "1385": "House Plant/decor/1 2/1 1/1/250/ต้นไม้กระถาง",
        "1386": "House Plant/decor/1 2/1 1/1/250/ต้นไม้กระถาง",
        "1387": "House Plant/decor/1 2/1 1/1/250/ต้นไม้กระถาง",
        "1388": "House Plant/decor/1 2/1 1/1/250/ต้นไม้กระถาง",
        "1389": "House Plant/decor/1 2/1 1/1/250/ต้นไม้กระถาง",
        "1390": "House Plant/decor/1 2/1 1/1/250/ต้นไม้กระถาง",
        "1391": "Oak End Table/table/1 2/1 1/2/500/ตู้ข้างเตียงไม้โอ๊ก",
        "1393": "Walnut End Table/table/1 2/1 1/2/500/ตู้ข้างเตียงไม้วอลนัท",
        "1395": "Birch End Table/table/1 2/1 1/2/500/ตู้ข้างเตียงไม้เบิร์ช",
        "1397": "Mahogany End Table/table/1 2/1 1/2/1000/ตู้ข้างเตียงไม้มะฮอกกานี",
        "1399": "Modern End Table/table/1 2/1 1/1/800/ตู้ข้างเตียงทรงทันสมัย",
        "1400": "Grandmother End Table/table/1 2/1 1/1/1000/ตู้ข้างเตียงคุณย่า",
        "1401": "Winter End Table/table/1 2/1 1/1/800/ตู้ข้างเตียงทรงฤดูหนาว",
        "1402": "Calendar/painting/1 2/1 2/1/2000/ปฏิทิน",
        "1440": "Tree of the Winter Star/decor/3 5/3 2/1/5000/ต้นไม้แห่งดวงดาวฤดูหนาว",
        "1443": "Country Lamp/lamp/-1/-1/1/500/โคมไฟคันทรี",
        "1445": "Box Lamp/lamp/-1/-1/1/750/โคมไฟทรงเหลี่ยม",
        "1447": "Modern Lamp/lamp/-1/-1/1/750/โคมไฟทรงทันสมัย",
        "1449": "Classic Lamp/lamp/-1/-1/1/1000/โคมไฟทรงดั้งเดิม",
        "1451": "Red Rug/rug/-1/-1/2/1000/พรมสีแดง",
        "1456": "Patchwork Rug/rug/-1/-1/2/800/พรมปะต่อ",
        "1461": "Dark Rug/rug/-1/-1/2/2000/พรมสีเข้ม",
        "1466": "Budget TV/decor/2 3/2 2/1/750/โทรทัศน์รุ่นประหยัด",
        "1468": "Plasma TV/decor/3 3/3 1/1/4500/โทรทัศน์จอแบน",
        "1471": "Green Serpent Statue/decor/1 3/1 1/1/500/รูปปั้นอสรพิษสีเขียว",
        "1539": "'The Muzzamaroo'/painting/-1/-1/1/1000/'เดอะ มัซซามารู'",
        "1541": "'A Night On Eco-Hill'/painting/-1/-1/1/1000/'ค่ำคืนบนเนินเขาเสียงสะท้อน'",
        "1543": "'Pathways'/painting/-1/-1/1/750/'เส้นทาง'",
        "1545": "'Burnt Offering'/painting/-1/-1/1/1000/'เครื่องบูชายันต์'",
        "1547": "'Queen of the Gem Sea'/painting/3 2/3 2/1/1200/'ราชินีแห่งทะเลอัญมณี'",
        "1550": "'Vanilla Villa'/painting/-1/-1/1/500/'วานิลลาวิลล่า'",
        "1552": "'Primal Motion'/painting/-1/-1/1/1500/'ปฐมทิศ'",
        "1554": "'Jade Hills'/painting/3 2/3 2/1/1750/'เนินเขาหยก'",
        "1557": "'Sun #44'/painting/-1/-1/1/800/'ตะวัน #44'",
        "1559": "Wallflower Pal/painting/-1/-1/1/500/เพื่อนจอมเฉิ่ม",
        "1561": "'Spires'/painting/-1/-1/1/800/'ยอด'",
        "1563": "'Highway 89'/painting/-1/-1/1/800/'ทางหลวงหมายเลข 89'",
        "1565": "Calico Falls/painting/-1/-1/1/750/น้ำตกคาลิโก้",
        "1567": "Needlepoint Flower/painting/1 2/1 2/1/500/ดอกปลายเข็ม",
        "1600": "Skull Poster/painting/1 2/1 2/1/500/โปสเตอร์หัวกระโหลก",
        "1601": "'Sun #45'/painting/1 2/1 2/1/350/'ตะวัน #45'",
        "1602": "'Little Tree'/painting/1 2/1 2/1/350/'ต้นไม้น้อย'",
        "1603": "'Blueberries'/painting/1 2/1 2/1/250/'บลูเบอร์รี่'",
        "1604": "'Blue City'/painting/1 2/1 2/1/250/'เมืองสีคราม'",
        "1605": "Little Photos/painting/1 2/1 2/1/250/รูปถ่ายใบเล็กใบน้อย",
        "1606": "'Dancing Grass'/painting/1 2/1 2/1/400/'หญ้าเริงระบำ'",
        "1607": "'VGA Paradise'/painting/2 2/2 2/1/1200/'สวรรค์วีจีเอ'",
        "1609": "J. Cola Light/painting/3 2/3 2/1/1000/ป้ายไฟโจจ้าโคล่า",
        "1612": "'Kitemaster '95'/painting/-1/-1/1/600/'ปรมาจารย์ว่าว '95'",
        "1614": "Basic Window/window/-1/-1/1/300/หน้าต่างธรรมดา",
        "1616": "Small Window/window/-1/-1/1/300/หน้าต่างบานเล็ก",
        "1618": "Red Cottage Rug/rug/-1/-1/2/750/พรมสีแดงคอตเทจ",
        "1623": "Green Cottage Rug/rug/-1/-1/2/750/พรมสีเขียวคอตเทจ",
        "1628": "Monster Rug/rug/2 2/2 2/1/1250/พรมมอนสเตอร์",
        "1630": "Boarded Window/painting/1 2/1 2/1/400/หน้าต่างปิดตาย",
        "1664": "Mystic Rug/rug/-1/-1/2/1250/พรมลึกลับ",
        "1669": "Lg. Futan Bear/decor/2 2/2 1/1/4000/ตุ๊กตาหมียัดนุ่นตัวใหญ่",
        "1671": "Bear Statue/decor/2 4/2 1/1/4000/รูปปั้นคุณหมี",
        "1673": "Porthole/window/-1/-1/1/700/หน้าต่างใต้ท้องเรือ",
        "1675": "Anchor/painting/1 2/1 2/1/750/สมอ",
        "1676": "World Map/painting/-1/-1/1/500/แผนที่โลก",
        "1678": "Ornate Window/window/-1/-1/1/900/หน้าต่างหรูหรา",
        "1680": "Floor TV/decor/2 2/2 1/1/700/โทรทัศน์ตั้งพื้น",
        "1682": "Carved Window/window/-1/-1/1/900/หน้าต่างแกะสลัก",
        "1733": "Junimo Plush/decor/2 2/2 1/1/4000/ตุ๊กตาจูนิโม่ยัดนุ่น",
        "1737": "Nautical Rug/rug/-1/-1/2/1250/พรมเดินเรือ",
        "1742": "Burlap Rug/rug/2 2/2 2/1/350/พรมผ้าป่าน",
        "1744": "Tree Column/decor/1 3/1 1/1/1000/เสากลมปลูกต้นไม้",
        "1745": "L. Light String/painting/2 1/2 1/1/400/สายไฟตกแต่งใหญ่",
        "1747": "S. Pine/decor/1 2/1 1/1/500/ต้นสนขนาดเล็ก",
        "1748": "Bonsai Tree/decor/1 2/1 1/1/800/ต้นบอนไซ",
        "1749": "Metal Window/window/-1/-1/1/800/หน้าต่างโลหะ",
        "1751": "Candle Lamp/lamp/-1/-1/1/1000/ตะเกียงเทียนไข",
        "1753": "Miner's Crest/painting/2 2/2 2/1/1000/ตราคนงานเหมือง",
        "1755": "Bamboo Mat/rug/2 1/2 1/2/250/เสื่อไผ่",
        "1758": "Ornate Lamp/lamp/-1/-1/1/1050/โคมไฟหรูหรา",
        "1760": "Small Junimo Plush/decor/1 1/1 1/1/1500/ตุ๊กตาจูนิโม่ยัดนุ่นเล็ก",
        "1761": "Small Junimo Plush/decor/1 1/1 1/1/1500/ตุ๊กตาจูนิโม่ยัดนุ่นเล็ก",
        "1762": "Small Junimo Plush/decor/1 1/1 1/1/1500/ตุ๊กตาจูนิโม่ยัดนุ่นเล็ก",
        "1763": "Small Junimo Plush/decor/1 1/1 1/1/1500/ตุ๊กตาจูนิโม่ยัดนุ่นเล็ก",
        "1764": "Futan Rabbit/decor/1 1/1 1/1/1500/ตุ๊กตากระต่ายยัดนุ่น",
        "1777": "Woodcut Rug/rug/2 2/2 2/1/800/พรมลายไม้",
        "1792": "Brick Fireplace/fireplace/-1/-1/1/1000/เตาผิงอิฐ",
        "1794": "Stone Fireplace/fireplace/-1/-1/1/1500/เตาผิงหิน",
        "1796": "Iridium Fireplace/fireplace/-1/-1/1/15000/เตาผิงอิริเดียม",
        "1798": "Stove Fireplace/fireplace/-1/-1/1/3000/เตาเผา",
        "1800": "Monster Fireplace/fireplace/-1/-1/1/25000/เตาเผามอนสเตอร์",
        "1802": "My First Painting/painting/-1/-1/1/500/รูปวาดใบแรกของฉัน",
        "1811": "Hanging Shield/painting/1 1/1 1/1/500/โล่แขวนผนัง",
        "1812": "Monster Danglers/painting/2 1/2 1/1/1000/มอนสเตอร์แขวน",
        "1814": "Ceiling Flags/painting/1 1/1 1/1/50/ธงแขวนผนัง",
        "1838": "'Red Eagle'/painting/-1/-1/1/1000/'อินทรีแดง'",
        "1840": "'Portrait Of A Mermaid'/painting/-1/-1/1/1000/'ภาพเขียนนางเงือก'",
        "1842": "'Solar Kingdom'/painting/-1/-1/1/1000/'ดินแดนอาทิตย์อุทัย'",
        "1844": "'Clouds'/painting/-1/-1/1/1000/'เมฆ'",
        "1846": "'1000 Years From Now'/painting/-1/-1/1/1000/'พันปีจากนี้'",
        "1848": "'Three Trees'/painting/-1/-1/1/1000/'ต้นไม้สามต้น'",
        "1850": "'The Serpent'/painting/-1/-1/1/1000/'อสรพิษ'",
        "1852": "'Tropical Fish #173'/painting/-1/-1/1/1000/'ปลาเขตร้อน #173'",
        "1854": "'Land Of Clay'/painting/-1/-1/1/1000/'ดินแดนแห่งดินเหนียว'",
        "1866": "Elegant Fireplace/fireplace/-1/-1/1/4000/เตาผิงหรูหรา",
        "1900": "Pirate Flag/painting/-1/-1/1/4000/ธงโจรสลัด",
        "1902": "Pirate Rug/rug/-1/-1/2/4000/พรมโจรสลัด",
        "1907": "Strawberry Decal/painting/-1/-1/1/2500/สตอร์เบอร์รี่แขวนประดับ",
        "1909": "Fruit Salad Rug/rug/-1/-1/2/4000/พรมฟรุตสลัด",
        "1914": "Night Sky Decal #1/painting/1 2/1 2/1/750/ท้องฟ้าค่ำคืนประดับ #1",
        "1915": "Night Sky Decal #2/painting/1 2/1 2/1/750/ท้องฟ้าค่ำคืนประดับ #2",
        "1916": "Night Sky Decal #3/painting/1 2/1 2/1/750/ท้องฟ้าค่ำคืนประดับ #3",
        "1917": "Wall Pumpkin/painting/1 2/1 2/1/750/ฟักทองประดับผนัง",
        "1918": "Small Wall Pumpkin/painting/1 2/1 2/1/750/ฟักทองประดับผนังเล็ก",
        "1952": "'The Brave Little Sapling'/painting/1 2/1 2/1/400/'เจ้าต้นกล้าน้อยผู้กล้าหาญ'",
        "1953": "'Mysterium'/painting/1 2/1 2/1/400/'สิงสู่'",
        "1954": "'Journey Of The Prairie King: The Motion Picture'/painting/1 2/1 2/1/400/'บันทึกการผจญภัยของราชาทุ่งหญ้า : เดอะมูฟวี่'",
        "1955": "'Wumbus'/painting/1 2/1 2/1/400/'วัมบุส'",
        "1956": "'The Zuzu City Express'/painting/1 2/1 2/1/400/'ขบวนรักพักใจ'",
        "1957": "'The Miracle At Coldstar Ranch'/painting/1 2/1 2/1/400/'โคลด์สตาร์ฟาร์ม คำสัญญาแห่งดวงดาว'",
        "1958": "'Natural Wonders: Exploring Our Vibrant World'/painting/1 2/1 2/1/400/'อัศจรรย์แห่งธรรมชาติ : สำรวจโลกอันสดใส'",
        "1959": "'It Howls In The Rain'/painting/1 2/1 2/1/400/'มันมากับฝน'",
        "1960": "Indoor Hanging Basket/painting/1 2/1 2/1/400/ต้นไม้กระถางแขวนในร่ม",
        "1961": "Winter Tree Decal/painting/1 2/1 2/1/400/ต้นไม้ฤดูหนาวแขวน",
        "1964": "Bone Rug/rug/-1/-1/2/1000/พรมลายกระดูก",
        "1971": "Butterfly Hutch/decor/2 3/2 1/1/50000/ตู้ผีเสื้อ",
        "1978": "Snowy Rug/rug/-1/-1/2/1000/พรมลายหิมะ"
    }
}
