{
    "header": {
        "target": "w",
        "formatVersion": 5,
        "hidef": true,
        "compressed": 128
    },
    "readers": [
        {
            "type": "Microsoft.Xna.Framework.Content.DictionaryReader`2[[System.Int32, mscorlib, Version=4.0.0.0, Culture=neutral, PublicKeyToken=b77a5c561934e089],[System.String, mscorlib, Version=4.0.0.0, Culture=neutral, PublicKeyToken=b77a5c561934e089]]",
            "version": 0
        },
        {
            "type": "Microsoft.Xna.Framework.Content.Int32Reader",
            "version": 0
        },
        {
            "type": "Microsoft.Xna.Framework.Content.StringReader",
            "version": 0
        }
    ],
    "content": {
        "0": "Cowboy Hat/(หมวกคาวบอย) หนังมันเก่า และแตกลาย แต่แปลกที่อ่อนนุ่ม มันมีกลิ่นเหม็นอับด้วย/false/true/Cowboy Hat",
        "1": "Bowler Hat/(หมวกกลมทรงสูง) สร้างจากความรู้สึกเรียบง่าย/false/true/Bowler Hat",
        "2": "Top Hat/(หมวกทรงสูง) หมวกคลาสสิคของสุภาพบุรุษ/false/true/Top Hat",
        "3": "Sombrero/(หมวกปีกกว้าง) หมวกที่ถูกสานจากฟาง เหมาะสำหรับงานรื่นเริง/false/true/Sombrero",
        "4": "Straw Hat/(หมวกฟาง) เบาบางและดูดี นี่แหละความสุขของเกษตรกร/false/true/Straw Hat",
        "5": "Official Cap/(หมวกทางการ) ดูเหมือนว่ามันเป็นของ บุรุษไปรษณีย์หรือตำรวจ ยังคงความละเมียดละไมและอิทธิพลไว้/false/true/Official Cap",
        "6": "Blue Bonnet/(หมวกสตรีสีฟ้า) สิ่งเตือนใจให้นึกถึง ช่วงเวลาอันเรียบง่าย ด้วยหมวกสตรีนี้/false/true/Blue Bonnet",
        "7": "Plum Chapeau/(หมวกสีพลัม) หมวกธรรมดา ไม่มีอะไรพิเศษ/false/true/Plum Chapeau",
        "8": "Skeleton Mask/(หน้ากากกระโหลก) ดวงตาสีแดง เรืองแสงอย่างน่าพิศวง/true/true/Skeleton Mask",
        "9": "Goblin Mask/(หน้ากากกอบลิน) แกล้งเพื่อนบ้าน ด้วยหน้ากากที่น่าขยะแขยงนี้ หูยางช่วยเพิ่มความน่าตื่นเต้น./true/true/Goblin Mask",
        "10": "Chicken Mask/(หน้ากากกุ๊กไก่) แน่ใจได้เลยว่าหน้ากากนี้จะทำให้เขายิ้มได้/true/true/Chicken Mask",
        "11": "Earmuffs/(ที่ครอบหูกันหนาว) ทำให้หูอบอุ่น บุด้วยผ้ากำมะหยี่จากปราสาท/true/false/Earmuffs",
        "12": "Delicate Bow/(กิ๊บเพชร) อัญมณีสีชมพูเล็กๆ แวววาวเมื่อคุณจ้องมองมัน/true/false/Delicate Bow",
        "13": "Tropiclip/(กิ๊บต้นปาล์ม) รูปร่างมันเหมือน ต้นปาล์มต้นเล็กๆ/true/false/Tropiclip",
        "14": "Butterfly Bow/(โบว์ผีเสื้อ) สิ่งนี้มันเบามาก/true/false/Butterfly Bow",
        "15": "Hunter's Cap/(หมวกนายพราน) หมวกที่บุด้วยขนแกะ ให้ความอบอุ่น เมื่อสวมใส่เข้าไปในป่าลึก/false/true/Hunter's Cap",
        "16": "Trucker Hat/(หมวกคนขับรถบรรทุก) ตาข่ายด้านหลัง ทำให้ศรีษะเย็นสบาย/false/true/Trucker Hat",
        "17": "Sailor's Cap/(หมวกกะลาสี) หมวกดูใหม่ และเป็นทางการ/false/true/Sailor's Cap",
        "18": "Good Ol' Cap/(หมวกแก๊ปใบเก่า) หมวกเก่าๆ ปีกหมวกย่นๆ ดูเหมือนจะผ่าน อะไรมาเยอะเลยทีเดียว/false/true/Good Ol' Cap",
        "19": "Fedora/(หมวกฟีดอรา) หมวกทรงหรู ของชาวเมือง/false/true/Fedora",
        "20": "Cool Cap/(หมวกแก๊ปสุดเท่) ดูเหมือนสีมันซีดหมดแล้ว มันเคยมีสีฟ้าสดมาก่อน/false/true/Cool Cap",
        "21": "Lucky Bow/(ที่คาดผมนำโชค) ตรงกลางนั่น ทำมาจากทองคำเชียวนะ/true/false/Lucky Bow",
        "22": "Polka Bow/(ที่คาดผมลายจุด) ใครได้เห็นสิ่งนี้ ต้องเหลียวมองทุกคน/true/false/Polka Bow",
        "23": "Gnome's Cap/(หมวกของโนม) โนมตัวนี้มีหัวที่ใหญ่มาก/false/true/Gnome's Cap",
        "24": "Eye Patch/(ผ้าปิดตา) ไม่มีทางบอกได้หรอกว่า นี่มันของจริง หรือแค่เครื่องประดับ จากร้านค้า/true/true/Eye Patch",
        "25": "Santa Hat/(หมวกซานต้า) หมวกเฉลิมฉลอง ฤดูกาลสุดแสนวิเศษ/false/true/Santa Hat",
        "26": "Tiara/(รัดเกล้า) เครื่องประดับศีรษะ ที่ตรงกลางมีอัญมณีสีม่วง ล้อมรอบไปด้วยทองคำ/true/true/Tiara",
        "27": "Hard Hat/(หมวกนิรภัย) หมวกทรงกลม ที่ช่วยปกป้องศรีษะจากอันตราย/false/true/Hard Hat",
        "28": "Sou'wester/(หมวกกันฝน) รูปทรงของมันช่วยให้กะลาสี ไม่เปียกท่ามกลางพายุฝน/false/true/Sou'wester",
        "29": "Daisy/(ดอกเดซี่) ดอกเดซี่จากฤดูใบไม้ผลิ ที่ถูกนำมาใช้กลัดผม/true/false/Daisy",
        "30": "Watermelon Band/(ที่คาดผมสีแตงโม) สีสันของมัน ได้รับแรงบันดาลใจจาก แตงโมในหน้าร้อน/true/false/Watermelon Band",
        "31": "Mouse Ears/(หูหนู) มันทำมาจากใยสังเคราะห์/true/true/Mouse Ears",
        "32": "Cat Ears/(หูแมว) มีหนวดด้วยนะ/true/true/Cat Ears",
        "33": "Cowgal Hat/(หมวกคาวเกิร์ล) หมวกที่ประดับ ไปด้วยเพชรปลอม/false/true/Cowgal Hat",
        "34": "Cowpoke Hat/(หมวกโคบาล) หมวกสำหรับ ผู้เชี่ยวชาญเรื่องโค/false/true/Cowpoke Hat",
        "35": "Archer's Cap/(หมวกนักธนู) หมวกที่ทันสมัย โดยไม่ต้องไปสนใจว่า คุณเป็นนักธนูหรือไม่/false/true/Archer's Cap",
        "36": "Panda Hat/(หมวกแพนด้า) หมวกแพนด้าน่ารัก/false/true/Panda Hat",
        "37": "Blue Cowboy Hat/(หมวกคาวบอยสีฟ้า) หมวกคาวบอยเดนิมสีฟ้าเย็นตา/false/true/Blue Cowboy Hat",
        "38": "Red Cowboy Hat/(หมวกคาวบอยสีแดง) หมวกคาวบอย ที่สะดุดตาในหนังนิ่มสีแดง/false/true/Red Cowboy Hat",
        "39": "Cone Hat/(หมวกรูปกรวย) ความอยากรู้อยากเห็น จากดินแดนที่ห่างไกล/false/true/Cone Hat",
        "40": "Living Hat/(หมวกลิฟวิ่ง) มันดูดซับความชื้น จากหนังศีรษะของคุณได้เลย ไม่จำเป็นต้องใช้น้ำ!/false/true",
        "41": "Emily's Magic Hat/(หมวกวิเศษของเอมิลี่) ทำด้วยความรักโดยเอมิลี่ มันเป็นสารอินทรีย์ 100%!/false/true",
        "42": "Mushroom Cap/(หมวกเห็ด) มันมีกลิ่นเหมือนดิน/false/true",
        "43": "Dinosaur Hat/(หมวกไดโนเสาร์) หมวกก็ดูเหมือน ไดโนเสาร์ตัวเล็ก ๆ/false/true",
        "44": "Totem Mask/(หน้ากากโทเท็ม) ไม่ต้องกังวล มันจะไม่ทำให้ใบหน้า ของคุณเสียรูป/true/true",
        "45": "Logo Cap/(หมวกโลโก้) หมวกสีแดง ที่มีโลโก้อยู่ด้านหน้า/false/true",
        "46": "Wearable Dwarf Helm/(หมวกคนแคระ) หมวกนิรภัยสำหรับคนแคระ ที่มีขนาดใหญ่เล็กน้อย/hide/true",
        "47": "Fashion Hat/(หมวกแฟชั่น) หมวกแฟชั่น ที่มีขนในปีก/false/true",
        "48": "Pumpkin Mask/(หน้ากากฟักทอง) สักวันหนึ่งมันจะเป็นฟักทองที่ยิ่งใหญ่.../hide/true",
        "49": "Hair Bone/(แฮร์โบน) โบว์ผูกผม รุ่นก่อนประวัติศาสตร์/true/false",
        "50": "Knight's Helmet/(หมวกอัศวิน) มันดูเหมือนของจริงมาก!/hide/true",
        "51": "Squire's Helmet/(หมวกตุลาการ) เปิดใบหน้าเพื่อเพิ่ม การไหลของอากาศ/hide/true",
        "52": "Spotted Headscarf/(ผ้าคลุมศีรษะลายจุด) ผ้าพันคอลายจุดสีแดงผูกรอบศีรษะ/hide/true",
        "53": "Beanie/(หมวก) หมวกที่ดูอบอุ่นมีขนาดค่อนข้างแน่น/hide/true",
        "54": "Floppy Beanie/(หมวกฟลอปปี้) หมวกที่ดูอบอุ่นที่มีรูปทรงพอดี/hide/true",
        "55": "Fishing Hat/(หมวกตกปลา) ขอบกว้างช่วยให้คุณมีเงาเมื่อคุณตกปลาบนฝั่งแม่น้ำ/false/true",
        "56": "Blobfish Mask/(หน้ากากบล็อบฟิช) เหมือนฟองน้ำจริง ๆ !/true/true",
        "57": "Party Hat/(หมวกปาร์ตี้) หมวกสีแดง ที่ทำให้การเฉลิมฉลองสนุกยิ่งขึ้น/false/true",
        "58": "Party Hat/(หมวกปาร์ตี้) หมวกสีฟ้า ที่ทำให้การเฉลิมฉลองสนุกยิ่งขึ้น/false/true",
        "59": "Party Hat/(หมวกปาร์ตี้) หมวกสีเขียว ที่ทำให้การเฉลิมฉลองสนุกยิ่งขึ้น/false/true",
        "60": "Arcane Hat/(หมวกอาร์เคน) ชนิดของหมวกคาวบอยที่พ่อมดสวมใส่/false/true",
        "61": "Chef Hat/(หมวกเชฟ) หมวกแบบดั้งเดิม สวมใส่โดยหัวหน้าพ่อครัว/hide/true",
        "62": "Pirate Hat/(หมวกโจรสลัด) หมวกกัปตันที่มีกะโหลกศีรษะ ที่น่ากลัวอยู่ด้านหน้า/false/true",
        "63": "Flat Topped Hat/(หมวกทรงแบน) หมวกแบบเก่าที่ครั้งหนึ่ง เคยถือว่าทันสมัยมาก/false/true",
        "64": "Elegant Turban/(ผ้าโพกหัวที่สง่างาม) ผ้าโพกหัวผ้าไหมสีดำเนื้อดี ประดับด้วยสีทอง/false/true",
        "65": "White Turban/(ผ้าโพกหัวสีขาว) ผ้าโพกหัวผ้าไหมสีขาวละเอียด ประดับด้วยสีน้ำเงิน/false/true",
        "66": "Garbage Hat/(หมวกขยะ) มันเป็นขยะที่สามารถ 'นำกลับมาใช้ใหม่' ในหมวก.../false/true",
        "67": "Golden Mask/(หน้ากากทองคำ) ที่ละลึกการละเล่นที่ยึดมั่น ของทะเลทรายคาลิโก้!/true/true",
        "68": "Propeller Hat/(หมวกใบพัด) หมวกโง่ ๆ ที่มีใบพัดอยู่ด้านบน/false/true",
        "69": "Bridal Veil/(ผ้าคลุมหน้าเจ้าสาว) หมวกแบบดั้งเดิมสำหรับเจ้าสาว/false/true",
        "70": "Witch Hat/(หมวกแม่มด) หมวกแหลมที่เป็นที่นิยม ของแม่มด/false/true",
        "71": "Copper Pan/(กระทะทองแดง) คุณวางกระทะทองแดง บนหัวของคุณ.../false/true",
        "72": "Green Turban/(ผ้าโพกหัวสีเขียว) ผ้าโพกหัวไหมสีเขียว ประดับด้วยเครื่องประดับทองด้านหน้า/false/true",
        "73": "Magic Cowboy Hat/(หมวกคาวบอยวิเศษ) มันส่องแสงด้วยพลังงาน จากแท่งปริซึม/false/true/Prismatic",
        "74": "Magic Turban/(ผ้าโพกหัววิเศษ) มันส่องแสงด้วยพลังงาน จากแท่งปริซึม/false/true/Prismatic"
    }
}
