{
  "spring_movie_0": {
    "ID": null,
    "SheetIndex": 0,
    "Title": "ต้นกล้าน้อยผู้กล้าหาญ",
    "Description": "ภาพยนตร์การ์ตูนสำหรับครอบครัว ที่เกี่ยวกับต้นกล้าน้อยกับการผจญภัยมหัศจรรย์ เพื่อจะเป็นต้นไม้เต็มตัว!",
    "Tags": [
      "family",
      "comedy"
    ],
    "Scenes": [
      {
        "Image": 0,
        "Music": "sweet",
        "Sound": "",
        "MessageDelay": 1000,
        "Script": "",
        "Text": "ต้นกล้าน้อยจอมกล้าหาญ",
        "Shake": false,
        "ResponsePoint": null,
        "ID": "spring0_0"
      },
      {
        "Image": 1,
        "Music": "",
        "Sound": "",
        "MessageDelay": 500,
        "Script": "",
        "Text": "ต้นกล้าตัวน้อยที่กล้าหาญ กำลังออกจากบ้านของเขา เขาลังเลอยู่ครู่หนึ่งแล้วหันไปมองรอบๆ เพื่อจดจำบรรยากาศที่จะไม่ได้กลับมา สัมผัสเป็นอีกเวลานาน...",
        "Shake": false,
        "ResponsePoint": null,
        "ID": "spring0_1"
      },
      {
        "Image": 6,
        "Music": "",
        "Sound": "",
        "MessageDelay": 500,
        "Script": "/playSound dustMeep/pause 200/playSound dustMeep/pause 300/playSound dustMeep/pause 100/playSound dustMeep/pause 200/playSound dustMeep",
        "Text": "ต้นกล้าต้นอื่นรวมตัวกันเเล้ว โบกมือลาอย่างตื่นเต้น...!",
        "Shake": false,
        "ResponsePoint": "sprout_leave",
        "ID": "spring0_2"
      },
      {
        "Image": 2,
        "Music": "rain",
        "Sound": "",
        "MessageDelay": 500,
        "Script": "",
        "Text": "ไม่นะ! ฝนเริ่มที่จะตกแล้ว...! ต้นอ่อนตัวเล็กๆ เริ่มวิ่งหนีในขณะที่เสียง ฟ้าร้องดังขึ้นอยู่เหนือหัว...",
        "Shake": false,
        "ResponsePoint": "",
        "ID": "spring0_3"
      },
      {
        "Image": 3,
        "Music": "",
        "Sound": "thunder",
        "MessageDelay": 1000,
        "Script": "",
        "Text": "ความกลัวในจิตใจ เเละความวิตกกังวล จากเหตุการณ์ต่างๆ ทำให้เจ้าต้นกล้าน้อย เริ่มหมดความหวังขึ้นเรื่อยๆ...",
        "Shake": false,
        "ResponsePoint": "",
        "ID": "spring0_4"
      },
      {
        "Image": 4,
        "Music": "echos",
        "Sound": "",
        "MessageDelay": 500,
        "Script": "",
        "Text": "...แต่นี่มันคืออะไรกันน่ะ...? ทำไมต้นกล้าตัวน้อย ถึงรู้สึกแปลกๆ บนหัวของตัวเอง... ",

        "Shake": false,
        "ResponsePoint": null,
        "ID": "spring0_5"
      },
      {
        "Image": 5,
        "Music": "",
        "Sound": "",
        "MessageDelay": 500,
        "Script": "/playSound coin/pause 1000/message \"บางครั้งฝนปริมาณเพียงเล็กน้อย ก็อาจจะเป็นสัญญาณที่ดี ในการเริ่มการผจญภัยครั้งใหม่!\"",
        "Text": "",
        "Shake": false,
        "ResponsePoint": "",
        "ID": "spring0_6"
      },
      {
        "Image": 7,
        "Music": "",
        "Sound": "",
        "MessageDelay": 2000,
        "Script": "",
        "Text": "โชคดี, เจ้าตัวน้อย!",
        "Shake": false,
        "ResponsePoint": null,
        "ID": "spring0_7"
      }
    ]
  },
  "fall_movie_0": {
    "ID": null,
    "SheetIndex": 1,
    "Title": "สิงสู่",
    "Description": "มันจะปรากฎตัวขึ้นมา กลางราตรีอันเงียบสงัด... และจะทำให้คุณได้รับ ประสบการณ์ที่จะลืมไม่ลง!",
    "Tags": [
      "horror",
      "art"
    ],
    "Scenes": [
      {
        "Image": 0,
        "Music": "Lava_Ambient",
        "Sound": "",
        "MessageDelay": 500,
        "Script": "/pause 4000",
        "Text": "'สิงสู่'",
        "Shake": false,
        "ResponsePoint": null,
        "ID": "fall0_0"
      },
      {
        "Image": 1,
        "Music": "",
        "Sound": "",
        "MessageDelay": 500,
        "Script": "/pause 1500",
        "Text": "เงาจางๆ ของบางสิ่งปรากฏขึ้น ในสถานที่อันมืดมิดแห่งหนึ่ง...",
        "Shake": false,
        "ResponsePoint": null,
        "ID": "fall0_1"
      },
      {
        "Image": -1,
        "Music": "",
        "Sound": "",
        "MessageDelay": 500,
        "Script": "/specificTemporarySprite movieFrame 1 2 1000/playSound batScreech",
        "Text": "",
        "Shake": false,
        "ResponsePoint": "",
        "ID": "fall0_2"
      },
      {
        "Image": 1,
        "Music": "",
        "Sound": "",
        "MessageDelay": 500,
        "Script": "",
        "Text": "",
        "Shake": false,
        "ResponsePoint": null,
        "ID": "fall0_3"
      },
      {
        "Image": 3,
        "Music": "",
        "Sound": "",
        "MessageDelay": 500,
        "Script": "",
        "Text": "มันคือพื้นที่รกร้าง ที่ไม่เคยปรากฏ หรือถูกค้นพบที่ไหนมาก่อน... และความน่าสะพรึงกลัว ที่นับไม่ถ้วนกำลังจับจ้อง มาอย่างไม่ละสายตา",
        "Shake": false,
        "ResponsePoint": null,
        "ID": "fall0_4"
      },
      {
        "Image": 3,
        "Music": "",
        "Sound": "",
        "MessageDelay": 500,
        "Script": "/specificTemporarySprite movieFrame 1 4 400/playSound serpentHit/pause 2000/specificTemporarySprite movieFrame 1 4 150/playSound shadowHit/pause 300/specificTemporarySprite movieFrame 1 4 400/playSound serpentDie",
        "Text": "",
        "Shake": false,
        "ResponsePoint": "",
        "ID": "fall0_5"
      },
      {
        "Image": -1,
        "Music": "spring_night_ambient",
        "Sound": "",
        "MessageDelay": 500,
        "Script": "/specificTemporarySprite movieFrame 7 7 80/pause 50/specificTemporarySprite movieFrame 7 8 80/pause 50/specificTemporarySprite movieFrame 7 9 80/pause 50/specificTemporarySprite movieFrame 7 7 80/pause 50/specificTemporarySprite movieFrame 7 8 80/pause 50/specificTemporarySprite movieFrame 7 9 80/pause 50/specificTemporarySprite movieFrame 7 7 80/pause 50/specificTemporarySprite movieFrame 7 8 80/pause 50/specificTemporarySprite movieFrame 7 9 80/pause 50/specificTemporarySprite movieFrame 7 7 80/pause 50/specificTemporarySprite movieFrame 7 8 80/pause 50/specificTemporarySprite movieFrame 7 9 80/pause 50/specificTemporarySprite movieTheater_screen 1 6 false/pause 3000",
        "Text": "",
        "Shake": false,
        "ResponsePoint": null,
        "ID": "fall0_6"
      },
      {
        "Image": 7,
        "Music": "",
        "Sound": "",
        "MessageDelay": 500,
        "Script": "/pause 3000",
        "Text": "ฉากสยองขวัญ ที่ไม่ซ้ำกันค่อยๆ ปรากฏฉายขึ้นมา...",
        "Shake": false,
        "ResponsePoint": "",
        "ID": "fall0_7"
      },
      {
        "Image": 8,
        "Music": "spirits_eve",
        "Sound": "",
        "MessageDelay": 500,
        "Script": "/playSound skeletonDie/pause 6000",
        "Text": "",
        "Shake": true,
        "ResponsePoint": null,
        "ID": "fall0_8"
      },
      {
        "Image": 9,
        "Music": "",
        "Sound": "",
        "MessageDelay": 500,
        "Script": "/playSound shadowpeep",
        "Text": "'เจ้าจะต้องชวน เพื่อนของเจ้ามาพบกับสิ่งๆ นั้นในคืนนี้ ให้จงได้...'",
        "Shake": false,
        "ResponsePoint": null,
        "ID": "fall0_9"
      },
      {
        "Image": 9,
        "Music": "",
        "Sound": "",
        "MessageDelay": 500,
        "Script": "/playSound shadowDie",
        "Text": "'...เพราะไม่เช่นนั้น ข้าจะไปหาเจ้าในความฝันแทน!'",
        "Shake": true,
        "ResponsePoint": "mysterium_shadow",
        "ID": "fall0_10"
      }
    ]
  },
  "summer_movie_0": {
    "ID": null,
    "SheetIndex": 2,
    "Title": "บันทึกการผจญภัยของ ราชาทุ่งหญ้า : เดอะมูฟวี่",
    "Description": "วิดีโอเกมชื่อดัง ที่ได้มาโลดแล่นอยู่บนจอภาพยนต์!",
    "Tags": [
      "action"
    ],
    "Scenes": [
      {
        "Image": 0,
        "Music": "Cowboy_OVERWORLD",
        "Sound": "",
        "MessageDelay": 500,
        "Script": "/pause 4000",
        "Text": "'บันทึกการผจญภัยของ ราชาทุ่งหญ้า : เดอะมูฟวี่'",
        "Shake": false,
        "ResponsePoint": null,
        "ID": "summer0_0"
      },
      {
        "Image": 1,
        "Music": "",
        "Sound": "",
        "MessageDelay": 500,
        "Script": "",
        "Text": "บนถนนเส้นเก่า ที่เต็มไปด้วยฝุ่นมากมาย... ได้มี ราชาทุ่งหญ้า ที่กำลังเฝ้าระวังรถม้า ที่เต็มไปด้วยสมบัติอันล้ำค่า มากมาย",
        "Shake": false,
        "ResponsePoint": null,
        "ID": "summer0_1"
      },
      {
        "Image": 2,
        "Music": "",
        "Sound": "",
        "MessageDelay": 500,
        "Script": "",
        "Text": "แต่... ราชาผู้มากความสามารถ ของเรานั้น เหมือนจะไม่รู้ว่ายังมีโจร ผู้ชั่วร้ายกำลังเฝ้าดูเขา จากหน้าผาใกล้เคียง...",
        "Shake": false,
        "ResponsePoint": null,
        "ID": "summer0_2"
      },
      {
        "Image": 3,
        "Music": "cowboy_outlawsong",
        "Sound": "",
        "MessageDelay": 500,
        "Script": "",
        "Text": "'ในที่สุด... ข้าจะต้องกำจัดเจ้านายอำเภอ ที่คิดว่าตัวเองสูงส่ง และฮุบเอาสมบัติพวกนั้ นมาให้ได้... ที่จริงข้าสมควรจะได้มันมา!'",
        "Shake": false,
        "ResponsePoint": "PK_villain",
        "ID": "summer0_3"
      },
      {
        "Image": 4,
        "Music": "",
        "Sound": "",
        "MessageDelay": 500,
        "Script": "/pause 400/playSound thunder_small",
        "Text": "'อ๊ะ! ดูเหมือนว่าหินพวกนี้ กำลังจะมุ่งตรงไป ที่ขบวนเกวียนรถม้านะ'",
        "Shake": false,
        "ResponsePoint": null,
        "ID": "summer0_4"
      },
      {
        "Image": 5,
        "Music": "",
        "Sound": "",
        "MessageDelay": 500,
        "Script": "",
        "Text": "ราชาทุ่งหญ้า ได้ยินเสียงบางอย่าง มาจากใกล้ๆ นี้... ดูนั่น!",
        "Shake": false,
        "ResponsePoint": "",
        "ID": "summer0_5"
      },
      {
        "Image": 6,
        "Music": "",
        "Sound": "",
        "MessageDelay": 500,
        "Script": "/pause 1000/message \"ทันได้นั้นเอง เขาก็หยิบปืน ขึ้นมายิงไปที่จุดๆ หนึ่ง .\"/pause 500/playSound cowboy_gunload/pause 500/playSound Cowboy_monsterDie/pause 500",
        "Text": "",
        "Shake": false,
        "ResponsePoint": null,
        "ID": "summer0_6"
      },
      {
        "Image": 7,
        "Music": "",
        "Sound": "",
        "MessageDelay": 500,
        "Script": "/pause 200/playSound cowboy_explosion/pause 1000/message \"นี่มันอะไรกัน ทำไมถึงมีน้ำกระจายออกมา เต็มไปหมด!\"",
        "Text": "",
        "Shake": false,
        "ResponsePoint": null,
        "ID": "summer0_7"
      },
      {
        "Image": 8,
        "Music": "none",
        "Sound": "",
        "MessageDelay": 500,
        "Script": "/pause 500/playSound slimeHit/pause 400/playSound slimeHit/pause 400/playSound slimeHit/pause 400/playSound slimeHit/pause 400",
        "Text": "เขาทำได้! โคลนหนาๆ พวกนั้นทำให้หินชะลอตัว และหยุดพวกหินถล่มได้ในที่สุด",
        "Shake": false,
        "ResponsePoint": "",
        "ID": "summer0_8"
      },
      {
        "Image": 1,
        "Music": "",
        "Sound": "Cowboy_Secret",
        "MessageDelay": 500,
        "Script": "",
        "Text": "เกวียนบรรทุกสมบัติ ปลอดภัยดี",
        "Shake": false,
        "ResponsePoint": null,
        "ID": "summer0_9"
      },
      {
        "Image": 9,
        "Music": "Cowboy_singing",
        "Sound": "",
        "MessageDelay": 500,
        "Script": "",
        "Text": "จบ",
        "Shake": false,
        "ResponsePoint": "",
        "ID": "summer0_10"
      }
    ]
  },
  "summer_movie_1": {
    "ID": null,
    "SheetIndex": 3,
    "Title": "วัมบัส",
    "Description": "หนังแนวไซไฟไร้สาระ ที่เกี่ยวกับชีวิตและเวลาเอื่อยๆ ของผู้ชายอ้วนๆ จากดาวดวงอื่นอันไกลโพ้น",
    "Tags": [
      "sci-fi",
      "comedy",
      "family"
    ],
    "Scenes": [
      {
        "Image": 0,
        "Music": "movie_wumbus",
        "Sound": "",
        "MessageDelay": 500,
        "Script": "",
        "Text": "'วัมบัส'",
        "Shake": false,
        "ResponsePoint": null,
        "ID": "summer1_0"
      },
      {
        "Image": 1,
        "Music": "",
        "Sound": "",
        "MessageDelay": 500,
        "Script": "",
        "Text": "วัมบัส, มักจะทำตัวสบายๆ ยืดตัวนอนและเพลิดเพลิน ไปกับความอบอุ่นของดวงอาทิตย์ บนดาวของเขา",
        "Shake": false,
        "ResponsePoint": null,
        "ID": "summer1_1"
      },
      {
        "Image": 2,
        "Music": "",
        "Sound": "",
        "MessageDelay": 500,
        "Script": "",
        "Text": "ฟู้ดบอท คนรับใช้ที่แสนซื่อสัตย์ของเขา เป็นจุดเสิร์ฟอาหารที่ดี อย่างกลูเตนทอด และซอสแดง'.",
        "Shake": false,
        "ResponsePoint": "",
        "ID": "summer1_2"
      },
      {
        "Image": 3,
        "Music": "",
        "Sound": "",
        "MessageDelay": 500,
        "Script": "",
        "Text": "วัมบัส พยายามที่จะทําให้ หลานชายของเขา 'รัสเซล' สนใจในวัฒนธรรม และเรื่องราวของระบบดวงดาว แต่รัสเซลก็ไม่ได้สนใจมันเลย",
        "Shake": false,
        "ResponsePoint": "",
        "ID": "summer1_3"
      },
      {
        "Image": 7,
        "Music": "",
        "Sound": "",
        "MessageDelay": 500,
        "Script": "",
        "Text": "'อ๊ากกก!'",
        "Shake": false,
        "ResponsePoint": null,
        "ID": "summer1_4"
      },
      {
        "Image": 4,
        "Music": "",
        "Sound": "",
        "MessageDelay": 500,
        "Script": "",
        "Text": "ภาพยนตร์เรื่องนี้ ได้ทำให้เห็นชีวิตตลกๆ ของวัมบัส ในโลกที่เทคโนโลยี และสังคมมีความก้าวหน้า ไปอย่างมาก",
        "Shake": false,
        "ResponsePoint": "",
        "ID": "summer1_5"
      },
      {
        "Image": 5,
        "Music": "",
        "Sound": "",
        "MessageDelay": 500,
        "Script": "/pause 800/playSound phone/pause 300",
        "Text": "หลายฉาก พยายามที่จะหาซีนตลกๆ ลงไปในความไร้สาระ ของชีวิตที่ทันสมัย",
        "Shake": false,
        "ResponsePoint": null,
        "ID": "summer1_6"
      },
      {
        "Image": 6,
        "Music": "",
        "Sound": "",
        "MessageDelay": 500,
        "Script": "",
        "Text": "อย่างไรก็ตามแม้จะมี อะไรสนุกๆ ให้เลือกทำเยอะแยะ แต่วัมบัสและเพื่อนๆ ของเขาก็ยังชอบ ที่จะได้กินพิซซาอร่อยๆ ด้วยกัน (จากส่วนผสมของกลูเตน 100%).",
        "Shake": false,
        "ResponsePoint": "",
        "ID": "summer1_7"
      }
    ]
  },
  "winter_movie_1": {
    "ID": null,
    "SheetIndex": 4,
    "Title": "ขบวนรักพักใจ",
    "Description": "ภาพยนตร์คลาสสิกอันเป็นตำนาน ที่ได้รับการสร้างขึ้นใหม่ สำหรับโรงภาพยนตร์สมัยใหม่",
    "Tags": [
      "classic",
      "romance"
    ],
    "Scenes": [
      {
        "Image": 0,
        "Music": "movie_classic",
        "Sound": "",
        "MessageDelay": 500,
        "Script": "",
        "Text": "'ขบวนรักพักใจ'",
        "Shake": false,
        "ResponsePoint": null,
        "ID": "winter1_0"
      },
      {
        "Image": 1,
        "Music": "",
        "Sound": "",
        "MessageDelay": 500,
        "Script": "/pause 800/playSound trainWhistle/pause 300",
        "Text": "ขบวนรถด่วน ซูซู ซิตี้ ขบวนสุดท้ายที่ได้เริ่มเดินทาง จากชายฝั่งน้ำแข็งทางทิศใต้... โดยในวันนี้นับเป็นวันที่สาม ตั้งแต่เริ่มเดินทางในวันแรก!",
        "Shake": false,
        "ResponsePoint": "",
        "ID": "winter1_1"
      },
      {
        "Image": 2,
        "Music": "",
        "Sound": "",
        "MessageDelay": 500,
        "Script": "",
        "Text": "หญิงสาวมองออกไป นอกหน้าต่างด้วยหัวใจที่ เต็มไปด้วยความเศร้า",
        "Shake": false,
        "ResponsePoint": "",
        "ID": "winter1_2"
      },
      {
        "Image": 3,
        "Music": "",
        "Sound": "",
        "MessageDelay": 500,
        "Script": "/pause 800/playSound doorCreak/pause 2000",
        "Text": "",
        "Shake": false,
        "ResponsePoint": null,
        "ID": "winter1_3"
      },
      {
        "Image": 4,
        "Music": "",
        "Sound": "",
        "MessageDelay": 500,
        "Script": "/pause 2000",
        "Text": "",
        "Shake": false,
        "ResponsePoint": "guyEnters",
        "ID": "winter1_4"
      },
      {
        "Image": 5,
        "Music": "",
        "Sound": "",
        "MessageDelay": 500,
        "Script": "",
        "Text": "ภาพยนตร์อันเป็นอมตะ... ที่มีทั้งการใช้อารมณ์ และเหตุผลของตัวละคร เป็นตัวดึงอารมณ์ของผู้ชม",
        "Shake": false,
        "ResponsePoint": null,
        "ID": "winter1_5"
      },
      {
        "Image": 6,
        "Music": "",
        "Sound": "",
        "MessageDelay": 500,
        "Script": "",
        "Text": "เธอจะทำตามเส้นทาง ที่เธอคิดว่าควรจะทำ หรือทำตามความปรารถนา จากใจของเธอดี?",
        "Shake": false,
        "ResponsePoint": "zuzucityexpress_mind_heart",
        "ID": "winter1_6"
      },
      {
        "Image": 1,
        "Music": "",
        "Sound": "",
        "MessageDelay": 500,
        "Script": "",
        "Text": "และภาพยนตร์ ก็จบลงก่อนที่เราจะได้รู้...",
        "Shake": false,
        "ResponsePoint": null,
        "ID": "winter1_7"
      }
    ]
  },
  "winter_movie_0": {
    "ID": null,
    "SheetIndex": 5,
    "Title": "โคลด์สตาร์ และคำสัญญาต่อ ดวงดาวเหมันต์",
    "Description": "แม้จะลำบากเพียงใด แต่ครอบครัวโคลด์สตาร์ จะช่วยให้จิตวิญญาณ แห่งฤดูหนาวดาวยังคงอยู่...",
    "Tags": [
      "family",
      "classic"
    ],
    "Scenes": [
      {
        "Image": 0,
        "Music": "winter1",
        "Sound": "",
        "MessageDelay": 500,
        "Script": "",
        "Text": "'โคลด์สตาร์ และคำสัญญาต่อ ดวงดาวเหมันต์'",
        "Shake": false,
        "ResponsePoint": null,
        "ID": "winter0_0"
      },
      {
        "Image": 1,
        "Music": "",
        "Sound": "",
        "MessageDelay": 500,
        "Script": "",
        "Text": "มันคือช่วงเวลาก่อน วันหยุดเทศกาลดวงดาวเหมันต์ และหิมะก็มีทีท่าจะตกลงมา ติดต่อกันไปอีก 3 สัปดาห์",
        "Shake": false,
        "ResponsePoint": null,
        "ID": "winter0_1"
      },
      {
        "Image": 2,
        "Music": "",
        "Sound": "",
        "MessageDelay": 500,
        "Script": "",
        "Text": "ครอบครัวโคลด์สตาร์ติดแหงก... เป็นไปไม่ได้เลยที่จะเข้าไปในเมือง แต่โชคยังดีที่วัวมีหญ้าแห้งพอ ที่จะกินไปอีกยาว",
        "Shake": false,
        "ResponsePoint": null,
        "ID": "winter0_2"
      },
      {
        "Image": 2,
        "Music": "",
        "Sound": "",
        "MessageDelay": 500,
        "Script": "/pause 200/playSound cow/pause 500",
        "Text": "",
        "Shake": false,
        "ResponsePoint": null,
        "ID": "winter0_3"
      },
      {
        "Image": 3,
        "Music": "",
        "Sound": "",
        "MessageDelay": 500,
        "Script": "",
        "Text": "...และอาหารสำหรับทุกๆ คนในครอบครัวก็หมด",
        "Shake": false,
        "ResponsePoint": null,
        "ID": "winter0_4"
      },
      {
        "Image": 3,
        "Music": "",
        "Sound": "",
        "MessageDelay": 500,
        "Script": "/pause 500/playSound croak/pause 500",
        "Text": "",
        "Shake": false,
        "ResponsePoint": "",
        "ID": "winter0_5"
      },
      {
        "Image": 4,
        "Music": "",
        "Sound": "",
        "MessageDelay": 500,
        "Script": "",
        "Text": "อย่างไรก็ตามคุณพ่อได้ให้คำสัญญา และความประสงค์ที่จะตัดต้นไม้ ต่อดวงดาวเหมันต์...",
        "Shake": false,
        "ResponsePoint": null,
        "ID": "winter0_6"
      },
      {
        "Image": 4,
        "Music": "",
        "Sound": "",
        "MessageDelay": 500,
        "Script": "/pause 300/playSound axe/pause 400/playSound axchop/pause 400/playSound axchop/pause 800/playSound treethud/pause 300",
        "Text": "",
        "Shake": false,
        "ResponsePoint": "",
        "ID": "winter0_7"
      },
      {
        "Image": 5,
        "Music": "",
        "Sound": "",
        "MessageDelay": 500,
        "Script": "",
        "Text": "แม้จะหิวโหยเพียงใด แต่ครอบครัวก็ได้ประดับต้นไม้ เพื่อรักษาสัญญาที่ได้ให้ไว้แก่ ดวงดาวเหมันต์ เป็นอย่างดี",
        "Shake": false,
        "ResponsePoint": "",
        "ID": "winter0_8"
      },
      {
        "Image": 6,
        "Music": "",
        "Sound": "",
        "MessageDelay": 500,
        "Script": "/pause 1000",
        "Text": "",
        "Shake": false,
        "ResponsePoint": null,
        "ID": "winter0_9"
      },
      {
        "Image": 6,
        "Music": "",
        "Sound": "",
        "MessageDelay": 500,
        "Script": "",
        "Text": "คืนนั้นเอง ได้มีสิ่งผิดปกติเกิดขึ้น...",
        "Shake": false,
        "ResponsePoint": null,
        "ID": "winter0_10"
      },
      {
        "Image": 7,
        "Music": "",
        "Sound": "",
        "MessageDelay": 500,
        "Script": "/pause 1000/specificTemporarySprite coldstarMiracle/pause 500/playSound discoverMineral/pause 3000/message \"ในวันต่อมา, ผู้เป็นแม่รู้สึก ประหลาดใจเป็นอย่างมาก ที่ได้เจอกับต้นไม้ที่ประดับ ด้วยผลไม้ผลใหญ่.\"/pause 500/message \"'พวกเราเชื่อใน เรื่องของดวงดาวเหมันต์ มาโดยตลอดและไม่เคย ที่จะลืมเลือนไปแม้แต่น้อย!'\"",
        "Text": "",
        "Shake": false,
        "ResponsePoint": null,
        "ID": "winter0_11"
      },
      {
        "Image": 8,
        "Music": "",
        "Sound": "",
        "MessageDelay": 500,
        "Script": "/specificTemporarySprite removeSprite 989",
        "Text": "พวกเขาได้รับผลไม้สตาร์ดรอป ถึงแม้ว่ามันจะมีขนาดเล็ก แต่มันก็เป็นสิ่งที่อร่อยที่สุด ที่พวกเขาเคยได้รับมาก่อน",
        "Shake": false,
        "ResponsePoint": null,
        "ID": "winter0_12"
      },
      {
        "Image": 8,
        "Music": "",
        "Sound": "",
        "MessageDelay": 500,
        "Script": "",
        "Text": "ครอบครัวโคลด์สตาร์ รอดปลอดภัยดี และจิตวิญญาณแห่งความหวังก็ยังคงอยู่ สัญญาของดวงดาวเหมันต์ ก็ได้เป็นจริงอีกครั้ง...",
        "Shake": false,
        "ResponsePoint": "",
        "ID": "winter0_13"
      }
    ]
  },
  "spring_movie_1": {
    "ID": null,
    "SheetIndex": 6,
    "Title": "อัศจรรย์แห่งธรรมชาติ : สำรวจโลกอันสดใส",
    "Description": "ท่องเที่ยวผ่านสาธารณรัฐ เฟิร์นกิลด์... จากเกาะเฟิร์นไปยังเมืองซูซู โลกนี้เต็มไปด้วยสิ่งอัศจรรย์!",
    "Tags": [
      "documentary",
      "family"
    ],
    "Scenes": [
      {
        "Image": 0,
        "Music": "movie_nature",
        "Sound": "",
        "MessageDelay": 500,
        "Script": "",
        "Text": "'อัศจรรย์แห่งธรรมชาติ : สำรวจโลกอันสดใส'",
        "Shake": false,
        "ResponsePoint": null,
        "ID": "spring1_0"
      },
      {
        "Image": 1,
        "Music": "",
        "Sound": "",
        "MessageDelay": 500,
        "Script": "",
        "Text": "หมู่เกาะเฟิร์นสวรรค์เขตร้อน ตั้งอยู่ทาง 80 ไมล์นอกชายฝั่งทางตอนใต้ เกาะนี้เกิดขึ้นเนื่องจากการระเบิด ของภูเขาไฟในบริเวณเกาะ และยังคงเติบโตอยู่จนถึงปัจจุบัน...",
        "Shake": false,
        "ResponsePoint": "",
        "ID": "spring1_1"
      },
      {
        "Image": 2,
        "Music": "",
        "Sound": "",
        "MessageDelay": 500,
        "Script": "",
        "Text": "สภาพภูมิอากาศที่อบอุ่น ของทะเลทางตอนใต้ ช่วยให้ความหลากหลาย ทางชีวภาพมีความหลากหลาย... เพียงระยะสั้นๆ เกาะก็เต็มไปด้วยสิ่งมีชีวิตมากมาย!",
        "Shake": false,
        "ResponsePoint": null,
        "ID": "spring1_2"
      },
      {
        "Image": 3,
        "Music": "",
        "Sound": "",
        "MessageDelay": 500,
        "Script": "",
        "Text": "ตอนนี้เรากำลังมุ่งหน้า ขึ้นไปทางทิศเหนือ สู่ความวุ่นวายของเมืองซูซุ ดินแดงแห่งความศรีวิไล ส่องสว่างเรืองรอง ด้วยแสงจากในตัวเมือง",
        "Shake": false,
        "ResponsePoint": null,
        "ID": "spring1_3"
      },
      {
        "Image": 4,
        "Music": "",
        "Sound": "",
        "MessageDelay": 500,
        "Script": "",
        "Text": "ถึงจะดูเป็นไปได้ยาก แต่ถึงกระนั้นเราก็ยังมีโอกาสพบสิ่งมีชีวิที่สวยงาม ในเมืองนี้...",
        "Shake": false,
        "ResponsePoint": "",
        "ID": "spring1_4"
      },
      {
        "Image": 5,
        "Music": "",
        "Sound": "",
        "MessageDelay": 500,
        "Script": "",
        "Text": "ไกลออกไป ทางชายฝั่งทิศตะวันตก ทะเลมรกตอันกว้างใหญ่ ซึ่งเต็มไปด้วยทุ่งหญ้ากว้าง โดยได้ชื่อว่าเป็นที่อยู่อาศัย และแหล่งกำเนิดของ สิ่งมีชีวิตต่างๆ ที่หลากหลาย",
        "Shake": false,
        "ResponsePoint": null,
        "ID": "spring1_5"
      },
      {
        "Image": 6,
        "Music": "",
        "Sound": "",
        "MessageDelay": 500,
        "Script": "",
        "Text": "เกาะนี้เป็นที่รู้จักกันดี ในฐานะเกาะที่เต็มไปด้วยแรคคูน!",
        "Shake": false,
        "ResponsePoint": "",
        "ID": "spring1_6"
      },
      {
        "Image": 7,
        "Music": "",
        "Sound": "",
        "MessageDelay": 500,
        "Script": "",
        "Text": "และสุดท้ายเรากลับไปยัง แผ่นดินใหญ่เพื่อที่จะเยี่ยมชมหนึ่งใน พื้นที่ที่สวยงามที่สุดของทวีป... สตาร์ดิวแวลลี่",
        "Shake": false,
        "ResponsePoint": null,
        "ID": "spring1_7"
      },
      {
        "Image": 8,
        "Music": "",
        "Sound": "",
        "MessageDelay": 500,
        "Script": "",
        "Text": "สภาพอากาศที่อบอุ่นของหุบเขา เปรียบเสมือนบ้านที่สมบูรณ์แบบ สำหรับความหลากหลายของสิ่งมีชีวิตในป่า ช่างเป็นสถานที่ที่สวยงามอะไรเช่นนี้!",
        "Shake": false,
        "ResponsePoint": "",
        "ID": "spring1_8"
      }
    ]
  },
  "fall_movie_1": {
    "ID": null,
    "SheetIndex": 7,
    "Title": "มันมากับฝน",
    "Description": "เรื่องราวของกลุ่มวัยรุ่น ที่เริ่มหาต้นตอของเสียงอันลึกลับ. (ผู้ปกครองควรให้คำแนะนำ)",
    "Tags": [
      "horror"
    ],
    "Scenes": [
      {
        "Image": 0,
        "Music": "Upper_Ambient",
        "Sound": "",
        "MessageDelay": 500,
        "Script": "/pause 1000/playSound cavedrip/pause 1000/playSound cavedrip/spriteText 7 \"มันมากับฝน \"",
        "Text": "",
        "Shake": false,
        "ResponsePoint": null,
        "ID": "fall1_0"
      },
      {
        "Image": 1,
        "Music": "",
        "Sound": "",
        "MessageDelay": 500,
        "Script": "",
        "Text": "'วิดีโอต่อไปนี้ได้รับการเก็บกู้ มาจากกล้องวิดีโอที่ถูกทิ้งไว้ 30 ไมล์ทางตอนใต้ของ แกรมพ์เลทัน'",
        "Shake": false,
        "ResponsePoint": "",
        "ID": "fall1_1"
      },
      {
        "Image": 2,
        "Music": "rain",
        "Sound": "",
        "MessageDelay": 500,
        "Script": "/specificTemporarySprite movieFrame 7 7 80/pause 50/specificTemporarySprite movieFrame 7 8 80/pause 50/specificTemporarySprite movieFrame 7 9 80/pause 50/pause 2000/playSound rainsound/pause 1000",
        "Text": "'เธอได้ยินมั้ย..? ฉันคิดว่ามันดังมาจากในป่า... ไปดูกันเถอะ...'",
        "Shake": false,
        "ResponsePoint": null,
        "ID": "fall1_2"
      },
      {
        "Image": 3,
        "Music": "",
        "Sound": "",
        "MessageDelay": 500,
        "Script": "/pause 1000/message \"'(เสียงหอบ)... ดูนั่นสิ!'\"/playSound leafrustle/specificTemporarySprite woodswalker/pause 1000/playSound rainsound/pause 5000",
        "Text": "",
        "Shake": false,
        "ResponsePoint": "",
        "ID": "fall1_3"
      },
      {
        "Image": 4,
        "Music": "",
        "Sound": "",
        "MessageDelay": 500,
        "Script": "/pause 500/playSound leafrustle/pause 500/playSound leafrustle/pause 400/playSound leafrustle/pause 500/playSound rainsound",
        "Text": "(มุมกล้องค่อยๆ ขยับเข้าลึกไปในป่า)",
        "Shake": true,
        "ResponsePoint": null,
        "ID": "fall1_4"
      },
      {
        "Image": 4,
        "Music": "",
        "Sound": "",
        "MessageDelay": 500,
        "Script": "/specificTemporarySprite movieFrame 7 5 1700/playSound batScreech/spriteText 4 \"อ๊าก! \"/pause 20",
        "Text": "'โธ่..นั่นนายเองเหรอแกรี่... *แฮ่ก* *แฮ่ก*... หยุดเกาะแขนของฉันสักที!'",
        "Shake": true,
        "ResponsePoint": "",
        "ID": "fall1_5"
      },
      {
        "Image": 6,
        "Music": "",
        "Sound": "",
        "MessageDelay": 500,
        "Script": "/specificTemporarySprite movieBush/pause 2000/specificTemporarySprite shakeBush/playSound leafrustle/pause 700/specificTemporarySprite shakeBushStop/pause 900/specificTemporarySprite shakeBush/playSound leafrustle/pause 700/specificTemporarySprite shakeBushStop/pause 900/message \"'ดูสิ! มันอยู่ในพุ่มไม้นั่น...'\"/pause 2000",
        "Text": "",
        "Shake": false,
        "ResponsePoint": null,
        "ID": "fall1_6"
      },
      {
        "Image": 6,
        "Music": "",
        "Sound": "",
        "MessageDelay": 500,
        "Script": "/specificTemporarySprite shakeBush/playSound leafrustle/specificTemporarySprite evilRabbit/playSound dustMeep/specificTemporarySprite shakeBushStop/spriteText 4 \"อ๊ากก! \"/pause 500/spriteText 4 \"โอ้... \"/pause 500/playSound rainsound/specificTemporarySprite movieFrame 7 7 500/specificTemporarySprite removeSprite 777/specificTemporarySprite removeSprite 778",
        "Text": "",
        "Shake": false,
        "ResponsePoint": null,
        "ID": "fall1_7"
      },
      {
        "Image": 7,
        "Music": "",
        "Sound": "",
        "MessageDelay": 500,
        "Script": "/pause 50/specificTemporarySprite movieFrame 7 8 80/pause 50/specificTemporarySprite movieFrame 7 9 80/pause 50/specificTemporarySprite movieFrame 7 7 80/pause 50/specificTemporarySprite movieFrame 7 8 80/pause 50/specificTemporarySprite movieFrame 7 9 80/pause 50/specificTemporarySprite movieFrame 7 7 80/pause 50/specificTemporarySprite movieFrame 7 8 80/pause 50/specificTemporarySprite movieFrame 7 9 80/pause 50/pause 50/specificTemporarySprite movieFrame 7 8 80/pause 50/specificTemporarySprite movieFrame 7 9 80/pause 50/specificTemporarySprite movieFrame 7 7 80/pause 50/specificTemporarySprite movieFrame 7 8 80/pause 50/specificTemporarySprite movieFrame 7 9 80/pause 50/specificTemporarySprite movieFrame 7 7 80/pause 50/specificTemporarySprite movieFrame 7 8 80/pause 50/specificTemporarySprite movieFrame 7 9 80/pause 50/pause 50/specificTemporarySprite movieFrame 7 8 80/pause 50/specificTemporarySprite movieFrame 7 9 80/pause 50/specificTemporarySprite movieFrame 7 7 80/pause 50/specificTemporarySprite movieFrame 7 8 80/pause 50/specificTemporarySprite movieFrame 7 9 80/pause 50/specificTemporarySprite movieFrame 7 7 80/pause 50/specificTemporarySprite movieFrame 7 8 80/pause 50/specificTemporarySprite movieFrame 7 9 80/pause 50",
        "Text": "(เสียงร้องแปลกๆ และเสียงลากเท้าไปมาดังออกมา)",
        "Shake": false,
        "ResponsePoint": null,
        "ID": "fall1_8"
      },
      {
        "Image": 4,
        "Music": "",
        "Sound": "",
        "MessageDelay": 500,
        "Script": "/pause 1000/playSound rainsound/pause 1000/spriteText 4 \"มันยังอยู่ที่นั่น... \"",
        "Text": "",
        "Shake": false,
        "ResponsePoint": "",
        "ID": "fall1_9"
      }
    ]
  }
}
