{
    "header": {
        "target": "w",
        "formatVersion": 5,
        "hidef": true,
        "compressed": 128
    },
    "readers": [
        {
            "type": "Microsoft.Xna.Framework.Content.DictionaryReader`2[[System.String, mscorlib, Version=4.0.0.0, Culture=neutral, PublicKeyToken=b77a5c561934e089],[System.String, mscorlib, Version=4.0.0.0, Culture=neutral, PublicKeyToken=b77a5c561934e089]]",
            "version": 0
        },
        {
            "type": "Microsoft.Xna.Framework.Content.StringReader",
            "version": 0
        }
    ],
    "content": {
        "Abigail": "teen/rude/outgoing/neutral/female/datable/Sebastian/Town/fall 13/Caroline 'แม่' Pierre 'พ่อ'/SeedShop 1 9/Abigail",
        "Caroline": "adult/polite/neutral/neutral/female/not-datable/Pierre/Town/winter 7/Pierre 'สามี' Abigail ''/SeedShop 22 5/Caroline",
        "Clint": "adult/rude/shy/negative/male/not-datable/Emily/Town/winter 26/Emily ''/Blacksmith 3 13/Clint",
        "Demetrius": "adult/polite/neutral/positive/male/not-datable/Robin/Town/summer 19/Robin 'ภรรยา' Maru ''/ScienceHouse 19 4/Demetrius",
        "Willy": "adult/neutral/neutral/neutral/male/not-datable/null/Town/summer 24/Elliott ''/FishShop 5 4/Willy",
        "Elliott": "adult/polite/neutral/neutral/male/datable/Leah/Town/fall 5/Willy ''/ElliottHouse 1 5/Elliott",
        "Emily": "adult/polite/outgoing/positive/female/datable/null/Town/spring 27/Haley 'น้องสาว'/HaleyHouse 16 5/Emily",
        "Evelyn": "adult/polite/outgoing/positive/female/not-datable/George/Town/winter 20/George 'สามี' Alex 'หลานชาย'/JoshHouse 2 17/Evelyn",
        "George": "adult/rude/neutral/negative/male/not-datable/Evelyn/Town/fall 24/Evelyn 'ภรรยา' Alex 'หลานชาย'/JoshHouse 16 22/George",
        "Gus": "adult/neutral/outgoing/positive/male/not-datable/null/Town/summer 8/Emily '' Pam ''/Saloon 18 6/Gus",
        "Haley": "adult/rude/outgoing/neutral/female/datable/Alex/Town/spring 14/Emily 'พี่สาว'/HaleyHouse 8 7/Haley",
        "Harvey": "adult/polite/shy/positive/male/datable/Maru/Town/winter 14//HarveyRoom 13 4/Harvey",
        "Jas": "child/neutral/shy/positive/female/not-datable/Vincent/Town/summer 4/Vincent ''/AnimalShop 4 6/Jas",
        "Jodi": "adult/polite/neutral/neutral/female/not-datable/Kent/Town/fall 11/Sam 'ลูกชายคนโต' Vincent 'ลูกชายคนเล็ก' Kent 'สามี'/SamHouse 4 5/Jodi",
        "Alex": "adult/rude/outgoing/positive/male/datable/Haley/Town/summer 13/George 'ตา' Evelyn 'ยาย'/JoshHouse 19 5/Alex",
        "Kent": "adult/neutral/shy/negative/male/not-datable/Jodi/Town/spring 4/Jodi 'สามี' Sam 'ลูกชายคนโต' Vincent 'ลูกชายคนเล็ก'/SamHouse 22 5/Kent",
        "Leah": "adult/polite/neutral/positive/female/datable/Elliott/Town/winter 23//LeahHouse 3 7/Leah",
        "Lewis": "adult/neutral/outgoing/positive/male/not-datable/null/Town/spring 7/Marnie ''/ManorHouse 8 5/Lewis",
        "Linus": "adult/neutral/shy/positive/male/not-datable/null/Town/winter 3//Tent 2 2/Linus",
        "Marlon": "adult/neutral/outgoing/neutral/male/not-datable/Marnie/Town///AdventureGuild 5 11/Marlon",
        "Marnie": "adult/polite/outgoing/positive/female/not-datable/Lewis/Town/fall 18/Lewis '' Shane 'หลานชาย' Jas 'หลานสาว'/AnimalShop 12 14/Marnie",
        "Maru": "teen/neutral/outgoing/positive/female/datable/Harvey/Town/summer 10/Robin 'แม่' Demetrius 'พ่อ' Sebastian 'พี่ชายต่างพ่อ'/ScienceHouse 2 4/Maru",
        "Pam": "adult/rude/outgoing/negative/female/not-datable/Gus/Town/spring 18/Penny 'ลูกสาว' Gus ''/Trailer 15 4/Pam",
        "Penny": "teen/polite/shy/positive/female/datable/Sam/Town/fall 2/Pam 'แม่'/Trailer 4 9/Penny",
        "Pierre": "adult/neutral/outgoing/positive/male/not-datable/Caroline/Town/spring 26/Abigail 'ลูกสาว' Caroline 'ภรรยา'/SeedShop 4 17/Pierre",
        "Robin": "adult/neutral/outgoing/positive/female/not-datable/Demetrius/Town/fall 21/Demetrius 'สามี' Maru 'ลูกสาว' Sebastian 'ลูกชาย'/ScienceHouse 21 4/Robin",
        "Sam": "teen/neutral/outgoing/positive/male/datable/Penny/Town/summer 17/Vincent 'little_brother' Jodi 'แม่' Kent 'พ่อ' Sebastian ''/SamHouse 22 13/Sam",
        "Sebastian": "teen/rude/shy/negative/male/datable/Abigail/Town/winter 10/Robin 'แม่' Maru 'น้องสาวต่างพ่อ' Sam ''/SebastianRoom 10 9/Sebastian",
        "Shane": "adult/rude/shy/negative/male/datable/null/Town/spring 20/Marnie 'น้า'/AnimalShop 25 6/Shane",
        "Vincent": "child/neutral/outgoing/positive/male/not-datable/Jas/Town/spring 10/Jas ''/SamHouse 10 23/Vincent",
        "Wizard": "adult/rude/neutral/negative/male/not-datable/null/Other/winter 17//WizardHouse 3 17/Wizard",
        "Dwarf": "adult/neutral/outgoing/positive/undefined/not-datable/null/Other/summer 22//Mine 43 6/Dwarf",
        "Sandy": "adult/neutral/outgoing/positive/female/not-datable/null/Desert/fall 15/Emily ''/SandyHouse 2 5/Sandy",
        "Krobus": "adult/polite/shy/neutral/male/secret/null/Other/winter 1//Sewer 31 17/Krobus"
    }
}
