{
    "header": {
        "target": "w",
        "formatVersion": 5,
        "hidef": true,
        "compressed": 128
    },
    "readers": [
        {
            "type": "Microsoft.Xna.Framework.Content.DictionaryReader`2[[System.String, mscorlib, Version=4.0.0.0, Culture=neutral, PublicKeyToken=b77a5c561934e089],[System.String, mscorlib, Version=4.0.0.0, Culture=neutral, PublicKeyToken=b77a5c561934e089]]",
            "version": 0
        },
        {
            "type": "Microsoft.Xna.Framework.Content.StringReader",
            "version": 0
        }
    ],
    "content": {
        "Universal_Love": "74 446 797 373 279",
        "Universal_Like": "-2 -7 -26 -75 -80 72 395 613 634 635 636 637 638 724 459",
        "Universal_Neutral": "194 216 262 304 815",
        "Universal_Dislike": "-4 -8 -12 -15 -16 -19 -22 -24 -25 -28 -74 78 169 246 247 305 309 310 311 403 419 423 535 536 537 725 726 749 271",
        "Universal_Hate": "0 -20 -21 92 110 111 112 142 152 153 157 178 105 168 170 171 172 374 376 378 380 397 420 684 721 766 767 772 203 308 265",
        "Robin": "เอ๊ะ นี่ให้ฉันเหรอ? โหววว ฉันรักมันมากเลยล่ะ!!/224 426 636/ขอบคุณนะ! นี่มันดีมากเลยจริงๆ!/-6 -79 424 709/เอ่อ... ให้มา... ทำไมเหรอ?/16 330/ห้ะ... นี่มันแย่มากๆ เลยนะ!/2/ขอบใจนะ นี่น่าจะมีประโยชน์ก็ได้// ",
        "Demetrius": "คุณให้ผมเหรอ? นี่มันเยี่ยมมากๆเลย!/207 232 233 400/ขอบคุณครับ! จะต้องเป็นตัวอย่างที่น่าสนใจ มากแน่/-5 -79 422/...มันคืออะไรน่ะ?/80 330/ไอ้นี่มันน่าขยะแขยงมากเลยนะ/2/คุณนี่มีน้ำใจจริง ๆ นะ/-4/ ",
        "Maru": "นั่นมัน...? โอ้ว้าวว @! นี่มันน่าประทับใจสุดๆไปเลย!/72 197 190 215 222 243 336 337 400 787/นี่เป็นของขวัญที่สุดยอดมากๆ ขอบคุณนะ!/-260 62 64 66 68 70 334 335 725 726/โอ้... ให้ฉันเหรอ? ฉันจะวางมันไว้ตรงนี้ละกัน.../-4 330 414 410 404 724/อี๊! เธอคิดว่าฉันจะชอบไอ้นี่เหรอ?/340 342 2 430 416/ขอบคุณนะ// ",
        "Sebastian": "ผมชอบมันมากเลยนะ คุณรู้ได้ยังไงน่ะ?/84 227 236 575 305/ขอบคุณ ผมชอบมันนะ/267 614 276/...?/-81 30 -80/...ผมเกลียดเจ้านี่/-5 2 459 195 201 240 330 -26/...ขอบคุณนะ/-4/ ",
        "Linus": "นี่มันสุดยอดไปเลย! เจ้าทำให้วันนี้ เป็นวันพิเศษไปเลยนะเนี่ย/88 90 234 242 280/เป็นของขวัญที่ดีมากเลย ขอบคุณ!/-5 -6 -79 -81/หืม.. ข้าไม่ได้ชอบมันนักหรอกนะ/-2 330/ทำไมเจ้าถึงให้ของแบบนี้ กับข้าล่ะ? คิดว่าเพราะข้า อาศัยอยู่ในเต้นท์ เลยต้องชอบขยะรึไง/2/ของขวัญเหรอ? ดีจริง/-4/ ",
        "Pierre": "นี่มันของโปรดของผมเลย! ขอบคุณครับ!/202/คุณนี่ช่างมีน้ำใจจริงๆ ผมชอบมันมากเลยล่ะ/-5 -6 -7 18 22 402 418 259/นี่มัน ไม่ใช่ของที่ผมชอบเท่าไหร่.../-2 -81 330/ได้โปรด อย่าเอามันมาให้ผมอีกเลยนะครับ/167 -4 199 270 229 248/ของขวัญเหรอ? ขอบคุณครับ!// ",
        "Caroline": "เธอจะให้นี่... กับฉันเหรอ? ตายล่ะ ฉ-ฉันดีใจจนพูดไม่ถูกแล้ว/213 614 593/โอ้ พระเจ้า! ให้ฉันจริงๆเหรอ?/-7 18 815 402 418/เอ้อ ไม่ล่ะ ไม่.../-81 330 300 306 307/ขยะชัดๆเลย ฉันรู้สึกแย่นะรู้ไหม/80 296/โอ้ ดีจริง ขอบใจนะจ๊ะ// ",
        "Abigail": "เรารักสิ่งนี้ที่สุดเลยล่ะ! เธอนี่ดีสุดที่เลย @!/66 128 220 226 276 611/เอ๋? รู้ได้ยังไงน่ะว่าเราหิวอยู่? นี่มันดูน่ากินมากเลย!//บอกเราหน่อยสิ ว่าเราควรเอามันไปทำอะไร?/-5 -75 -79 16 245 246/คิดยังไง? ถึงเอาเจ้านี่มาให้เราเนี่ย!/330/เอาของขวัญมาให้เหรอ? ขอบคุณนะ// ",
        "Alex": "เฮ้ เจ๋งไปเลย! ฉันชอบเจ้านี่มากเลยล่ะ!/201 212 662 664/นี่มันเยี่ยมเลย! ขอบคุณนะ/-5/อืม.. โอเค ขอบใจ/16 330/เอาจริงเหรอเนี่ย? นี่มันขยะชัดๆ/80/ขอบใจ!// ",
        "George": "นี่มันของที่ฉันชอบมันมาก ขอบใจเธอมาก/20 205/ขอบใจ/18 195 199 200 214 219 223 231 233/นั่นเป็นของขวัญที่แย่มาก/-80 16/นี่คงจะเป็นของขวัญ ที่ห่วยแตกที่สุด ที่ฉันเคยเห็นเชียวล่ะ ขอบใจเหลือเกิน/22 80 330/ของขวัญ? ฮืม...#$e#เธอหวังอะไรตอบแทนรึเปล่า?// ",
        "Evelyn": "*สูดลมหายใจ*... นี่มันมหัศจรรย์มากเลยล่ะจ้ะ!$u#$e#เธอทำให้ผู้หญิงแก่ๆ คนหนึ่งมีความสุขมากเลยนะจ้ะ/72 220 239 284 591 595/ตายจริง มันดูยอดเยี่ยมไปเลยจ้ะ เธอช่างมีน้ำใจเหลือเกิน/-6 18 402 418/อืม.. ยายควรจะเอามัน ไปไว้ตรงไหนดีเนี่ย?/16 80/...กลิ่นมันแย่มากเลย/225 226 227 228 219 396 397 393 372 248 296 -4 330/ดีอะไรอย่างนี้ ขอบใจจ้ะ// ",
        "Lewis": "ว้าว นี่มันของชอบของฉันเชียวล่ะ! ขอบคุณมากเลย!/200 208 235 614 260/ขอบคุณนะ นี่มันดีจริงๆ!/-80 24 88 90 192 258 264 272 274 278/อืม.. ฉันจะถือว่ามันเป็นความใจดี ของเธอก็แล้วกัน.../-6 16 330/ไอ้นี่ มันทำให้ฉันรู้สึกไม่ดีเลยนะ เป็นของขวัญ ที่น่ากลัวอะไรแบบนี้/80/เธอนี่เอื้อเฟื้อมากเลย ขอบคุณมากนะ// ",
        "Clint": "ใช่เลย! นี่เป็นของที่ข้าหาอยู่พอดี!/60 62 64 66 68 70 336 337 605 649 749/เป็นของฝากที่น่าสนใจดีนะ ขอบคุณมาก!/334 335/*ถอนหายใจ*.../-80 2 16 80 /สิ่งนี้ทำให้ข้ารู้สึกไม่สบายใจ/4/ขอบใจ/-15/ ",
        "Penny": " ขอบคุณมากเลย! ฉันชอบสิ่งนี้มากๆ!/60 376 651 72 164 218 230 244 254/ขอบคุณน้า มันดูพิเศษกว่าปกติมากเลยล่ะ/-6 20 22/อ่า.. นี่.. ให้ฉันเหรอ? ขอบใจ/-4 80 330 456 457 444 440 422 420/อึ้ย.. ขอโทษจริงๆนะ แต่ฉันเกลียดมันมากเลยอ่ะ/446 346 348 303 304 398 459/ขอบคุณจ้ะ มันดูดีจังเลย// ",
        "Pam": "เฮ้! นี่มันมีความหมายมากเลยนะ! ขอบใจมาก ๆ เจ้าหนู/24 90 199 208 303 346 459/เธอทำดีมากเลยเจ้าหนู ขอบใจ!/-6 -75 -79 18 227 228 231 232 233 234 235 236 238 402 418/มันไม่ใช่ของที่ฉันชอบ เท่าไหร่หรอก/-5 16 80 330/ไอ้นี่มันน่าเกลียดมากเลยนะ$u#$e#(นี่มันพวกตลกร้าย อะไรแบบนั้นรึเปล่า?)/149 151/ขอบใจมาก เจ้าหนู/-4/ ",
        "Emily": "ของขวัญนี่มันเริ่ดมากเลย! ขอบคุณมาก ๆ นะ!/60 62 64 66 68 70 241 428 440/ขอบคุณนะ! ฉันรู้สึกถึงความรู้สึกดี ๆ ผ่านของขวัญนี่เลย/18 82 84 86 196 200 207 230 235 402 418/โทษทีนะ @ ฉันไม่ชอบมันน่ะ/78 2 232 233 225 226/ของขวัญที่เต็มไปด้วย ความรู้สึกแง่ลบขนาดนี้ ฉันไม่อยากได้หรอกนะ/212 213 227 228/ขอบใจนะ!// ",
        "Haley": "พระเจ้า นี่มันของชอบของฉันเลยล่ะ!!/221 421 610 88/*อ้าปากค้าง*...ให้ฉัน? ขอบคุณนะ!!/18 60 62 64 70 88 222 223 232 233 234 402 418/เอ่อ.. นี่มันเป็นของขวัญที่เฉิ่มมาก/-5 -6 -75 -79 -81 80 -27/น่าขยะแขยง!/-4 2 16 330 74/ขอบคุณนะ ฉันชอบของขวัญน่ะ// ",
        "Jas": "*อ้าปากค้าง*...ว้าว!! ขอบคุณนะคะ!$h/221 595 604/หนูรักของขวัญ! ขอบคุณค่า!/18 60 64 70 88 232 233 234 222 223 340 344 402 418/นี่คือของขวัญให้หนูเหรอ...$s/-5 -81 -75 -79 80/อึ๋ย มันแหยะ ๆ ด้วยอ่ะ$s/253 395 459 -26 2 16 330/ขอบคุณค่า!// ",
        "Vincent": "ว้าว ขอบคุณมาก ๆ ฮะ! ! นี่มันยอดเยี่ยมมาก!/221 398 612 721/ให้ผมเหรอ? ว้าว ขอบคุณฮะ!/18 60 64 70 88 232 233 234 222 223 340 344 402 418/นี่มันไม่สนุกนะฮะ...$s/-5 -75 -79 -81 80/หยึย นี่มันอะไรอ่ะ?$s/253 395 459 -26 2 16 330/ขอบคุณฮะ!// ",
        "Jodi": "โอ้ น่ารักอะไรอย่างนี้นะ ฉันรักมันมากเลยล่ะจ้ะ!/72 200 211 214 220 222 225 231/ขอบใจนะ นี่ทำให้วันนี้ เป็นวันพิเศษของฉันเลยล่ะ/-5 -6 -79 18 402 418/ฮืม... ฉันว่าฉันคงเอามัน ไปหมักเป็นปุ๋ยได้ล่ะมั้ง.../-81 80 248 330/*หน้าซีด*... ฉันเกลียดมัน.../18 22 396/เธอนี่น่ารักจริงๆเลย ขอบใจจ้ะ// ",
        "Kent": "โอ้...! แม่เคยให้ของแบบนี้กับผม ตอนเด็ก ๆ ล่ะ นี่ทำให้ผมนึกถึงความทรงจำดี ๆ ตอนนั้นเลย ขอบคุณมาก/607 649/เฮ้ นี่มันเป็นของขวัญที่ดีมาก ๆ เลยนะ ขอบคุณ/-5 -79 18 402 418/อ่า... นี่มัน... มันคืออะไรน่ะ? หืม.../80 330 416/นี่... พวกมันให้ผมกินเจ้านี่ตอนที่ เป็นเชลยอยู่ในคุกโกโทโร่ ผมกำลังพยายามจะลืมมันอยู่ *ตัวสั่น*/-6 2 227 229 456/คุณมีน้ำใจมากเลย ครอบครัวของผมจะต้องชอบมันแน่// ",
        "Sam": "  นี่แหละ! ใช่เลย! ไม่มีอะไรที่ผมจะชอบ ไปมากกว่านี้แล้วล่ะ!/90 206 655 658 562 731/ขอบใจ! ผมชอบมันมาก ๆ เลย/167 210 213 220 223 224 228 232 233 239 -5/ฮืม... นี่มัน... ก็น่าสนใจล่ะมั้ง/-81 80 152 330 -75/คุณเข้าใจอะไบ้างรึเปล่าเนี่ย หือ?/306 307 342 -15 2/คุณเอามาให้ผมเหรอ ขอบคุณ!// ",
        "Leah": "โห! กำลังอยากได้อยู่พอดีเลยล่ะ! ขอบคุณมากเลยนะ!/196 200 348 606 651 650 426 430/เป็นของขวัญที่ดีมากเลย! ขอบใจนะ!/-5 -6 -79 -81 18 402 169 406 408 418 86/อืม.. รสนิยมของแต่ละคน คงไม่ค่อยเหมือนกันสินะ/-2 2 152 330 221 223 229 232 233 241 209 194/เป็นของขวัญที่แย่ไปนิดนะ รู้ไหม?/305 211 210 206 216/ขอบใจจ้า// ",
        "Shane": "โอ้ ว้าว @! คุณรู้ได้ยังไงน่ะ ว่านี่มันเป็นของชอบของผม?/206 215 260 346/นี่มันเยี่ยมไปเลย ขอบใจ!/-5 -79 303/ผมไม่ชอบมันเลย/-81 152 330/ทำไมคุณถึงเอาขยะของคุณ มาให้ผมน่ะ?/80 342/โอ้ ให้ผมเหรอ ขอบใจ!// ",
        "Marnie": "นี่เป็นของขวัญที่เยี่ยมที่สุดเลย! ขอบใจจ้ะ!!/72 221 240 608/ขอบใจจ้ะ!/-5 -6 402 418/โอ้.. จะรับไว้แล้วกันจ้ะ/16 152/นี่มันไม่มีประโยชน์อะไรเลย... ฉันไม่เข้าใจเธอเลย/330/ขอบใจจ้ะ มันดูดีมากเลย// ",
        "Elliott": " @ นี่เป็นของขวัญที่สวยงามมากเลย ขอบใจนะ!/715 732 218 444 637/นี่ให้ผมเหรอ? น่ายินดีจริง ๆ เลย!/727 728 -79 60 80 82 84 149 151 346 348 728/อืม.. ผมไม่ได้ไม่ชอบมันหรอกนะ/16 206 330 -79 -81 -6/เจ้านี่ทำให้ผมรู้สึกแย่ ต้องไประบายอารมณ์หน่อยล่ะ/80 154 300 296/โอ้ ของขวัญ! ขอบคุณนะ!/-4/ ",
        "Gus": " เธอจะให้เจ้านี่... กับฉันเหรอ? ฉันไม่รู้จะขอบคุณยังไงดี/72 213 635 729/โอ้ พระเจ้า! ให้ฉันจริง ๆ เหรอ?/348 303 -7 18/ไม่ ไม่ ไม่.../16 330/ นี่มันขยะชัด ๆ ฉันรู้สึกไม่ชอบเลยนะ?/80 167 648/โอ้ ดีจริง ขอบใจมาก/// ",
        "Dwarf": "  เฮ้ ข้าชอบของพวกนี้นะ เจ้าจะหาของดี ๆ แบบนี้ได้จากในเหมืองล่ะ/554 60 62 64 66 68 70 749/อา.. มันทำให้ข้าคิดถึงบ้าน/78 82 84 86 96 97 98 99 121 122/หืม... พวกมนุษย์ชอบของแบบนี้สินะ?/-5 -6 16 -81 2 4 330/ข้าไม่สนหรอกนะ ว่าเจ้าจะเป็นเผ่าพันธุ์ไหน แต่นี่มันเป็นขยะไร้ค่า//เครื่องบูชา! ขอบใจมาก/-28/ ",
        "Wizard": "อาา เจ้าสิ่งนี้มันเต็มไปด้วย พลังงานลี้ลับที่แข็งเเกร่ง มันจะมีประโยชน์กับการศึกษา ของข้ามากทีเดียว ขอบใจมาก!/155 422 769 768/ขอบใจจริง ๆ เจ้าสิ่งนี้มีคุณสมบัติหลายอย่าง ที่น่าสนใจไม่น้อยทีเดียว/-12 72 82 84/เจ้าสิ่งนี่มัน?... ข้าคิดว่าข้าจะลองโยนมัน ลงไปในกองไฟ แล้วรอดูว่าจะเกิดอะไรขึ้นบ้าง/-5 -6 -81 2 16 330 766/อึ่กก... เจ้าสิ่งนี้ มันเต็มไปด้วยความธรรมดา ถ้าเป็นไปได้ ก็ไม่ต้องเอามาให้ข้าอีกแล้วนะ//ขอบใจ เจ้าสิ่งนี้ มันจะมีประโยชน์มากทีเดียว ข้าคิดว่างั้นนะ// ",
        "Harvey": " ให้ผมเหรอ? นี่เป็นของที่ผมชอบมาก ๆ เลย! อย่างกับอ่านใจผมออก อย่างนั้นแหละ/348 237 432 395 342/นั่นเป็นของขวัญที่ดีมาก ขอบคุณนะ!/-81 -79 -7 402 614 418 422 436 438 442 444 422/หืม... แน่ใจแล้วเหรอ ว่ามันดีต่อสุขภาพน่ะ?/-4 424 426 2 330 233 232 238 234 223 222 221 220 216 211 210 208 206 205/...ผมว่าผมแพ้ของพวกนี้นะ/296 245 397 396 394 393 392/ขอบคุณ คุณเป็นคนที่มีน้ำใจมากเลย// ",
        "Sandy": " โออ้! ฉันล่ะรักดอกไม้จากหุบเขาจริง ๆ น้า มีความสุขจริง ๆ เลย!~/18 402 418/มันดูสวยจังเลย ขอบใจมากนะ!/-75 -79 88 428 436 438 440/โอ้... อืม.. ขอบใจแล้วกัน/-4 2 330/*ดม* ...นี่มันอะไรน่ะ?//ให้ฉันสินะ? ขอบคุณ!// ",
        "Willy": " เยี่ยมเลย! นี่ถ้าพ่อของฉันยังอยู่นะ เขาคงดีใจเป็นบ้าแน่ๆ/72 143 149 154 276 337 698/มันดูดีจริง ๆ ขอบคุณมาก!/66 336 340 699 707 198 202 209 212 213 214 219 225 727 730 728 732/ฮืม... เธอชอบของแบบนี้งั้นเหรอ? หือ /-7 -81 2 4 330/...*ดม*... คงพอจะเอาไปเป็น เหยื่อล่อปลาไหวล่ะมั้ง//ของขวัญ! ขอบคุณ/-4 227 228 242/ ",
        "Krobus": " นี่เป็นของขวัญที่วิเศษมาก สำหรับพวกเราแล้ว มันเป็นเกียรติอย่างยิ่ง ที่มีคนมามอบให้นะ/72 16 276 337 305 308/ขอบคุณมาก/66 265 336 340/มนุษย์นี่ช่าง... มีรสนิยมที่น่าสนใจ/-7 -81 2 330/โอ้... อืม.. ข้าจะรับมันไว้แล้วกัน//ขอบคุณ// "
    }
}
