{
    "header": {
        "target": "w",
        "formatVersion": 5,
        "hidef": true,
        "compressed": 128
    },
    "readers": [
        {
            "type": "Microsoft.Xna.Framework.Content.DictionaryReader`2[[System.Int32, mscorlib, Version=4.0.0.0, Culture=neutral, PublicKeyToken=b77a5c561934e089],[System.String, mscorlib, Version=4.0.0.0, Culture=neutral, PublicKeyToken=b77a5c561934e089]]",
            "version": 0
        },
        {
            "type": "Microsoft.Xna.Framework.Content.Int32Reader",
            "version": 0
        },
        {
            "type": "Microsoft.Xna.Framework.Content.StringReader",
            "version": 0
        }
    ],
    "content": {
        "0": "Rusty Sword/(ดาบขึ้นสนิม) ดาบเก่าเเละมีสนิม/2/5/1/0/0/0/3/-1/-1/0/.02/3/Rusty Sword",
        "1": "Silver Saber/(เซเบอร์เงิน) ชุบด้วยเงินเพื่อป้องกันสนิม/8/15/1/0/1/1/0/50/45/0/.02/3/Silver Saber",
        "2": "Dark Sword/(ดาบแห่งความมืด) เปล่งประกายด้วยพลังเเวมไพร์/30/45/1.5/-10/0/0/0/-1/-1/2/.04/3/Dark Sword",
        "3": "Holy Blade/(ดาบศักดิ์สิทธิ์) รู้สึกมีความหวังตอนได้ควงมัน/18/24/1.2/0/5/0/3/-1/-1/0/.02/3/Holy Blade",
        "4": "Galaxy Sword/(ดาบกาแล็กซี) มันไม่เหมือนกับสิ่งที่คุณเคยเห็น/60/80/1/8/0/0/0/-1/-1/0/.02/3/Galaxy Sword",
        "5": "Bone Sword/(ดาบกระดูก) กระดูกที่เเหลมคมมาก/20/30/.8/8/5/0/0/74/50/0/.02/3/Bone Sword",
        "6": "Iron Edge/(ดาบเหล็ก) ดาบหนักๆ/12/25/1.2/-4/0/1/3/44/-1/0/.02/3/Iron Edge",
        "7": "Templar's Blade/(ดาบของอัศวินนักรบ) มันเคยเป็นของอัศวินผู้ทรงเกียรติ/22/29/1/0/10/1/3/90/50/0/0/3/Templar's Blade",
        "8": "Obsidian Edge/(ดาบออบซิเดียน) มันคมอย่างไม่น่าเชื่อ/30/45/1/-2/0/0/0/121/100/0/.02/3.2/Obsidian Edge",
        "9": "Lava Katana/(ลาวาคาตานะ) ใบมีดทรงพลังปลอมแปลงอยู่ในแอ่งของลาวาที่ปั่นป่วน/55/64/1.2/0/0/3/0/-1/-1/2/.015/3.5/Lava Katana",
        "10": "Claymore/(ดาบเคลย์มอร์) มันหนักจริงๆ/20/32/1.3/-8/0/2/3/86/50/0/.02/3/Claymore",
        "11": "Steel Smallsword/(ดาบเหล็กเล่มเล็ก) เป็นดาบเหล็กธรรมดา/4/8/1/4/0/0/0/26/-1/0/.02/3/Steel Smallsword",
        "12": "Wooden Blade/(ดาบไม้) ไม่เลวสำหรับชิ้นไม้เเกะสลั./3/7/1/0/0/0/0/3/-1/0/.02/3/Wooden Blade",
        "13": "Insect Head/(หัวแมลง) รู้สึกไม่ดีตอนที่ควงมัน/10/20/1/4/9/0/0/-1/-1/0/.04/3/Insect Head",
        "14": "Neptune's Glaive/(ทวนเนปจูน) มรดกตกทอดจากท้องมหาสมุทร/18/35/1.4/-2/6/2/3/-1/-1/0/.02/3/Neptune's Glaive",
        "15": "Forest Sword/(ดาบแห่งป่า) ทรงพลงด้วยเวทมนตร์ของผืนป่า/8/18/1/4/5/1/0/-1/-1/0/.02/3/Forest Sword",
        "16": "Carving Knife/(มีดแกะสลัก) ใบมีดขนาดเล็กเเละน้ำหนักเบา/1/3/.5/0/0/0/1/18/-1/0/.04/3/Carving Knife",
        "17": "Iron Dirk/(ไอร่อนเดิร์ก) กริชของสามัญชน/2/4/.5/0/0/0/1/62/50/0/.03/3/Iron Dirk",
        "18": "Burglar's Shank/(มีดสั้นของขโมย) อาวุธทางเลือกสำหรับความว่องไวและเงียบ/7/12/.5/0/5/0/1/114/100/0/.04/3.5/Burglar's Shank",
        "19": "Shadow Dagger/(ดาบสั้นแห่งเงา) เมื่อคุณถือใบมีดไว้ที่หูคุณจะได้ยินเสียงกรีดร้องของวิญญาณ 1,000 ดวง/10/20/.5/0/0/0/1/80/50/0/.04/3/Shadow Dagger",
        "20": "Elf Blade/(ดาบของเอลฟ์) มือที่ว่องไวของเอลฟ์เท่านั้นที่สามารถประดิษฐ์สิ่งนี้ได้/3/5/.5/0/5/0/1/-1/-1/0/.04/3/Elf Blade",
        "21": "Crystal Dagger/(ดาบสั้นคริสตัล) ใบมีดทำจากควอทซ์บริสุทธิ์/4/10/1/0/10/0/1/-1/-1/0/.03/4/Crystal Dagger",
        "22": "Wind Spire/(วินด์สไพร์) ใบมีดเล็ก ๆ ที่รวดเร็ว/1/5/1/0/0/0/1/-1/-1/0/.02/3.2/Wind Spire",
        "23": "Galaxy Dagger/(ดาบสั้นกาแล็กซี) มันไม่เหมือนสิ่งที่คุณเคยเห็นมาก่อน./30/40/1/3/0/0/1/-1/-1/0/.02/3/Galaxy Dagger",
        "24": "Wood Club/(กระบองไม้) ชิ้นไม้ที่เเกะสลักให้เเหลม/9/16/1.5/-8/0/0/2/32/-1/0/.02/3/Wood Club",
        "25": "Alex's Bat/(ไม้เบสบอลของอเล็กซ์) จุดที่น่ารักที่มีชื่อเสียงของอเล็กซ์/1/3/1/-8/0/0/2/-1/-1/0/.02/3/Alex's Bat",
        "26": "Lead Rod/(แท่งตะกั่ว) มันหนักอย่างไม่น่าเชื่อ/18/27/1.5/-16/0/0/2/56/50/1/.02/3/Lead Rod",
        "27": "Wood Mallet/(ตะลุมพุกไม้) หัวที่เป็นของแข็ง ค่อนข้างเบา/15/24/1.3/-4/1/0/2/68/50/0/.02/3/Wood Mallet",
        "28": "The Slammer/(เดอะ สแลมเมอร์) เป็นอาวุธที่หนักมาก สามารถทำให้ศัตรูบินได้เลย/40/55/1.5/-12/0/0/2/128/100/2/.02/3/The Slammer",
        "29": "Galaxy Hammer/(ค้อนกาแล็กซี) มันทำจากวัสดุเบาเป็นพิเศษที่คุณไม่เคยเห็นมาก่อน/70/90/1/-4/0/0/2/-1/-1/0/.02/3/Galaxy Hammer",
        "30": "Sam's Old Guitar/(กีตาร์เก่าของแซม) มันทำให้ให้เห็นวันที่ดีกว่า/1/3/1/-6/0/0/2/-1/-1/0/.02/3/Sam's Old Guitar",
        "31": "Femur/(กระตูกต้นขา) กระดูกเก่าเเก่ที่หนักหน่วงในศตวรรษของสิ่งสกปรก/6/11/1.5/-4/0/0/2/10/-1/0/.02/3/Femur",
        "32": "Slingshot/(หนังสติ๊ก) ต้องใช้หินเป็นกระสุน/1/3/1/308/0/0/4/-1/-1/0/.02/3/Slingshot",
        "33": "Master Slingshot/(หนังสติ๊กของผู้เชี่ยวชาญ) ต้องใช้หินเป็นกระสุน/1/3/1/308/0/0/4/-1/-1/0/.02/3/Master Slingshot",
        "34": "Galaxy Slingshot/(หนังสติ๊กกาแล็กซี) มันดูทรงพลังจริงๆ/1/3/1/308/0/0/4/-1/-1/0/.02/3/Galaxy Slingshot",
        "35": "Elliott's Pencil/(ดินสอของเอลเลียต) เอลเลียตใช้สิ่งนี้เพื่อเขียนหนังสือของเขา มันคมมาก!/1/3/1/308/0/0/1/-1/-1/0/.02/3/Elliott's Pencil",
        "36": "Maru's Wrench/(ประแจของมารุ) ประแจเหล็กอันใหญ่ มันมีกลิ่นเหมือนมารุ/1/3/1/308/0/0/2/-1/-1/0/.02/3/Maru's Wrench",
        "37": "Harvey's Mallet/(ตะลุมพุกของฮาร์วีย์) มันทำให้ความทรงจำเกี่ยวกับคลินิกของฮาร์วี่ย์กลับมา/1/3/1/308/0/0/2/-1/-1/0/.02/3/Harvey's Mallet",
        "38": "Penny's Fryer/(กระทะของเพนนี) กระทะที่เพนนีชื่นชอบ ยังมีขยะติดอยู่ข้างใน/1/3/1/308/0/0/2/-1/-1/0/.02/3/Penny's Fryer",
        "39": "Leah's Whittler/(เครื่องมือแกะสลักของลีอา) เครื่องมือในการเเกะสลักที่ลีอาชื่นชอบ/1/3/1/308/0/0/1/-1/-1/0/.02/3/Leah's Whittler",
        "40": "Abby's Planchette/(กระดานพลานเชตต์ของแอ็บบี้)มันทำจากไม้หินอ่อนชั้นดี/1/3/1/308/0/0/1/-1/-1/0/.02/3/Abby's Planchette",
        "41": "Seb's Lost Mace/(คทาที่ชอบไปของเซบ) หนึ่งในแบบจำลองยุคกลางของเซบาสเตียน/1/3/1/308/0/0/2/-1/-1/0/.02/3/Seb's Lost Mace",
        "42": "Haley's Iron/(เครื่องม้วนผมของเฮลีย์) มันร้อนและมีกลิ่นเหมือนผมของเฮลีย์/1/3/1/308/0/0/0/-1/-1/0/.02/3/Haley's Iron",
        "43": "Pirate's Sword/(ดาบของโจรสลัด) ดูเหมือนว่ามันเคยเป็นดาบของจ้าวเเห่งโจรสลัด/8/14/1/4/0/0/3/40/-1/0/.02/3/Pirate's Sword",
        "44": "Cutlass/(คัทลาส) ใบมีดถูกสร้างขึ้นอย่างประณีต/9/17/1/4/0/0/0/-1/-1/0/.02/3/Cutlass",
        "45": "Wicked Kris/(วิกเค็กคริส) ดาบถูกสร้างจากอัลลอยอิริเดียม/24/30/.5/0/8/0/1/-1/-1/2/.06/3/Wicked Kris",
        "46": "Kudgel/(คัดเกิ้ล) สหายของเดรัจฉาน/27/40/1.6/-10/0/0/2/107/100/0/.02/3.1/Kudgel",
        "47": "Scythe/(เคียว) มันสามารถตัดหญ้าเป็นฟางได้ ถ้าคุณสร้างยุ้งฉาง/1/3/1/0/0/0/0/-1/-1/0/.02/3/Scythe",
        "48": "Yeti Tooth/(ฟันของเยติ) มันเย็นจัดเมื่อได้สัมผัส/26/42/1/0/0/4/0/-1/-1/0/.02/3.2/Yeti Tooth",
        "49": "Rapier/(ดาบราเพียร์) ใบมีดที่สง่างาม/15/25/1/4/0/0/0/100/95/2/.02/3/Rapier",
        "50": "Steel Falchion/(ดาบเหล็กปลายโค้ง) เบาเเละทรงพลัง/28/46/1/8/5/0/0/142/100/0/.02/3.4/Steel Falchion",
        "51": "Broken Trident/(สามงามหัก) มันมาจากก้นทะเล แต่ก็ยังเฉียบคมอยู่/15/26/.5/0/8/0/1/-1/-1/2/.02/3/Broken Trident",
        "52": "Tempered Broadsword/(ดาบเทมเปอร์) ดูเหมือนว่ามันจะทนต่อทุกสิ่งได้/29/44/1.2/-6/0/3/0/135/100/1/.02/3/Tempered Broadsword",
        "53": "Golden Scythe/(เคียวทองคำ) มันทรงพลังกว่าเคียวธรรมดา/13/13/1/0/0/0/0/-1/-1/2/.02/4/Golden Scythe"
    }
}
