{
    "header": {
        "target": "w",
        "formatVersion": 5,
        "hidef": true,
        "compressed": 128
    },
    "readers": [
        {
            "type": "Microsoft.Xna.Framework.Content.DictionaryReader`2[[System.String, mscorlib, Version=4.0.0.0, Culture=neutral, PublicKeyToken=b77a5c561934e089],[System.String, mscorlib, Version=4.0.0.0, Culture=neutral, PublicKeyToken=b77a5c561934e089]]",
            "version": 0
        },
        {
            "type": "Microsoft.Xna.Framework.Content.StringReader",
            "version": 0
        }
    ],
    "content": {
        "missingBundleComplete": "communityCenter/-2000 -2000/farmer 9 8 3 Junimo 8 8 1/skippable/pause 1000/positionOffset Junimo 0 32/viewport 8 8 true/animate Junimo true true 50 16 17 18 19 20 21 22 23/pause 3000/playSound junimoMeep1/animate Junimo true true 50 0 1 2 3 4 5 6 7/pause 3000/playSound junimoMeep1/animate Junimo true true 50 16 17 18 19 20 21 22 23/pause 3000/fade/viewport -1000 -1000 true/specificTemporarySprite junimoSpotlight/animate Junimo true true 50 0 1 2 3 4 5 6 7/warp Junimo -1000 -1000/pause 3000/playSound junimoMeep1/spriteText 3 \"ทุกคนกลับไปหมดแล้ว เหลือแต่ฉันอยู่คนเดียว... \"/playSound junimoMeep1/playMusic none/spriteText 3 \"ตอนนี้ฉันก็กลับบ้านได้แล้ว เหมือนกัน ขอบคุณมากนะ! ขอบคุณจริงๆ! \"/pause 1000/animate Junimo true true 100 28 29 30 31/playSound junimoMeep1/pause 5000/screenFlash 1/warp Junimo -9999 -9999/specificTemporarySprite missingJunimoStars/playSound wand/pause 4000/playSound boulderCrack/pause 50/playSound boulderCrack/pause 130/playSound boulderCrack/pause 140/playSound boulderCrack/pause 177/playSound boulderCrack/pause 330/playSound boulderCrack/pause 180/playSound boulderCrack/pause 67/playSound boulderCrack/pause 230/playSound boulderCrack/pause 88/playSound boulderCrack/pause 128/pause 200/playSound boulderCrack/pause 50/playSound boulderCrack/pause 130/playSound boulderCrack/pause 140/playSound boulderCrack/pause 177/playSound boulderCrack/pause 330/playSound boulderCrack/pause 380/playSound boulderCrack/pause 67/playSound boulderCrack/pause 120/playSound boulderCrack/pause 88/playSound boulderCrack/spriteText 4 \"บางสิ่งที่ดีกำลังจะเกิดขึ้น...\"/pause 1028/end"
    }
}
