{
    "header": {
        "target": "w",
        "formatVersion": 5,
        "hidef": true,
        "compressed": 128
    },
    "readers": [
        {
            "type": "Microsoft.Xna.Framework.Content.DictionaryReader`2[[System.String, mscorlib, Version=4.0.0.0, Culture=neutral, PublicKeyToken=b77a5c561934e089],[System.String, mscorlib, Version=4.0.0.0, Culture=neutral, PublicKeyToken=b77a5c561934e089]]",
            "version": 0
        },
        {
            "type": "Microsoft.Xna.Framework.Content.StringReader",
            "version": 0
        }
    ],
    "content": {
        "92/e 91/i 78/t 900 1700": "jaunty/13 17/farmer 13 19 0 Marnie 13 14 2/move farmer 0 -1 0/removeQuest 21/removeItem 78/friendship Marnie 100/skippable/emote Marnie 16/speed Marnie 4/move Marnie 0 -1 2/speed Marnie 4/move Marnie 2 0 2/speed Marnie 4/move Marnie 0 3 2/move Marnie -2 0 2/pause 300/speak Marnie \"โอ้! คุณเอาแครอทถ้ำ (Cave carrot) มาให้ฉันด้วย ขอบคุณมากๆ คุณ @ $h^โอ้! เธอเอาแครอทถ้ำ (Cave carrot) มาให้ฉัน ขอบคุณมากๆ คุณ @ $h\"/pause 500/move farmer 0 -1 1/faceDirection farmer 1/pause 500/playSound woodyStep/addObject 14 17 78/showFrame 35/pause 500/showFrame 6/pause 400/faceDirection farmer 1/move Marnie 1 0 2/emote Marnie 32/speak Marnie \"มันดูดีมากๆ... ฉันอยากจะกินมันจริงๆ เลยนะเนี่ย!$h#$b#...อยากกินมาก\"/faceDirection farmer 1/pause 600/speak Marnie \"หวังว่าจะไม่รบกวน จนเกินไปนะจ๊ะ... ฉันซาบซึ้งจริงๆ ที่หามาให้\"/pause 300/removeObject 14 17/pause 400/end dialogue Marnie \"ขอบคุณอีกครั้งที่ช่วยฉันนะ$h#$e#...และเจ้าพวกแกะของฉัน ก็บอก'ขอบคุณ'เหมือนกัน\"",
        "3910674/f Shane 1000": "shaneTheme/-2000 -2000/farmer 18 18 1 Marnie 21 14 0 Jas 25 16 2 Shane -1000 -1000 2/skippable/specificTemporarySprite shanePassedOut/viewport 22 8 true/pause 2000/speak Marnie \"Shane?\"/pause 2000/doAction 21 13/pause 500/move Marnie 0 -7 1/textAboveHead Marnie \"โธ่ ที่รัก...\"/doAction 21 13/removeTile 21 13 Buildings/removeTile 21 12 Front/move farmer 3 0 0/faceDirection Jas 3 true/move farmer 0 -10 1/faceDirection Marnie 2/pause 500/speak Marnie \"@... รบกวนคุณช่วย อะไรหน่อยได้มั้ย? เขาดูไม่มีสติเอาซะเลย $s\"/pause 500/faceDirection farmer 0/pause 500/faceDirection farmer 1/move farmer 3 0 0/faceDirection Marnie 1 true/move farmer 0 -1 1/pause 1000/speak Shane \"บรื๋อออ...$7\"/pause 2000/specificTemporarySprite waterShane/pause 250/playSound wateringCan/pause 1000/specificTemporarySprite waterShaneDone/warp Shane 25 7/textAboveHead Shane \"อะไ..?!\"/jump Shane/shake Shane 2000/showFrame Shane 18/pause 3000/showFrame Shane 0/move farmer -1 0 1/faceDirection Shane 3/speak Marnie \"เชน! นี่เธอเป็นอะไรไปเนี่ย? เธอจะทำแค่นอนเล่น ในห้องและซดเบียร์ แบบนี้ไม่ได้นะ!$s\"/move Jas -4 0 0 true/pause 200/faceDirection Shane 2 true/pause 50/faceDirection Shane 1/emote Shane 12/shake Shane 1000/textAboveHead Shane \"...\"/pause 1500/speak Shane \"คุณไม่เข้าใจหรอก...\"/pause 1000/textAboveHead Marnie \"ฉันก็แค่กังวล...\"/move Jas 0 -8 1/speak Marnie \"เธอมีแผนอะไรกันแน่? ไม่เคยคิดถึงอนาคต บ้างเลยเหรอ?\"/faceDirection Shane 0/textAboveHead Shane \"อนาคตงั้นเหรอ?\"/pause 2000/speak Shane \"หวังว่าผมคง จะอยู่ได้ไม่นานพอ ที่จะต้องการ 'แผน' หรอกนะ...\"/jump Jas/pause 500/shake Jas 10000/speed Jas 4/textAboveHead Jas \"...*ร้องไห้*...\"/move Jas 0 10 2 true/faceDirection Marnie 2/emote Marnie 28 true/faceDirection farmer 3/faceDirection Shane 1 true/pause 50/faceDirection Shane 2/pause 600/move Marnie 0 10 2 true/pause 1000/textAboveHead Shane \"แจส...\"/pause 500/faceDirection farmer 1/pause 400/showFrame Shane 19/pause 1000/textAboveHead Shane \"ลุงขอโทษ...\"/pause 3000/faceDirection Shane 1 true/showFrame Shane 4/pause 500/showFrame Shane 35/playSound thudStep/shake Shane 4000/pause 2000/end",
        "3910974/f Shane 1700/e 3910975/p Shane": "shaneTheme/-2000 -2000/farmer -1000 -1000 1 Marnie 12 14 2 Jas 25 16 3 Shane -1000 -1000 0/skippable/showFrame Jas 22/viewport 13 14 clamp true/pause 2000/playSound doorClose/warp Shane 13 19/move Shane 0 -3 0/pause 500/speak Marnie \"สวัสดีจ้ะเชน... วันนี้เธอดูมีความสุข เป็นพิเศษนะ\"/pause 1000/speak Shane \"คุณพูดถูก... ตั้งแต่ตอนเด็กๆ ผมไม่เคยได้รู้สึก ถึงอะไรแบบนั้นมาก่อนเลย$h\"/emote Marnie 8/move Marnie 1 0 2/speak Marnie \"ฉันขอเดา... กัส คงมีโปรลดราคาเบียร์สินะ?$u\"/pause 500/playSound shwip/faceDirection Shane 1 true/pause 50/faceDirection Shane 2 true/pause 500/textAboveHead Shane \"น่าสนใจนะ...\"/pause 500/showFrame Shane 19/pause 1000/speak Shane \"ไม่ใช่หรอก อันที่จริงผมแค่ดื่มน้ำ อัดลมแทนเบียร์... และผมก็รู้สึกดีขึ้นมากเลย!$h\"/pause 500/showFrame Shane 0/pause 200/faceDirection Shane 1 true/pause 50/faceDirection Shane 0/speak Shane \"บางครั้งผมก็มีเพื่อน ที่คอยห่วงใยในตัวผม #$b#และผมก็โอเค ที่จะพึ่งพาพวกเขา... มันช่วยทำไม่ให้ผมอ่อนแอ\"/pause 500/emote Marnie 32/viewport move 1 0 6000/move Shane 4 0 2/textAboveHead Marnie \"เขาดูดีขึ้นนะเนี่ย!\"/move Shane 0 2 1/move Shane 4 0 0/move Shane 0 -2 1/speak Shane \"ไง แจส ลุงมีบางอย่างจะให้เธอนะ $6\"/pause 500/showFrame Shane 26/specificTemporarySprite jasGift/playSound coin/pause 500/showFrame Shane 4/emote Jas 8 true/move Jas -2 0 3/pause 800/playSound woodWhack/specificTemporarySprite jasGiftOpen/pause 500/showFrame Jas 24/playSound yoba/pause 2000/speak Jas \"นี่... นี่เป็นรองเท้า คุณกระต่ายฝังเพชร จริงเหรอคะ!$h\"/pause 200/speed Jas 6/jump Jas/move Jas -1 0 3/showFrame Jas 23/positionOffset Jas -2 1/pause 10/positionOffset Jas -2 0/pause 10/positionOffset Jas -2 0/pause 10/positionOffset Jas -2 0/showFrame Shane 18/pause 10/positionOffset Jas -2 0/pause 10/positionOffset Jas -2 0/pause 10/positionOffset Jas -2 0/pause 10/positionOffset Jas -2 0/pause 10/positionOffset Jas -2 0/pause 10/positionOffset Jas -2 0/pause 10/positionOffset Jas -2 0/pause 10/positionOffset Jas -2 0/pause 10/positionOffset Jas -2 0/pause 10/positionOffset Jas -2 0/pause 10/positionOffset Jas -2 0/pause 10/positionOffset Jas -2 1/pause 2000/viewport -2000 -2000/playMusic none/pause 1000/speak Jas \"ต... แต่มันดูจะแพงเกินไปนะคะ!$3#$b#คุณลุงจ่ายไป เท่าไหร่คะเนี่ย?$3\"/pause 1000/speak Shane \"คุณลุงเลิกทำเรื่องเหลวไหล ได้แล้วสินะคะ ด้วยบทเรียนราคาแพงนั่น แถมตอนนี้คุณลุงก็ทำงาน มีเงินเก็บมากขึ้นด้วย!$h\"/pause 1000/end",
        "3900074/f Shane 2000/e 2118991/p Shane": "distantBanjo/27 14/farmer 22 15 1 Jas 30 14 2 Shane -1000 -1000 0/skippable/pause 1000/faceDirection Jas 3/pause 400/jump Jas/pause 1500/move farmer 8 0 0/faceDirection Jas 2/pause 500/speak Jas \"ลุงเชนอยู่ในโรงนาค่ะ ลุงพูดว่า... อืม... ลุงบอกให้บอกกับคุณว่า เขาอยากจะโชว์ บางอย่างให้คุณดูล่ะ\"/pause 500/faceDirection Jas 0/pause 500/playSound doorClose/warp Jas -1000 -1000/pause 800/move farmer 0 -1 0/playSound doorClose/warp farmer -1000 -1000/pause 1600/globalFade/viewport -2000 -2000/changeToTemporaryMap MarnieBarn false/viewport -2000 -2000/addTemporaryActor White_Chicken 16 16 8 5 2 false Animal chicken1/addTemporaryActor Blue_Chicken 16 16 8 9 3 false Animal chicken2/addTemporaryActor Blue_Chicken 16 16 7 7 1 false Animal chicken3/addTemporaryActor Blue_Chicken 16 16 14 11 3 false Animal chicken4/addTemporaryActor Blue_Chicken 16 16 9 11 2 false Animal chicken5/warp Shane 5 3/faceDirection Shane 0/animate Shane false true 500 32 33/viewport 7 3 true/pause 500/move chicken5 -1 0 2 true/pause 1000/move chicken2 3 0 1 true/pause 1500/move chicken4 0 1 2 true/pause 1000/speak Shane \"นั่นคือ...$6\"/pause 500/stopAnimation Shane/pause 500/faceDirection Shane 3 true/pause 50/faceDirection Shane 2/pause 1000/move Shane 0 1 2/move Shane 3 0 2/pause 1000/showFrame Shane 30/pause 500/playSound coin/showFrame Shane 29/warp chicken1 -100 -100/pause 500/showFrame Shane 28/move chicken3 0 -1 0 true/pause 1000/move chicken4 0 -1 0/pause 1000/speak Shane \"เป็นบ้านที่เพอร์เฟค สำหรับแม่ไก่ของเธอเลยล่ะ ...$8#$b#เราจะมีไข่ที่ดีที่สุด กว่าคนในหุบเขานี้ทั้งหมด!$8#$b#สดและมีคุณภาพที่ดี พร้อมกับไข่แดง ที่อุดมไปด้วยสารอาหาร ไม่เหมือนไข่จากโจจ้า ที่ไร้คุณภาพนั่น...$8\"/move chicken2 -1 0 2/pause 1000/move chicken3 0 1 2/emote Shane 28/pause 1500/move chicken4 -1 0 3 true/pause 500/move chicken3 1 0 1 true/move chicken2 1 0 1 true/pause 500/speak Shane \"...*ถอนหายใจ*...$9#$b#...นายรู้มั้ยชาร์ลี... ฉันก็แค่คิดว่า... $9#$b#คนที่เหมือนกับฉัน ชอบทำให้ตัวเองอยู่บน ความสิ้นหวังตลอดเลยมั้ย... รู้มั้ยว่าฉันหมายถึงอะไร?$9#$b#...แต่นายและเจ้าตัวอื่นๆ ทำให้ฉันมีความหวัง ขึ้นมามากเลย... ฉันรู้ $9#$b#...$9#$b#มีอะไรงั้นเหรอ ฉันแผ่ความกดดัน ออกมามากไปสินะ? *หัวเราะเบาๆ*$8\"/pause 500/playSound doorClose/warp Jas 3 8/move Jas 0 -1 0/move Jas 0 -3 1 true/pause 500/warp farmer 3 8/playSound doorClose/move farmer 0 -3 1 false/pause 1000/showFrame Shane 29/pause 500/move chicken2 0 -1 0 true/showFrame Shane 30/warp chicken1 8 5/playSound thudStep/pause 500/move chicken3 -1 0 3/showFrame Shane 0/faceDirection chicken3 2/pause 1000/faceDirection Shane 3/speak Shane \"สวัสดี @... คุณคิดว่ายังไงบ้าง?$h\"/animate chicken1 false true 500 16 17/pause 500/animate chicken4 false true 700 16 17/advancedMove chicken2 false 0 -4 -2 0/move farmer 2 0 1/advancedMove chicken3 false -1 0 0 -2/move farmer 0 -1 1/move farmer 2 0 2/faceDirection Shane 2/speak Shane \"แม่ไก่สีฟ้าพันธุ์พิเศษ ของผมเอง... ไม่กี่เดือนที่ผ่านมา ผมแอบเลี้ยงพวกมันเอาไว้$6\"/faceDirection Shane 3/speak Shane \"ผม... สบายดี ผมคงจะไม่อยู่ที่นี่ ตลอดไปหรอก ผมแค่อยาก จะส่งต่อบางอย่างให้กับแจส ผมได้สอนเธอไปด้วยว่า จะดูแลพวกเขายังไง$6#$b#...ผมอยากรู้สึกกับตัวเองว่า ผมไม่ได้เป็นแค่ปลิง สำหรับโลกใบนี้ ผมก็แค่อยากจะมีส่วนร่วม ไม่ทางใดก็ทางหนึ่ง แม้จะเป็นเรื่องเล็กๆ น้อยๆ ก็เถอะ\"/move Jas 3 0 2/faceDirection Shane 2/pause 2000/showFrame Shane 19/pause 500/pause 1000/end"
    }
}
