{
    "header": {
        "target": "w",
        "formatVersion": 5,
        "hidef": true,
        "compressed": 128
    },
    "readers": [
        {
            "type": "Microsoft.Xna.Framework.Content.DictionaryReader`2[[System.String, mscorlib, Version=4.0.0.0, Culture=neutral, PublicKeyToken=b77a5c561934e089],[System.String, mscorlib, Version=4.0.0.0, Culture=neutral, PublicKeyToken=b77a5c561934e089]]",
            "version": 0
        },
        {
            "type": "Microsoft.Xna.Framework.Content.StringReader",
            "version": 0
        }
    ],
    "content": {
        "1848481/f Elliott 2000/t 1300 1900/n elliottReading": "breezy/14 11/Elliott 14 9 2 Pierre 10 13 1 Caroline 11 13 3 Marnie 11 15 1 Lewis 12 15 3 Sebastian 11 17 2 Abigail 12 18 3 Sam 10 18 1 Leah 15 15 0 Emily 16 16 2 Clint 15 17 1 Jodi 19 13 2 Robin 20 14 3 Demetrius 20 11 3 Maru 10 10 1 Penny 11 9 1 Gus 18 16 0 Shane 19 16 0 Willy 21 11 3 farmer 6 14 1/skippable/move farmer 6 0 0/move farmer 0 -1 0/move Elliott 0 4 3/faceDirection farmer 1/speak Elliott \"@ คุณทำได้!$h#$b#ผมรู้สึกโล่งใจมากเลย เรื่องหนังสือน่ะ... มันเหมือนกับยกภูเขา ออกจากอกเลย\"/pause 800/faceDirection Elliott 2/pause 500/faceDirection Elliott 1/pause 500/faceDirection Elliott 3/pause 500/speak Elliott \"เอาล่ะ ฉันจะเริ่มตั้งใจเขียนหนังสือ อวยพรให้ด้วยแล้วกันนะ$8\"/pause 700/move Elliott 0 -4 2/faceDirection farmer 0/pause 500/faceDirection Elliott 1/faceDirection Elliott 2/faceDirection Elliott 3/faceDirection Elliott 2/speak Elliott \"สวัสดีตอนบ่ายทุกคน\"/pause 500/faceDirection Caroline 0 true/faceDirection Emily 0 true/textAboveHead Emily \"สวัสดี!\"/faceDirection Abigail 0/faceDirection Sebastian 0 true/faceDirection Lewis 0/faceDirection Sam 0 true/faceDirection Marnie 0/faceDirection Pierre 0 true/faceDirection Jodi 0/faceDirection Clint 0/speak Elliott \"ตั้งแต่ผมยังเป็นเด็ก ผมมีความฝันว่าซักวันหนึ่ง จะต้องเป็นนักเขียนให้ได้#$b#พอเวลานั้นมาถึง ผมได้ออกจากบ้าน เริ่มเดินทางจนได้มาถึงที่นี่ ผมถูกบางอย่างดึงดูด ด้วยความสงบของหมู่บ้าน และหวังว่า ความเรียบง่ายของที่นี่ จะทำให้งานเขียนของผม ลุกเป็นไฟขึ้นมาอีกครั้ง\"/showFrame Elliott 32/pause 200/showFrame Elliott 34/fork 958699 mysteryBook/fork 958700 romanceBook/speak Elliott \"หลังจากใช้เวลาเขียนอยู่นาน ฉันขอภูมิใจนำเสนอ นวนิยายเรื่องแรกของฉันเอง : 'การเจริญรุ่งเรือง และการล่มสลายของ ดวงดาวแยซโซ่ (The Rise And Fall Of Planet Yazzo)'... มันเป็นมหากาพย์ไซ-ไฟ ที่แปลกใหม่เกี่ยวกับ ระบบดาวเคราะห์น่ะ\"/animate Elliott false true 1000 33 33 34/pause 500/speak Elliott \"Chapter One.#$b#ผู้บัญชาการยัทคิน ก้าวข้ามผ่าซุ้มประตูทองคำ จากนั้นประตูก็ได้ ปิดไล่หลังเขา วันนี้เป็นวันแรกของเขาบน ดาวแยซโซ และเหล่า 14 พันธมิตรที่ได้รับการเชิญ ให้เข้าร่วมทำงานกับเขา...\"/playMusic none/globalFade/viewport -100 -100/pause 1000/warp Sebastian -1000 -1000/warp Sam -1000 -1000/warp Abigail -1000 -1000/warp Jodi -1000 -1000/warp Robin -1000 -1000/warp Demetrius -1000 -1000/warp Shane -1000 -1000/warp Maru -1000 -1000/warp Pierre -1000 -1000/warp Caroline -1000 -1000/viewport 14 11 true/pause 1000/speak Elliott \"...และดวงจันทร์ดวงที่ 7 แห่งขอบฟ้า ด้านทิศใต้ของดาวแยซโซ มีการเปลี่ยนแปลงที่น่ากลัว... เหตุการณ์นั้นเอง ได้ทำให้ผู้บัญชาการยัทคิน ไม่ทันได้ตั้งตัว\"/stopAnimation Elliott/showFrame Elliott 34/pause 800/speak Elliott \"เอาล่ะ นั้นก็แค่ตัวอย่าง ของหนังสือพร้อม ลายเซ็นของฉัน มันจะวางขายที่โต๊ะด้านหน้า ขอบคุณที่มาร่วมงานนะ!$h\"/faceDirection Lewis 3/faceDirection Marnie 1/faceDirection Emily 2 true/faceDirection Clint 1/move Elliott 0 4 3/faceDirection farmer 1/pause 600/speak Elliott \"ไง มันเป็นไงบ้าง?\"/emote farmer 32/speak Elliott \"ขอบคุณมาก $h#$b#รู้ไหม ผมได้ไอเดียเรื่องทั้งหมด มาจากคุณเลยนะ จำได้มั้ย?#$b#นั้นเลยเป็นเหตุผล ที่ผมทุ่มเทให้กับมันเยอะมาก ก็เพื่อคุณ...$l\"/move Elliott -1 0 3/emote Elliott 32/pause 1000/end",
        "mysteryBook": "pause 400/speak Elliott \"หลังจากใช้เวลาเขียนอยู่นาน ฉันขอภูมิใจเสนอ หนังสือเล่มแรกของฉัน: 'หอคอยสีฟ้า (Blue Tower)'... มันเป็นเรื่องลึกลับ เหนือธรรมชาติของ ชาวดิสโทเปียน่ะ\"/animate Elliott false true 1000 33 33 34/pause 500/speak Elliott \"Chapter One.#$b#เงาดำทมึน ที่ได้แผ่ขยายเข้ามา หาชายผู้หนึ่ง 'สวัสดีตอนค่ำท่านลู' เขาพูดด้วยปากที่สั่นเทา ดูเหมือนลูจะแปลกใจ 'นายรู้ชื่อของฉันได้ยังไง?'\"/playMusic none/globalFade/viewport -100 -100/pause 1000/warp Sebastian -1000 -1000/warp Sam -1000 -1000/warp Abigail -1000 -1000/warp Jodi -1000 -1000/warp Robin -1000 -1000/warp Demetrius -1000 -1000/warp Shane -1000 -1000/warp Maru -1000 -1000/warp Pierre -1000 -1000/warp Caroline -1000 -1000/viewport 14 11 true/pause 1000/speak Elliott \"ลู เช็คกระเป๋าของ เจนู จากนั้นก็ยืนขึ้น แล้วเดินไปยังห้องนอน เขาพบกุญแจสีทองดอกเล็กๆ เขาสอดมันเข้าไปใน กระเป๋าเสื้อโค้ตของตัวเอง\"/stopAnimation Elliott/showFrame Elliott 34/pause 800/speak Elliott \"เอาล่ะ นั้นก็แค่ตัวอย่าง หนังสือพร้อมลายเซ็นของฉัน ที่จะวางขายที่โต๊ะด้านหน้า ขอบคุณที่มาร่วมงานนะ!$h\"/faceDirection Lewis 3/faceDirection Marnie 1/faceDirection Emily 2 true/faceDirection Clint 1/move Elliott 0 4 3/faceDirection farmer 1/pause 600/speak Elliott \"ไง มันเป็นไงบ้าง?\"/emote farmer 32/speak Elliott \"ขอบคุณมาก $h#$b#รู้ไหม ผมได้ไอเดียเรื่องทั้งหมด มาจากคุณเลยนะ จำได้มั้ย?#$b#นั้นเลยเป็นเหตุผล ที่ผมทุ่มเทอย่างหนักให้กับมัน ก็เพื่อคุณ...$l\"/move Elliott -1 0 3/emote Elliott 32/pause 1000/end",
        "romanceBook": "pause 400/speak Elliott \"หลังจากใช้เวลาเขียนอยู่นาน ฉันขอภูมิใจเสนอ นวนิยายเรื่องแรกของฉัน: 'สถานีดอกคามิเลีย (Camellia Station)'... มันเป็นนิยายโรแมนติก ระหว่างพนักงานสาวบนรถไฟ ผู้ผิดหวังกับความรัก กับสถาปนิกนักเดินทาง...\"/animate Elliott false true 1000 33 33 34/pause 500/speak Elliott \"บทที่หนึ่ง#$b#'คุณผู้ชายครับ ตั๋วของคุณล่ะ?' พนักงานตรวจตั๋วนาม 'ก๊อซแมน' ยื่นมือที่สวมถุงมือของเขา ไปหาผู้โดยสารหนุ่ม 'อ่า รอแปบนึงนะ' ผู้โดยสารตอบพลางล้วงมือ เข้าไปหาในกระเป๋าเสื้อโค้ต เขารู้สึกตกใจเมื่อพบว่า ตั๋วได้หายไปแล้ว\"/playMusic none/globalFade/viewport -100 -100/pause 1000/warp Sebastian -1000 -1000/warp Sam -1000 -1000/warp Abigail -1000 -1000/warp Jodi -1000 -1000/warp Robin -1000 -1000/warp Demetrius -1000 -1000/warp Shane -1000 -1000/warp Maru -1000 -1000/warp Pierre -1000 -1000/warp Caroline -1000 -1000/viewport 14 11 true/pause 1000/speak Elliott \"...'คลาร่า ผมมีบางอย่าง ที่จะต้องบอกคุณ' เขาพูดขึ้น ขณะเธอกำลังจะเดินจากไป คลาร่าหันมาอย่างช้าๆ และมองเข้าไปในตาของ โฮราทิโอ้ อย่างสิ้นหวัง จังหวะนั้นเองที่ ก๊อซแมน ได้เดินเข้ามา ใบหน้าของเขาแดงก่ำ\"/stopAnimation Elliott/showFrame Elliott 34/pause 800/speak Elliott \"เอาล่ะ นั้นก็แค่ตัวอย่าง หนังสือพร้อมลายเซ็นของฉัน ที่จะวางขายที่โต๊ะด้านหน้า ขอบคุณที่มาร่วมงานนะ!$h\"/faceDirection Lewis 3/faceDirection Marnie 1/faceDirection Emily 2 true/faceDirection Clint 1/move Elliott 0 4 3/faceDirection farmer 1/pause 600/speak Elliott \"ไง มันเป็นไงบ้าง?\"/emote farmer 32/speak Elliott \"ขอบคุณมาก $h#$b#รู้ไหม ผมได้ไอเดียเรื่องทั้งหมด มาจากคุณเลยนะ จำได้มั้ย?#$b#นั้นเลยเป็นเหตุผล ที่ผมทุ่มเทอย่างหนักให้กับมัน ก็เพื่อคุณ...$l\"/move Elliott -1 0 3/emote Elliott 32/pause 1000/end",
        "0/n somethingToDonate/l somethingWasDonated": "libraryTheme/29 12/farmer 22 13 1 Gunther 31 12 2/removeQuest 23/addQuest 24/skippable/pause 1000/showFrame Gunther 4/pause 500/showFrame Gunther 0/pause 500/showFrame Gunther 12/pause 500/showFrame Gunther 0/pause 1000/showFrame Gunther 1/pause 500/speak Gunther \"บ้าจริงๆ...#$b#ขาดอีกชิ้นเดียวก็จะครบแล้ว\"/move farmer 7 0 1/showFrame Gunther 12/pause 800/emote Gunther 16/jump Gunther/pause 800/speak Gunther \"อะไรนะ? คุณพบอะไรบางอย่างเหรอ? ขอฉันดูหน่อย!\"/move farmer 0 -1 1/move farmer 1 0 1/pause 500/playSound coin/animate Gunther false true 500 2 3/pause 3000/speak Gunther \"จำได้แล้ว!#$b#มันเป็นวัตถุโบราณ ที่เก่ามากๆ #$b#ฉันอยากจะศึกษามัน ให้ดีกว่านี้ แต่ว่าเจ้านี่มันเป็นของ ของคุณน่ะสิ\"/stopAnimation Gunther/showFrame Gunther 12/pause 1000/speak Gunther \"หืมมมม...#$b#ฉันอยากจะถามหน่อยว่า#$b#คุณสามารถเอาวัตถุโบราณ (artifacts) หรือแร่ (minerals) ที่พบมาบริจาคให้ทีได้ไหม?#$b#เราจะ ทำการค้นพบไปด้วยกัน!#$b#โอ้ ใครจะรู้... ถ้าคุณบริจาคบ่อยๆ ผมอาจจะบังเอิญเจอสิ่งของ ที่จะมอบให้คุณก็ได้\"/pause 1000/showFrame Gunther 0/pause 500/speak Gunther \"จะลองคิดดูมั้ยล่ะ?#$b#ถ้าคุณต้องการบริจาค แค่นำมันมาวางไว้ที่โต๊ะเอง\"/move farmer -3 0 2 true/pause 400/showFrame Gunther 1/proceedPosition farmer/move farmer 0 1 3/move farmer -7 0 3 true/pause 1000/globalFade/viewport -1000 -1000/end"
    }
}
