{
    "header": {
        "target": "w",
        "formatVersion": 5,
        "hidef": true,
        "compressed": 128
    },
    "readers": [
        {
            "type": "Microsoft.Xna.Framework.Content.DictionaryReader`2[[System.String, mscorlib, Version=4.0.0.0, Culture=neutral, PublicKeyToken=b77a5c561934e089],[System.String, mscorlib, Version=4.0.0.0, Culture=neutral, PublicKeyToken=b77a5c561934e089]]",
            "version": 0
        },
        {
            "type": "Microsoft.Xna.Framework.Content.StringReader",
            "version": 0
        }
    ],
    "content": {
        "6963327/f Abigail 3500/O Abigail/t 610 1700": "continue/-100 -100/farmer 39 14 0 golem 37 15 0 Abigail -100 23 0/addWorldState golemGrave/makeInvisible 37 11 5 7/skippable/pause 1000/viewport 39 11 clamp true/move farmer 0 -3 0/doAction 39 10/pause 500/doAction 39 10/pause 1000/move farmer 1 0 0/playMusic none/pause 100/doAction 39 10/playSound rockGolemSpawn/move Golem 0 -4 0/doAction 39 10/move Golem 2 0 1/pause 500/faceDirection farmer 3/pause 300/playSound rockGolemHit/pause 100/faceDirection farmer 2 true/animate farmer false true 100 94/jump farmer/pause 700/showFrame Golem 5/specificTemporarySprite swordswipe 39 11/playSound swordswipe/pause 250/playSound hitEnemy/startJittering/positionOffset farmer 8 0/pause 20/positionOffset farmer 8 0/pause 20/positionOffset farmer 8 0/pause 20/positionOffset farmer 8 0/pause 20/positionOffset farmer 8 0/pause 20/positionOffset farmer 8 0/pause 20/positionOffset farmer 8 0/pause 20/positionOffset farmer 8 0/playSound clubhit/stopJittering/pause 20/showFrame Golem 4/showFrame farmer 5/pause 1000/move Golem 1 0 1/warp Abigail 49 14/animate Golem false true 150 4 5 6 7/move Abigail -5 0 3/jump Abigail/animate Abigail false true 100 32/speak Abigail \"*อ้าปากค้าง*...!$7\"/stopAnimation Abigail/speed Abigail 8/move Abigail -5 0 0/speed Abigail 8/move Abigail 0 -3 1/pause 250/animate Abigail false false 200 50 51/specificTemporarySprite swordswipe 39 11/playSound swordswipe/pause 250/playSound rockGolemHit/stopAnimation Golem/shake Golem 250/faceDirection Golem 3 true/pause 500/animate Abigail false false 200 50 51/specificTemporarySprite swordswipe 39 11/playSound swordswipe/pause 250/playSound rockGolemHit/stopAnimation Golem/shake Golem 250/pause 250/animate Abigail false false 200 50 51/specificTemporarySprite swordswipe 39 11/playSound swordswipe/pause 250/playSound rockGolemDie/specificTemporarySprite golemDie/warp Golem -100 -100/pause 750/playMusic echos/speed Abigail 4/move Abigail 1 0 1/pause 700/animate Abigail false true 100 39/pause 100/emote Abigail 28/pause 400/speak Abigail \"@...?$6\"/pause 1000/speak Abigail \"@... เธอโอเคไหม?$6\"/pause 1500/startJittering/pause 500/stopJittering/pause 1000/startJittering/pause 500/stopJittering/pause 1000/stopAnimation farmer/showFrame farmer 0/jump farmer/pause 250/stopAnimation Abigail/showFrame Abigail 4/pause 500/faceDirection farmer 3/speak Abigail \"เหมือนจะแค่ ถลอกนิดหน่อย... เธอทำให้ฉันเป็นห่วงนะ!\"/pause 450/animate Abigail true true 100 33/positionOffset Abigail 8 0/positionOffset farmer -8 0/animate farmer true true 100 101/pause 1500/positionOffset farmer 8 0/positionOffset Abigail -8 0/stopAnimation farmer/stopAnimation Abigail/showFrame Abigail 4/pause 1300/faceDirection Abigail 2/pause 800/move Abigail 0 1 2/faceDirection farmer 2/pause 500/move farmer 0 1 3/emote Abigail 28/pause 1200/speak Abigail \"ฉ..ฉันไม่เคยแม้แต่จะ ฆ่ามดสักตัวในชีวิต มาก่อนเลยนะ...$s\"/pause 700/faceDirection Abigail 1/pause 550/quickQuestion #มันน่าเศร้านะ แต่มันก็ไม่มีทางเลือกอื่น#เราไม่ควรที่จะ เห็นอกเห็นใจ พวกมอนสเตอร์สิ!#ยัยหนู โลกนี้มันโหดร้าย#เธอจะฆ่าเขาไหมล่ะ?(break)speak Abigail \"อื้ม... ถูกแล้ว.. ฉันทำสิ่งที่ควรจะทำลงไป$s#$b# โลกใบนี้คงจะเป็นที่ที่ ใช้ชีวิตยากพอควรเลยสินะ ... ไม่ว่าจะเป็นเธอหรือเขา ใช่ไหม?$6\"(break)speak Abigail \"...ไม่ใช่ว่าพวกเขา แค่พยายามจะเอาชีวิตรอด เหมือนกับเราเหรอ?$s#$b#พวกเขาอาจจะเป็น ศัตรูของเราก็ได้ แต่ฉันคิดว่า พวกเขาควรจะได้รับ ความเมตตาบ้างสิ$6#$b#ฉันจะทำในสิ่งที่ต้องทำ$6\"(break)speak Abigail \"หือ? เรื่องตลกพวกนั้น มาจากคนที่เพิ่งได้รับ การช่วยชีวิตมาเนี่ยนะ...$h#$b#แต่... ก็ใช่... บางครั้งความจริงก็บังคับ ให้เราทำในสิ่งที่ ไม่อยากทำ... ฉันว่าฉันคงจะต้องเรียนรู้มัน ให้เข้าใจมากกว่านี้สินะ$6\"(break)speak Abigail \"นี่! ฉันช่วยเธอไว้ไม่ใช่หรอ บางทีเธอควรที่จะคิดถึง เรื่องนั้นแทนที่จะทำ ให้ฉันรู้สึกผิดนะ $a\"\\pause 600/pause 500/emote Abigail 40/pause 500/speak Abigail \"ฟังนะ... ต่อจากนี้เธอจะต้องระวังตัว ให้มากกว่านี้ ฉันไม่อยากจะเสียเธอไป \"/pause 500/animate Abigail true true 100 33/positionOffset Abigail 8 0/positionOffset farmer -8 0/animate farmer true true 100 101/specificTemporarySprite heart 40 11/pause 2000/positionOffset farmer 8 0/positionOffset Abigail -8 0/stopAnimation farmer/stopAnimation Abigail/showFrame Abigail 4/pause 1300/faceDirection Abigail 2/faceDirection farmer 2/pause 500/animate Abigail false true 100 0 1 2 3/positionOffset Abigail 0 2/pause 50/positionOffset Abigail 0 2/pause 50/positionOffset Abigail 0 2/pause 50/positionOffset Abigail 0 2/pause 50/positionOffset Abigail 0 2/pause 50/positionOffset Abigail 0 2/pause 50/positionOffset Abigail 0 2/pause 50/positionOffset Abigail 0 2/pause 50/positionOffset Abigail 0 2/pause 50/positionOffset Abigail 0 2/pause 50/positionOffset Abigail 0 2/pause 50/positionOffset Abigail 0 2/pause 50/positionOffset Abigail 0 2/pause 50/stopAnimation Abigail/pause 500/showFrame Abigail 26/pause 100/showFrame Abigail 27/pause 600/speak Abigail \"ให้เขาพักแถวๆ นี้ นี่แหละ... โอเคมั้ย?$6\"/pause 600/fade/viewport -1000 -1000/pause 1000/playSound dirtyHit/pause 600/playSound dirtyHit/pause 600/playSound dirtyHit/pause 600/playSound dirtyHit/pause 2000/end dialogue Abigail \"ดีจัง ที่วันนี้ฉันเอาดาบติดตัวมาด้วย !$6\""
    }
}
