{
    "header": {
        "target": "w",
        "formatVersion": 5,
        "hidef": true,
        "compressed": 128
    },
    "readers": [
        {
            "type": "Microsoft.Xna.Framework.Content.DictionaryReader`2[[System.String, mscorlib, Version=4.0.0.0, Culture=neutral, PublicKeyToken=b77a5c561934e089],[System.String, mscorlib, Version=4.0.0.0, Culture=neutral, PublicKeyToken=b77a5c561934e089]]",
            "version": 0
        },
        {
            "type": "Microsoft.Xna.Framework.Content.StringReader",
            "version": 0
        }
    ],
    "content": {
        "38/f Penny 2500/t 1900 2400/n pennySpa": "echos/-1000 -1000/farmer 13 23 2 Penny 9 29 1/swimming farmer/swimming Penny/skippable/showFrame Penny 31/viewport 13 27 true/pause 2000/playSound slosh/move farmer 0 6 3/positionOffset farmer 0 16/pause 700/speak Penny \"เธออยู่นี่นี่เอง... ฉันกำลังกังวลอยู่เลยว่าเธอ ไม่ได้รับโน้ตของฉันรึเปล่า$6\"/playSound slosh/move Penny 1 0 1/pause 1500/faceDirection Penny 0/speak Penny \"ดูเหมือนว่า เราจะได้อยู่ด้วยกันตามลำพัง แล้วนะ$8\"/pause 800/speak Penny \"น้ำกำลังอุ่นได้ที่เลย หลังจากผ่านความหนาวมา จากข้างนอกนั่น ว่ามั้ย?$6\"/faceDirection farmer 0/pause 1300/faceDirection Penny 1/pause 500/playSound slosh/move Penny 1 0 1/faceDirection farmer 3/speak Penny \"$q -1 null#รู้ไหมทำไมฉันถึง เรียกเธอออกมาคืนนี้น่ะ?$8#$r -1 0 event_pool1#เธอมีบางอย่าง จะบอกฉันงั้นเหรอ#$r -1 0 event_pool2#ฉันก็ไม่รู้เหมือนกัน#$r -1 0 event_pool3#เธอแค่อยากดูฉัน ในชุดอาบน้ำสินะ\"/faceDirection Penny 3/pause 800/faceDirection Penny 1/speak Penny \"อืมม ฉันจะพูดยังไงดีล่ะ...$8\"/pause 1000/playSound slosh/move Penny 1 0 1/pause 500/speak Penny \"ฉันหมายความว่า ที่ฉันจะบอกเธอก็คือ... ความรู้สึกของฉันน่ะนะ$8#$b#ฉันไม่สามารถหยุดคิดถึงเรื่อง เธอได้เลยแม้แต่นิดเดียว...$8#$b#ฉันไม่เคยรู้สึกแบบนี้ กับใครมาก่อนเลยล่ะ$8\"/speak Penny \"$q -1 null#...$8#$r -1 0 event_pool4#ฉันก็รู้สึกเหมือนกับเธอนะ#$r -1 -1500 event_pool5#ขอโทษนะ แต่ฉันไม่ได้ชอบเธอ...\"/fork pennyHeartbroken/pause 1000/showFrame Penny 32/pause 200/playSound slosh/positionOffset Penny 2 0/pause 50/positionOffset Penny 2 0/pause 50/positionOffset Penny 2 0/pause 50/positionOffset Penny 2 0/positionOffset farmer -2 0/pause 50/positionOffset Penny 2 0/positionOffset farmer -2 0/pause 50/eyes 1 -10000/positionOffset Penny 2 0/positionOffset farmer -2 2/pause 50/positionOffset Penny 2 0/positionOffset farmer -2 0/pause 50/positionOffset Penny 2 0/positionOffset farmer -2 0/pause 50/positionOffset Penny 2 0/positionOffset farmer -2 0/pause 50/positionOffset Penny 2 0/positionOffset farmer -2 0/specificTemporarySprite heart 13 29/pause 1200/globalFade/viewport -1000 -1000/pause 2000/stopSwimming farmer/stopSwimming Penny/end warpOut",
        "pennyHeartbroken": "move Penny 0 -2 0/faceDirection farmer 0/shake Penny 5000/globalFade/viewport -1000 -1000/stopSwimming farmer/stopSwimming Penny/end warpOut"
    }
}
