{
    "header": {
        "target": "w",
        "formatVersion": 5,
        "hidef": true,
        "compressed": 128
    },
    "readers": [
        {
            "type": "Microsoft.Xna.Framework.Content.DictionaryReader`2[[System.String, mscorlib, Version=4.0.0.0, Culture=neutral, PublicKeyToken=b77a5c561934e089],[System.String, mscorlib, Version=4.0.0.0, Culture=neutral, PublicKeyToken=b77a5c561934e089]]",
            "version": 0
        },
        {
            "type": "Microsoft.Xna.Framework.Content.StringReader",
            "version": 0
        }
    ],
    "content": {
        "13/f Haley 1500/z winter/t 1000 1600": "desolate/35 11/farmer 35 3 2 Haley 35 11 2/speed Haley 4/skippable/move Haley -2 0 3/pause 300/faceDirection Haley 2/move Haley 4 0 1/pause 300/faceDirection Haley 0/move Haley -2 0 2/emote Haley 28/move farmer 0 5 2/faceDirection Haley 0/emote Haley 16/speak Haley \"@! มานี่หน่อย เร็วเข้า!$s\"/move farmer 0 2 2/speak Haley \"กำไลของฉัน มันหายไปแล้ว! ฉันจำได้ว่า ก่อนฉันจะมาถึงที่นี่ ฉันยังใส่มันอยู่เลยนะ... $s#$b#แต่ตอนนี้มันดันหายไปแล้ว แถมฉันก็หามันไม่เจอด้วย...$s\"/emote farmer 16/faceDirection farmer 3/faceDirection farmer 1/faceDirection farmer 2/emote farmer 8/speak Haley \"$q 48 null#ไม่มีอะไร จะมาทดแทนมันได้หรอก...$s#$r 48 -30 Event_beach1#ไม่ต้องห่วง เดี๋ยวฉันจะซื้ออันใหม่ให้เอง!#$r 48 50 Event_beach2#เสียใจด้วยนะ...\"/faceDirection Haley 2/move farmer 1 0 2/move farmer 0 1 3/pause 500/faceDirection farmer 2/pause 600/showFrame Haley 22/pause 500/speak Haley \"ขอโทษนะคะคุณย่า หนูทำกำไลข้อมืออันสำคัญ ของคุณย่าหายไปแล้ว ยกโทษให้หนูด้วยนะคะ$s\"/playMusic ocean/pause 1000/message \"เธอน่าจะทำมันตก ไว้แถวๆ นี้หรือเปล่านะ?\"/playerControl haleyBeach/globalFade .015/viewport -1000 -1000/warp farmer 36 11/faceDirection farmer 3/positionOffset farmer 0 16/faceDirection Haley 1/pause 500/viewport 35 11 true/pause 800/playMusic sadpiano/speak Haley \"นั่นมัน...?$8\"/emote Haley 16/jump Haley/pause 600/speak Haley \"เธอหามันเจอ!$h\"/showFrame Haley 23/positionOffset Haley 2 0/pause 50/positionOffset Haley 2 0/pause 50/positionOffset Haley 2 0/pause 50/positionOffset Haley 2 0/pause 50/positionOffset Haley 2 1/pause 50/positionOffset Haley 2 1/pause 50/positionOffset Haley 2 1/pause 50/eyes 5 -5000/positionOffset Haley 2 1/pause 50/positionOffset Haley 2 0/pause 50/positionOffset Haley 2 0/pause 50/positionOffset Haley 2 0/pause 50/positionOffset Haley 2 0/pause 50/positionOffset Haley 2 0/pause 50/speak Haley \"ขอบคุณมากจริงๆ @ เธอช่วยชีวิตฉันไว้มากๆ เลย\"/eyes 1 -5000/pause 3000/speak Haley \"ฉันจะไม่ลืมแน่นอน สำหรับเรื่องในวันนี้$l\"/end dialogue Haley \"ฉันติดหนี้เธอจริงๆ @\"",
        "20/f Alex 500/z winter/p Alex/w sunny": "playful/-100 -100/farmer 27 7 2 Alex 25 17 2/showFrame Alex 23/skippable/animate Alex false true 125 16 17 18 19 20 21 22 23 23 23 23 23 23 23 23 23 23 23 23/viewport 28 14 true/move farmer 0 10 2/stopAnimation Alex/showFrame Alex 24/pause 600/showFrame Alex 23/speak Alex \"เอ๊ะ ว่าไง\"/pause 300/emote Alex 40/speak Alex \"อืม เธอคือ @ ใช่ไหม?\"/pause 800/faceDirection farmer 3/pause 800/faceDirection farmer 2/speak Alex \"ผมแค่กำลังเพลินกับ สภาพอากาศ ที่แจ่มใสนี่อยู่น่ะ @\"/pause 1000/faceDirection Alex 1/pause 500/showFrame Alex 24/speak Alex \"อืมม...$u#$b#โอเค เริ่มได้!$h\"/pause 500/move farmer 2 0 3/pause 1000/showFrame Alex 4/animate Alex false false 80 24 25 25 26 4/pause 240/playSound throw/animate farmer true true 100 30/specificTemporarySprite joshFootball/null/pause 500/stopAnimation farmer/pause 700/speak Alex \"ฮ่าฮ่า...รับได้สวย\"/pause 500/move farmer -2 0 2/pause 800/faceDirection Alex 2/speak Alex \"ฉันจะเป็นนักเล่นรักบี้ มืออาชีพคนแรก จากสตาร์ดิวแวลลี่... ฉันคิดไว้อยู่แล้วล่ะ#$b#ฉันเคยนำทีมของโรงเรียน เข้ารอบรองชนะเลิศ ระดับเขตมาแล้วด้วย... ตอนนี้ฉันก็แค่ฝึกฝน ให้ตัวเองแข็งแกร่งขึ้น ฉันจะได้มีชื่อ อยู่ในรายชื่่อของ เมืองซูซูคอยดูเถอะ!\"/pause 1000/question fork1 \"#ฉันเชื่อมั่นในตัวนายนะ!#โหหห นายนี่อวดดีจังนะ\"/fork arrogantJosh/faceDirection Alex 1/pause 500/speak Alex \"ขอบคุณนะ @ ฉันจะไม่ลืมเลยล่ะ\"/move Alex 1 0 1/pause 500/end dialogue Alex \"เฮ้ มันออกจะสนุก ว่ามั้ย?\"",
        "arrogantJosh": "pause 500/faceDirection Alex 3/emote Alex 12/faceDirection Alex 2/speak Alex \"หืมมม... เหมือนจะมีบางคนกำลัง อิจฉาอยู่นะ$a\"/move Alex 0 -15 0 true/speak Alex \"ผมไปก่อนล่ะนะ$a\"/faceDirection farmer 0/end dialogue Alex \"...$a\"",
        "288847/f Alex 2000/p Alex/w sunny": "ocean/-100 -100/farmer 52 13 2 Alex 53 24 2/showFrame Alex 38/skippable/viewport 53 24 true/pause 2000/speak Alex \"*กระซิก กระซิก*...$s\"/move farmer 0 11 2/pause 1000/showFrame Alex 36/pause 500/showFrame Alex 37/pause 500/speak Alex \"อ๊ะ... @ คุณเห็นผมร้องไห้ งั้นเหรอ$s\"/pause 500/showFrame Alex 36/pause 1000/showFrame 95/pause 2000/speak Alex \"มันเป็นวันที่เหมือนกับวันนี้ เมื่อ 12 ปีก่อน... วันที่แม่ของผมตายน่ะ$9\"/pause 1000/speak Alex \"ผมยังจำแม่ได้ดีเลย... แม่ทำ แซนด์วิชหัวไชเท้าอบเกลือ ให้ผมเป็นอาหารกลางวัน... และโยนลูกรักบี้ เล่นกับผมที่สวนหลังบ้าน$9#$b#เธอดูแลผม อย่างดีเลยแหละ... แต่ผมยังเด็กเกินไป ที่จะพูดคำว่า 'ขอบคุณ' แต่ตอนนี้ แม่จากผมไปแล้ว จากไปตลอดกาลเลย$9\"/pause 1000/showFrame Alex 38/pause 1000/speak Alex \"นี่คือของสิ่งสุดท้าย ที่เธอทิ้งไว้ให้ผม... กล่องดนตรีลับของเธอ$s\"/pause 1000/playSound openBox/showFrame Alex 35/pause 500/playMusic tinymusicbox/pause 10000/specificTemporarySprite JoshMom/pause 20000/playMusic ocean/pause 900/showFrame Alex 37/pause 900/showFrame Alex 36/pause 800/speak Alex \"$q -1 null#ตอนนี้... เธอคิดยังไงบ้างล่ะ @?$9#$r -1 0 event_box1#นายต้องทำให้ดีที่สุด เพื่อเป็นเกียรติ แก่ความทรงจำของแม่นาย#$r -1 0 event_box2#นายไม่ควรไปยึดติดกับอดีตนะ#$r -1 0 event_box3#ฉันจะอยู่กับนายตรงนี้ ยามที่นายโดดเดี่ยว#$r -1 0 event_box4#ทำใจซะเถอะ ชีวิตมันก็ยุ่งเหยิง สำหรับทุกคน\"/pause 1000/showFrame Alex 36/pause 1000/speak Alex \"เอาเหอะ มันดูไร้สาระ ที่มานั่งสะอึกสะอื้นแบบนี้... กลับเข้าเมืองกันดีกว่า$9\"/showFrame Alex 0/stopAnimation farmer/move Alex 0 -2 0 true/move farmer 0 -2 0 false/pause 1000/faceDirection Alex 3/pause 800/speak Alex \"อืม... @?$9\"/pause 800/faceDirection farmer 1/pause 500/speak Alex \"อย่าบอกใครนะ ว่าผมร้องไห้ โอเคมั้ย?$7\"/pause 500/faceDirection farmer 2/animate farmer false true 100 102 103/pause 100/jump Alex/pause 1500/stopAnimation farmer/move farmer 0 -8 0 true/faceDirection Alex 0/emote Alex 16/speak Alex \"เฮ้!$7\"/move Alex 0 -8 0 true/globalFade/viewport -1000 -1000/end",
        "29/f Sebastian 2000/t 1200 2300/w rainy": "rain/12 38/farmer 12 29 2 Sebastian 12 39 2/skippable/move farmer 0 7 2/faceDirection Sebastian 0/pause 400/speak Sebastian \"@?\"/pause 500/move farmer 0 2 2/speak Sebastian \"เฮ้ แปลกใจเหมือนกันนะเนี่ย ที่มาเจอเธออยู่กลางฝนแบบนี้\"/pause 500/faceDirection Sebastian 2/pause 200/move farmer 1 0 2/move farmer 0 1 3/pause 500/faceDirection farmer 2/pause 1000/playMusic echos/pause 1000/speak Sebastian \"ดูพวกก้อนเมฆสีดำพวกนั้น ที่กำลังขึ้นมาจาก ขอบฟ้าสิ...\"/pause 2000/speak Sebastian \"ผมหวังว่า พวกมันกำลังจะมาทางนี้นะ\"/faceDirection farmer 3/pause 800/faceDirection farmer 2/pause 1000/speak Sebastian \"ผมชอบ สภาพอากาศแบบนี้น่ะ ราวกับว่า มันทำให้ทุกคนหายไป อย่างนั้นแหละ... ว่าไหม?#$b#อยู่กับผู้คนเยอะๆ มันทำให้ผมรู้สึก กระวนกระวายน่ะ$s\"/faceDirection Sebastian 1/pause 400/faceDirection Sebastian 2/pause 400/speak Sebastian \"แต่ผมไม่ได้รู้สึกอย่างนั้น กับคุณหรอก$7\"/pause 2000/emote Sebastian 28/speak Sebastian \"พวกเราเริ่มเปียก ไปทั้งตัวแล้วนะ...\"/pause 900/showFrame Sebastian 39/animate Sebastian false false 300 37 38 39/pause 300/playSound cast/pause 280/specificTemporarySprite umbrella/pause 800/speak Sebastian \"อ่ะนี่... มีที่พอดีกับเราสองคนเลย$7\"/pause 500/faceDirection farmer 3/animate farmer true true 100 6 7/playSound dwop/positionOffset farmer -2 0/pause 100/positionOffset farmer -2 0/pause 100/positionOffset farmer -2 0/pause 100/positionOffset farmer -2 0/pause 100/stopAnimation farmer/pause 800/faceDirection farmer 3/animate farmer true true 100 6 7/playSound dwop/positionOffset farmer -2 0/pause 100/positionOffset farmer -2 0/pause 100/positionOffset farmer -2 0/pause 100/positionOffset farmer -2 0/pause 100/stopAnimation farmer/pause 800/faceDirection farmer 3/animate farmer true true 100 6 7/playSound dwop/positionOffset farmer -2 0/pause 100/positionOffset farmer -2 0/pause 100/positionOffset farmer -2 0/pause 100/positionOffset farmer -2 0/pause 100/stopAnimation farmer/faceDirection farmer 2/pause 3500/end",
        "43/f Elliott 2500/w sunny/t 700 1300": "ocean/-1000 -1000/farmer 13 16 2 Elliott 13 27 1/specificTemporarySprite elliottBoat/skippable/viewport 17 26 clamp true/move farmer 0 8 2/faceDirection Elliott 0/speak Elliott \"เฮ้\"/move farmer 0 2 2/faceDirection Elliott 1/faceDirection farmer 1/speak Elliott \"ดูนี่สิ... ผมซ่อมเรือพาย ที่มันลอยมาอยู่หน้าบ้านผมด้วย เจ๋งใช่ไหมล่ะ?\"/pause 500/faceDirection Elliott 0/pause 500/speak Elliott \"@... ช่วยเป็นเกียรติ ในการออกเดินทาง ครั้งแรกของเธอ หน่อยได้ไหม?$l\"/faceDirection farmer 2/question fork1 \"ไปกันเลยมั้ย?#ไปสิ#ไม่ดีกว่า\"/fork NoToElliott/globalFade/viewport -1000 -1000/changeToTemporaryMap ElliottSea/playSound wateringCan/pause 1000/playSound wateringCan/playMusic 50s/warp farmer 26 20/positionOffset farmer 0 8/warp Elliott 26 20/showFrame Elliott 25/positionOffset Elliott 0 60/viewport 25 20 true/pause 5000/speak Elliott \"หนังสือของผมก็วางขาย ไปสักพักแล้ว... แต่มันก็ไม่ได้ขายดี อะไรมากนักหรอก แต่มันได้คะแนนวิจารณ์ จากพวกนักวิจารณ์ดีอยู่นะ#$b#ผมทำมัน ไม่สำเร็จหรอก ถ้าไม่ได้ กำลังใจจากคุณ$l\"/pause 1000/speak Elliott \"แต่จริงๆ แล้วมันก็ไม่ถูกหรอก ยังไงผม ก็ทำมันสำเร็จอยู่ดี$h#$b#แต่ผมรู้สึก ปลื้มมากเลยล่ะ ที่คุณเชื่อมั่นในตัวผม... เชื่อในวิสัยทัศน์ของผม และก็ เอิ่มม...\"/pause 500/speak Elliott \"เอออ... คือว่านะ @? จะพูดไงดีล่ะ...$8\"/emote Elliott 40/speak Elliott \"ก็นะ พวกเราก็เป็นเพื่อนกัน มาสักพักแล้ว... แต่ผม... ผมไม่รู้สึกว่าผมจะ รู้สึกอย่างนั้นอีกแล้ว$l\"/emote farmer 16/speak Elliott \"ไม่! ผมไม่อยากจะ ตัดมิตรภาพของเราหรอกนะ!$8#$b#แต่มัน... มันตรงกันข้ามกันเลยล่ะ$l\"/pause 1000/emote Elliott 40/pause 500/speak Elliott \"...จะพูดยังไงดี...?$l#$b#คือปกติ ผมไม่ค่อยจะพูดแบบนี้หรอก มันพูดไม่ออก คือแบบ...\"/playMusic elliottPiano/pause 2500/showFrame Elliott 35/screenFlash 1/warp Elliott 26 20/positionOffset Elliott 24 8/positionOffset farmer -20 16/faceDirection farmer 1 true/showFrame 101/specificTemporarySprite heart 26 20/playSound dwop/pause 1500/startJittering/pause 700/speak Elliott \"$q -1 null#@? คุณกำลังตัวสั่นนะ...$l#$r -1 50 event_boat1#ฉันมีความสุขจัง#$r -1 -50 event_boat2#นายกำลังทำให้ฉันรู้สึกอึดอัด หยุดนะ\"/stopJittering/fork tooBold/pause 1800/globalFade/viewport -1000 -1000/speak Elliott \"เราควรจะกลับก่อน ที่ลมทางใต้ จะพัดมาดีกว่า$l^โอ้ไม่นะ... แรงสั่นจากตัวคุณ เรียกพวกปลาคริมสันมา (Crimsonfish) มา... เราต้องออกไปจากที่นี่แล้ว$l\"/pause 1400/speak Elliott \"พอมองดูหมู่บ้าน จากตรงนี้แล้ว... มันดูเหมือนกับ 'บ้าน' ขึ้นมากเลย\"/pause 4000/speak Elliott \"*ถอนหายใจ*... นี่มันวันอะไรกันเนี่ย...$l\"/end",
        "NoToElliott": "emote Elliott 16/pause 800/faceDirection Elliott 1/showFrame Elliott 31/pause 1000/emote Elliott 28/pause 600/speak Elliott \"ผมเข้าใจล่ะ$7\"/move farmer 0 -10 0 true/pause 800/end dialogue Elliott \"...$a\"",
        "733330/f Sam 750/w sunny/t 700 1500/z winter/y 1": "ocean/-1000 -1000/farmer 40 9 2 Sam 41 18 2 Vincent 43 22 2/skippable/animate Vincent false true 500 18 19/specificTemporarySprite beachStuff/viewport 42 19 true/move farmer 0 9 1/faceDirection Sam 3/speak Sam \"หวัดดี @ เป็นวันที่ดีเนอะ ว่ามั้ย?\"/faceDirection farmer 2/faceDirection Sam 2/pause 800/speak Sam \"ผมแค่มาคอยดู น้องชายของผมน่ะ มันดีสำหรับน้องของผม ที่ได้ออกมาสูดอากาศดีๆ ในวันแบบนี้\"/pause 1700/speak Sam \"พ่อของพวกเรา มักจะพาพวกเรามาที่ชายหาด ในวันที่อากาศ สดใสแบบนี้ทุกครั้ง$h\"/jump Vincent/stopAnimation Vincent/showFrame Vincent 0/pause 1000/move Vincent 0 -4 3/move Vincent -1 0 3/faceDirection Sam 1/faceDirection farmer 1/playMusic desolate/speak Vincent \"แซม...?$u\"/pause 900/speak Vincent \"พ่อจะกลับมาบ้านมั้ย?$s\"/emote Sam 28/showFrame Sam 34/pause 800/speak Sam \"แน่นอนวินซ์ พ่อต้องกลับมาแน่นอน ทันทีที่เขากลับมาได้เลยล่ะ$7\"/pause 600/speak Vincent \"แต่ผมได้ยิน คนคุยกันว่า... พวกทหารทั้งหมด โดนยิงเป็นชิ้นๆ เลยนะ$s\"/showFrame Sam 35/pause 1500/speak Sam \"อย่าไปเชื่อทุกอย่าง ที่ได้ยินมาสิ!$8\"/showFrame Sam 4/speak Sam \"จำไม่ได้เหรอว่า พ่อเขาเก่งแค่ไหนน่ะ? เขาไม่ใช่ทหารน่าสมเพช โกโทโร่ทำอะไร ไม่ได้หรอก! ไม่ต้องห่วง!$a#$b#และก็จำไว้เลยน่ะ แม่กับพี่จะอยู่เล่น กับนายไปเสมอ แม้แต่ตอนที่นาย รู้สึกโดดเดี่ยว\"/playMusic ocean/speak Vincent \"โอเค!\"/jump Vincent/pause 1000/move Vincent 1 0 2/showFrame Sam 4 true/faceDirection Sam 2 true/move Vincent 0 4 2/animate Vincent false true 500 18 19/playSound sandyStep/pause 800/faceDirection Sam 3/pause 800/faceDirection Sam 2/faceDirection farmer 2/pause 1000/speak Sam \"ผมไม่รู้ว่าพวกพ่อ จะกลับมาได้ หรือป่าว... พวกเราอ่านรายงานหมดแล้ว ทหารของเราล้มตาย เป็นพันๆ เลย$s#$b#แล้วผมจะบอกกับ วินเซนท์ ยังไงดีล่ะ?$7\"/pause 1000/question null \"#มันจะดีที่สุด ที่เราจะ พูดความจริงกับเด็กนะ#นายทำถูกแล้วล่ะ พวกเด็กๆ ต้องมีความหวัง\"/emote Sam 40/pause 1000/splitSpeak Sam \"เธอคิดอย่างนั้นเหรอ?$7#$b#ไม่แน่เธออาจจะพูดถูก... ถึงความจริงจะโหดร้าย แต่เด็กก็ต้องรู้ ไม่ทางใดก็ทางหนึ่งอยู่ดี$s~ใช่แล้ว... เด็กๆ ต้องเล่นต้องสนุก ตอนที่ยังมีโอกาสอยู่สิ\"/pause 700/faceDirection Sam 3/faceDirection farmer 1/speak Sam \"เฮ้นี่ ผมบอกไปหรือยังว่า วงของพวกเรากำลัง จะมารวมตัวกันใหม่?#$b#ใช่แล้ว! มันกลายเป็นว่า อบิเกล เป็นมือกลอง ที่ยอดมากเลยและ เซบาสเตียนก็อยากให้เธอ เข้าร่วมวงมากๆ เลยด้วย...$h\"/pause 500/globalFade/viewport -1000 -1000/end",
        "739330/t 600 1710/*n spring_2_1": "ocean/-1000 -1000/farmer 28 35 1 Willy 44 35 1/removeQuest 13/addMailReceived NOQUEST_13/skippable/animate Willy false true 250 28 29 30 31/viewport 44 35 true/move farmer 7 0 1/playSound seagulls/move farmer 7 0 1/pause 500/playSound seagulls/pause 1000/playSound seagulls/speak Willy \"อะฮ้อย ว่าไงไอ้ลูกชาย$u^อะฮ้อย ว่าไงสาวน้อย$u#$b#ได้ยินมาว่า มีคนย้ายเข้าเมือง มาใหม่งั้นเหรอ.. ดีเลย ในที่สุดก็ได้เจอกันสักที$u\"/pause 500/playSound seagulls/pause 1000/stopAnimation Willy/playSound dwop/faceDirection Willy 2 true/pause 50/faceDirection Willy 3/pause 1000/speak Willy \"อ่า ฉันพยายามที่จะ ออกเรือไปนอกทะเล เป็นเดือนๆ แล้วล่ะ...$h#$b#มันเป็นอะไรที่ คุ้มสุดๆ! ฉันขายปลาดีๆ ได้เยอะเลย#$b#จนมีเงินพอที่จะ ซื้อเบ็ดคันใหม่ ได้เลยนะ$h\"/move Willy -1 0 3/pause 1000/speak Willy \"อยากจะให้เบ็ดเก่าที่ฉัน เคยใช้กับเธอน่ะ$h#$b#มันสำคัญ กับฉันมากเลยนะ เพราะมันสามารถตกปลา ได้เข้าขั้นเทพเลยล่ะ แล้วก็เฮ้ มาซื้อของ ที่ร้านฉันบ้างล่ะ$h\"/pause 1000/playSound seagulls/pause 500/faceDirection farmer 2/itemAboveHead rod/pause 3300/awardFestivalPrize rod/faceDirection farmer 2/pause 1000/playSound seagulls/move Willy 0 1 2/pause 1000/showFrame Willy 24/pause 1000/speak Willy \"ในหมู่บ้านนี้น่ะ มีแหล่งน้ำดีๆ เพียบ และมีปลาอยู่ทุกชนิดเลย\"/pause 1000/faceDirection Willy 3/speak Willy \"โอ้ช่ายย ร้านของฉัน กลับมาเปิดแล้วนะ มาซื้อของได้เลย ถ้าต้องการ$h#$b#ฉันรับซื้อทุกอย่าง ที่ตกมาได้เลยนะ #$b# 'ถ้าของมันดีก็ขายได้' ฮ่าฮ่า นี่คือสิ่งที่ พ่อของฉันพูด ประจำเลยล่ะ$h\"/pause 500/playSound seagulls/pause 500/move farmer 0 1 2/pause 1000/pause 500/animate Willy false true 250 28 29 30 31/viewport move 1 0 5500/pause 1500/playSound seagulls/pause 1500/playSound seagulls/pause 2000/end position 42 36",
        "711130/t 600 1710/f Willy 1500": "ocean/30 34/farmer 27 35 1 Willy 30 34 2 Gus -10 -10 0/skippable/addConversationTopic willyCrabs/showFrame Willy 24/move farmer 3 0 0/showFrame Willy 0/pause 800/speak Willy \"อ่า... ดีแล้วที่เธอเอา มันขึ้นมาน่ะ พ่อหนุ่ม^อ่า... ดีแล้วที่เธอเอา มันขึ้นมาน่ะ สาวน้อย#$b#ฉันมีปัญหา... นิดหน่อยน่ะ ฉันน่าจะใช้มันได้นะ...\"/faceDirection Willy 3/faceDirection Willy 0/pause 1000/faceDirection Willy 3 true/pause 100/faceDirection Willy 2/speak Willy \"เอ่อ... มันคงจะดีกว่า ถ้าฉันจะทำให้เธอดู...\"/pause 600/faceDirection Willy 3 true/pause 100/faceDirection Willy 0/speak Willy \"ตอนนี้หายใจลึกๆ นะ\"/pause 300/playSound doorClose/warp Willy -100 -100/move farmer 0 -1 0/pause 500/playSound doorClose/warp farmer -100 -100/globalFade/viewport -1000 -1000/changeLocation FishShop/specificTemporarySprite willyCrabExperiment/warp Willy 5 7/faceDirection Willy 0/playMusic ragtime/pause 500/viewport 5 7 true/pause 5000/warp farmer 5 9/playSound doorClose/pause 100/jump farmer/pause 1000/emote farmer 16/faceDirection Willy 3 true/pause 100/faceDirection Willy 2/speak Willy \"อย่างที่เห็น...#$b#และอย่างน้อย... หึ...#$b#มีหญิงชรา 'วิ่งหนีเตลิด' ไปในคืนก่อนด้วย... หึ...$h#$b#การทดสอบของฉัน ต้องการแค่ การทดสอบนิดหน่อย...\"/move farmer 0 -1 0/move farmer 2 0 1/emote farmer 56/warp Gus 5 9/playSound doorClose/pause 100/jump Gus/pause 1000/speak Gus \"ฮูวว~... เอาอีกๆ อีกครั้ง ฮ้า วิลลี่?$h\"/textAboveHead Willy \"ใช่...\"/move Gus 0 -1 3/move Gus -2 0 3/pause 1000/speak Gus \"มันดูสดดีนะ...\"/faceDirection Willy 3/speak Willy \"ใช่แล้ว... นี่เป็นปูที่ดีที่สุด และน่ารักที่สุด ที่ฉันเคยเจอเลย$h#$b#ดูกระฉับกระเฉงดีจัง ยังไงก็เถอะนะ... $s\"/pause 1000/emote Gus 40/pause 500/jump Gus/pause 1000/speak Gus \"ฉันเหมาหมดนี้เลย!$h#$b#แถมค่าแรงพิเศษ ให้ด้วยเลย...\"/pause 2000/move farmer 1 0 0 true/move Gus -1 0 0 false/move farmer 0 -1 0 true/move Gus 0 -1 0 false/faceDirection Willy 0/pause 1000/playSound slimeHit/specificTemporarySprite removeSprite 3/pause 1000/playSound slimeHit/specificTemporarySprite removeSprite 1/pause 1000/playSound fishSlap/specificTemporarySprite removeSprite 2/pause 500/globalFade/viewport -1000 -1000/pause 1500/speak Gus \"ดูเหมือนว่าเราจะ จัดการหมดแล้วนะ...\"/pause 1000/speak Willy \"ลาก่อน แม่สุภาพสตรีของฉัน...$s\"/pause 1000/speak Gus \"ได้โปรด... @... อย่าบอกวิลลี่เลยนะ ฉันจะทำเมนูพิเศษเค้กปู (Crab cake) ที่ซาลูนในอีกไม่กี่วันข้างหน้า ถ้ายังไงก็...\"/pause 1000/end position 30 34",
        "7771191/t 2000 2500/f Krobus 3500/w sunny": "moonlightJellies/-1000 -1000/farmer 0 0 2 Krobus 84 40 2/showFrame Krobus 17/addTemporaryActor SeaMonsterKrobus 32 32 -1 -1 0 false/addLantern 735 83 40 1/positionOffset Krobus 0 52/viewport 84 40 clamp true/pause 3300/animate Krobus false true 500 17 18 17 19/specificTemporarySprite krobusBeach/pause 8000/stopAnimation Krobus/showFrame Krobus 17/pause 2000/emote Krobus 20/pause 4000/faceDirection SeaMonsterKrobus 0/playSound pullItemFromWater/animate SeaMonsterKrobus false false 100 20 21 22 23/warp SeaMonsterKrobus 84 45/pause 600/showFrame Krobus 0/jump Krobus/pause 100/animate SeaMonsterKrobus false true 250 8 9 10 11/pause 800/pause 1500/stopAnimation SeaMonsterKrobus/move SeaMonsterKrobus 0 -3 0/pause 1000/emote Krobus 8/pause 2000/animate SeaMonsterKrobus false false 100 16 17 18 19 19 19 19 19 19 19 19/playSound waterSlosh/pause 400/showFrame SeaMonsterKrobus 19/pause 500/playSound coin/warp Krobus -1 -1/faceDirection SeaMonsterKrobus 2 true/animate SeaMonsterKrobus false true 500 0 1/pause 2000/stopAnimation SeaMonsterKrobus/playSound waterSlosh/move SeaMonsterKrobus 0 3 2/animate SeaMonsterKrobus false true 500 2 3/pause 3000/stopAnimation SeaMonsterKrobus/playSound waterSlosh/move SeaMonsterKrobus 3 0 1/playSound waterSlosh/move SeaMonsterKrobus -6 0 3/emote SeaMonsterKrobus 20 true/playSound waterSlosh/move SeaMonsterKrobus 6 0 1/playSound waterSlosh/move SeaMonsterKrobus -9 0 3 true/pause 2000/fade/viewport -2000 -2000/pause 3000/end"
    }
}
