{
    "header": {
        "target": "w",
        "formatVersion": 5,
        "hidef": true,
        "compressed": 128
    },
    "readers": [
        {
            "type": "Microsoft.Xna.Framework.Content.DictionaryReader`2[[System.String, mscorlib, Version=4.0.0.0, Culture=neutral, PublicKeyToken=b77a5c561934e089],[System.String, mscorlib, Version=4.0.0.0, Culture=neutral, PublicKeyToken=b77a5c561934e089]]",
            "version": 0
        },
        {
            "type": "Microsoft.Xna.Framework.Content.StringReader",
            "version": 0
        }
    ],
    "content": {
        "60367/u 0": "none/-1000 -1000/farmer 12 10 2 Robin 12 13 0 Lewis -100 -100 2/skippable/pause 500/playSound busDoorOpen/pause 5000/viewport 13 10 clamp true/move farmer 0 2 2/playMusic SettlingIn/speak Robin \"สวัสดี! เธอใช่ @ หรือเปล่าจ๊ะ?#$b#ฉันชื่อโรบินนะ เป็นช่างไม้ประจำหมู่บ้านนี้ นายกเทศมนตรีเลวิสส่งฉันมา ให้พาเธอไปส่งที่บ้าน ตอนนี้เขาคงรออยู่ที่นั่นแล้ว หยิบของแล้วไปกันเถอะ#$b#ฟาร์มอยู่ทางขวานี่เอง เดินตามฉันมาแล้วกันนะ\"/viewport move 0 2 800/move Robin 0 5 2 true/pause 800/move farmer 0 4 2 true/fade/speed farmer 2/viewport -200 -200/changeLocation Farm/halt/warp Robin 78 17/faceDirection Robin 3/warp farmer 79 17/faceDirection farmer 3/viewport 70 16 clamp/viewport move -1 0 4000/move Robin -8 0 3 farmer -8 0 3/pause 700/faceDirection Robin 2/speak Robin \"นี่แหละคือ %farm \"/pause 500/faceDirection farmer 2/showFrame 94/jump farmer/startJittering/pause 1000/emote farmer 28/showFrame 0/stopJittering/pause 800/faceDirection Robin 1/pause 200/speak Robin \"โน่นน่ะเหรอ?#$b#ใช่แล้วล่ะ มันออกจะดูรกๆ ไปหน่อย แต่มันก็บ่งบอกได้เลยนะ ว่าดินแถวนี้ดี!#$b#ด้วยสองมือของเธอ อีกไม่นาน ที่นี่จะดูดีขึ้นแน่นอน\"/pause 500/faceDirection farmer 3/pause 200/move Robin -7 0 0 farmer -7 0 0/pause 400/faceDirection Robin 0/speak Robin \"...และที่เรายืนอยู่ตอนนี้ก็คือ บ้านหลังใหม่ของเธอ$h\"/pause 300/faceDirection farmer 0/pause 500/playSound doorClose/warp Lewis 64 15/pause 1500/speak Lewis \"อ๋าา เจ้าของฟาร์มคนใหม่ ของหมู่บ้านนี่เอง!$h\"/move Lewis 0 1 2/move Lewis 1 0 2/move Lewis 0 1 3/faceDirection farmer 1/faceDirection Robin 1/pause 600/speak Lewis \"ยินดีต้อนรับ! ฉันชื่อเลวิส เป็นนายกเทศมนตรีของ เมืองเพลิแกนแห่งนี้#$b#รู้มั้ยว่าทุกคนต่างก็พูดถึง แต่เรื่องของเธอกัน#$b#ที่นี่ไม่ค่อยจะมี คนย้ายเข้ามาบ่อยๆ นักหรอก มันเลยเป็นเรื่อง ที่น่าตื่นเต้นทีเดียวเลยล่ะ!\"/pause 1000/faceDirection Lewis 3/pause 100/faceDirection Lewis 0/pause 500/speak Lewis \"เอาล่ะ... ตอนนี้เธอลองเข้าไปใน 'กระท่อมเก่า' ของปู่เธอได้แล้ว#$b#มันเป็นบ้านที่ดีทีเดียวเลย... ถึงมันจะดู 'บ้านนอก' ไปหน่อยก็เถอะ\"/pause 300/faceDirection Robin 0 true/faceDirection farmer 0/viewport move 0 -1 2000/pause 3000/speak Robin \"'บ้านนอก'? ก็น่าจะเป็นอีกวิธีที่จะใช้นิยาม บ้านหลังนี้อ่ะนะ... $4#$b#ถึงอย่างนั้น ฉันคิดว่าคำว่า 'ทรุดโทรม' ดูจะเหมาะสมกับ บ้านหลังนี้มากกว่าซะอีก$4\"/faceDirection Lewis 3 true/jump Lewis/shake Lewis 1600/textAboveHead Lewis \"หยาบคาย!\"/showFrame Lewis 24/pause 500/faceDirection Robin 1 true/pause 100/faceDirection Robin 2 true/pause 100/animate Robin false true 100 32 33/faceDirection farmer 2/pause 1000/showFrame Lewis 12/stopAnimation Robin/pause 300/faceDirection Robin 1/showFrame Lewis 12/faceDirection farmer 1/speak Lewis \"อย่าไปฟังโรบินเลย @ เธอก็แค่อยากให้คุณไม่พอใจ จนต้องรีบเสียเงิน ไปปรับปรุงบ้านกับหล่อน แค่นั้นแหละ$u\"/showFrame Lewis 12/showFrame Robin 19/shake Robin 800/pause 1200/showFrame Robin 0/pause 600/animate Robin false true 300 34 35/textAboveHead Robin \"หืมม...\"/pause 1500/speak Lewis \"ยังไงก็ตาม... เธอคงจะต้องเหนื่อย กับอะไรอีกเยอะ เธอควรจะไปพักผ่อนได้แล้ว#$b#พรุ่งนี้เธอ ค่อยเข้าไปสำรวจในเมือง แล้วก็แนะนำตัวซะหน่อย#$b#พวกชาวเมืองที่นี่ เป็นกันเองมากเลยนะ\"/move Lewis 4 0 1 true/viewport move 1 0 2000/pause 3000/proceedPosition Lewis/faceDirection Lewis 0/pause 500/faceDirection Lewis 3/speak Lewis \"โอ้ เกือบลืมบอกแน่ะ หากเธอต้องการขายอะไร ก็โยนลงกล่องนี่ได้เลย เดี๋ยวตอนเช้ามืด ฉันจะมาซื้อพวกมันเอง#$b#เอาล่ะ... โชคดีละกันนะ!\"/pause 300/move Lewis 8 0 1 true/faceDirection farmer 0/stopAnimation Robin/advancedMove Robin false 0 1 2 0 0 -1 5 0/pause 1000/globalFade/viewport -1000 -1000/playMusic none/pause 2000/playSound rooster/pause 1000/end beginGame",
        "4081148/e 47/t 1600 1900": "none/-1000 -1000/farmer 13 22 0 Sam 14 10 2 Sebastian 15 11 3 Emily 10 11 3 Maru 9 10 2 Shane 12 15 0 Elliott 17 14 1 Leah 18 14 3 Abigail 13 11 1 Penny 18 10 3 Harvey 8 11 1 Linus 21 5 2 Jodi 8 15 2 Vincent 8 16 0/viewport 12 11 clamp true/skippable/move farmer 0 -10 0 true/move Shane 0 -6 0 true/proceedPosition Shane/warp Shane -100 -100/proceedPosition farmer/move farmer 1 0 0 false/speak Sam \"สวัสดี @ ขอบคุณที่มานะ\"/faceDirection Sam 3/faceDirection Sam 1/faceDirection Sam 2/speak Sam \"ดีล่ะ พลังเริ่มมาแล้ว... แถมอะไรๆ ก็ดูจะเริ่มเข้าที่แล้วด้วย\"/jump Sam/pause 800/speak Sam \"พร้อมหรือยังทุกคน... ขึ้นรถบัสแล้วไปกันเถอะ!$u\"/pause 600/move Abigail -1 0 0 true/move Emily 1 0 1 true/faceDirection Maru 1/proceedPosition Abigail/move Abigail 0 -2 2 true/move Sebastian -3 0 0 true/move Elliott -5 0 0 true/move Leah -5 0 0 true/globalFade/viewport -1000 -1000/pause 3000/speak Sam \"*อึก*... ฉันชักจะเริ่มหงุดหงิดแล้วนะ$8\"/pause 1000/playSound busDoorOpen/pause 4000/speak Sam \"โอเค เรามาถึงกันแล้ว... หวังว่าจะโชคดีนะ!$u\"/pause 800/changeToTemporaryMap SamShow/viewport -1000 -1000/warp Sam 18 14/faceDirection Sam 0 true/warp Sebastian 21 14/positionOffset Sebastian 20 -20/warp Abigail 15 13/positionOffset Abigail 40 -24/warp farmer 18 20/warp Elliott 20 19/faceDirection Elliott 0/warp Leah 21 19/faceDirection Leah 0 true/warp Maru 13 16/faceDirection Maru 1 true/warp Harvey 14 17/faceDirection Harvey 0 true/warp Emily 21 16/faceDirection Emily 0 true/warp Shane 16 20/warp Linus 31 14/faceDirection Linus 0 true/warp Penny 17 16/faceDirection Penny 0 true/faceDirection Sebastian 2 true/warp Jodi 11 19/warp Vincent 12 19/faceDirection Jodi 0/viewport 18 15 true/move farmer 0 -4 0/pause 3000/faceDirection Sam 2/pause 800/jump Sam/pause 1000/cutscene bandFork/mail afterSamShow/end dialogue Sam \"เฮ้ การแสดงผ่านไปได้ ด้วยดีเลย! ขอบคุณอีกครั้งนะ @ \"",
        "9581348/e 2128292/t 1600 1800": "continue/-1000 -1000/farmer 12 19 0 Shane 13 10 2 Alex 12 13 0 Gus 9 11 1 Pam 10 10 2/viewport 12 11 clamp true/skippable/move farmer 0 -4 0 true/move Alex 0 -4 0 true/proceedPosition Alex/playSound thudStep/warp Alex -100 -100/move farmer 0 -1 0/move Shane 0 1 2/speak Shane \"ว่าไง$6#$b#ใกล้ถึงเวลาแล้ว เราควรจะไปกัน ได้แล้วล่ะนะ...$6\"/move Pam 2 0 0/move Pam 0 -1 0/warp Pam -100 -100/playSound thudStep/move Gus 3 0 0/move Gus 0 -2 0/faceDirection Shane 3 true/playSound thudStep/warp Gus -100 -100/move farmer 0 -4 0 true/globalFade/viewport -1000 -1000/playMusic none/pause 800/playSound busDriveOff/pause 4000/changeToTemporaryMap Stadium false/speak Shane \"เราเกือบจะถึงแล้วล่ะ...\"/pause 1500/playSound glug/pause 500/speak Shane \"*อึก* ...เพิ่มขวัญกำลังใจ ก่อนเริ่มเกมกันหน่อย...$10\"/pause 1000/playMusic Stadium_ambient/warp farmer 19 19/faceDirection farmer 2/positionOffset farmer 0 16/warp Alex 14 12/faceDirection Alex 2/warp Gus 30 14/faceDirection Gus 2/warp Shane 22 12/pause 3000/advancedMove Shane false 0 7 -2 0/viewport 22 18 clamp true/proceedPosition Shane/faceDirection Shane 2/speak Shane \"นี่ ผมมีหวานเย็นอีกหนึ่งอัน...\"/showFrame Shane 25/pause 1000/playSound coin/showFrame 90/showFrame Shane 0/pause 2000/farmerEat 184/pause 1000/animate Shane false true 200 20 20 20 20 20 20 20 20 20 20 21 22 23 24 24 24 24 23 22 21 20 20 20 20/pause 6000/animate Shane false true 400 0 30 0 30 0 31 0 31/pause 1000/faceDirection farmer 1/pause 1000/speak Shane \"คือ... ผมมีบางอย่าง ที่อยากจะพูดน่ะ... $6#$b#ขอบคุณมากเลยนะ ที่มาเชียร์อยู่เป็นเพื่อน ผมไปทั้งวันเลยนะ.. ความกังวล และความหดหู่ของผม... คุณรู้ใช่มั้ย...$6#$b#คุณมักจะดีกับผมเสมอเลยนะ$6\"/pause 2000/faceDirection farmer 2/pause 4000/speak Shane \"นี่คงจะ... เป็นเกมกริดบอล (gridball) แรกของคุณสินะ ฮ่ะๆ?\"/pause 1000/speak Shane \"$q -1 null#เยี่ยม คุณคิดว่าไงล่ะ?#$r -1 10 event_stadium1#หนวกหูดีนะ... ทำให้ผมนึกถึงความเงียบสงบ ที่หมู่บ้านขึ้นมาเลย#$r -1 10 event_stadium2#ตลกดีนะ... เมืองเพลิแกน ดูเหมือนจะน่าเบื่อมากเลยล่ะ พอมาเทียบกับที่นี่น่ะ\"/stopAnimation Shane/pause 100/jump Shane/showFrame Shane 18/pause 1000/speak Shane \"อ๊าาาา!! ดูนั่นสิ ทีม 'เดอะ ทันเลอร์ (the Tunnelers)' บุกแล้ว!$10\"/showFrame Shane 0/pause 1500/playSound Stadium_cheer/pause 500/showFrame Shane 31/jump Shane/textAboveHead Shane \"โกล!!\"/jump Alex/jump Gus/pause 100/textAboveHead Alex \"เข้าประตู!\"/pause 2000/jump Shane/pause 2000/showFrame Shane 34/positionOffset Shane -2 0/pause 10/positionOffset Shane -2 0/pause 10/positionOffset Shane -2 0/pause 10/positionOffset Shane -2 0/pause 10/positionOffset Shane -2 0/pause 10/positionOffset Shane -2 0/pause 10/positionOffset Shane -2 0/pause 10/positionOffset Shane -2 0/pause 10/positionOffset Shane -2 0/pause 10/positionOffset Shane -2 0/pause 10/showFrame farmer 94/pause 800/showFrame farmer 0/pause 800/faceDirection farmer 1 true/animate farmer false true 100 101/pause 1000/pause 2000/stopAnimation farmer/showFrame Shane 12/positionOffset Shane 2 0/pause 10/positionOffset Shane 2 0/pause 10/positionOffset Shane 2 0/pause 10/positionOffset Shane 2 0/pause 1500/faceDirection Shane 1/speak Shane \"โอ้!...$10\"/move Shane 1 0 1/speak Shane \"อืม... ขอโทษนะ... ฉันตื่นเต้นเกินไปหน่อย$10#$b#ฉันน่าจะมึนมากไปน่ะ...\"/pause 3000/faceDirection Shane 3/pause 800/move farmer 2 0 1/pause 1000/animate farmer false true 100 101/positionOffset farmer 2 0/pause 10/positionOffset farmer 2 0/pause 10/positionOffset farmer 2 0/pause 10/positionOffset farmer 2 0/pause 10/showFrame Shane 18/pause 800/showFrame Shane 0/pause 800/showFrame Shane 34/specificTemporarySprite heart 22 18/pause 3000/viewport move -1 -1 5000/pause 3000/globalFade/viewport -2000 -2000/pause 3000/playMusic none/pause 1000/speak Shane \"เยี่ยม... นี่เป็นเกมที่สุดยอดไปเลย$l\"/pause 2000/speak Shane \"โอ้ ใช่... แถมเราก็ชนะด้วย$l\"/pause 1000/pause 1000/speak Shane \"โชคดี แล้วเจอกันใหม่$6\"/pause 2000/end",
        "520702/a 0 23 0 24/t 600 1600/z spring/z fall/z summer": "winter_day_ambient/-1000 -1000/farmer 0 23 1 Krobus 16 23 3/viewport 14 23 clamp true/addQuest 31/skippable/move Krobus -2 0 3/pause 1000/emote Krobus 16/jump Krobus/pause 500/speed Krobus 8/move Krobus 20 0 1 true/move farmer 2 0 1 true/move false/playSound shadowpeep/warp Krobus -1000 -1000/pause 500/emote farmer 8/pause 1000/end"
    }
}
