{
    "header": {
        "target": "w",
        "formatVersion": 5,
        "hidef": true,
        "compressed": 128
    },
    "readers": [
        {
            "type": "Microsoft.Xna.Framework.Content.DictionaryReader`2[[System.String, mscorlib, Version=4.0.0.0, Culture=neutral, PublicKeyToken=b77a5c561934e089],[System.String, mscorlib, Version=4.0.0.0, Culture=neutral, PublicKeyToken=b77a5c561934e089]]",
            "version": 0
        },
        {
            "type": "Microsoft.Xna.Framework.Content.StringReader",
            "version": 0
        }
    ],
    "content": {
        "Punch": "pause 100/move George 0 -3 3 true/showFrame Morris 12/textAboveHead Morris \"ห๊า!\"/pause 500/speak Morris \"ก็ไม่ยังไงหรอก เราก็แค่จะลดราคาสินค้า 75% เพื่อเป็นการดึงลูกค้าให้ คลานกลับมาหาเรา แล้วนายจะได้เห็นดีกัน!$h\"/shake Pierre 500/pause 1000/move George -5 0 3 true/speak Pierre \"ไม่... ไม่ใช่ตอนนี้มอร์ริส $u#$b#ฉันคิดว่าเราควรจะนั่งลง แล้วคุยเรื่องทั้งหมดกัน ด้วยเหตุผลหน่อยนะ$u\"/pause 500/speak Morris \"โอ้? แล้วนายจะเสนอ อะไรให้ฉันล่ะ?$u\"/playMusic event1/pause 2000/animate Pierre false true 200 20 21/positionOffset Pierre 8 8/pause 1500/speak Morris \"เหอะ! ใช้ความรุนแรงงั้นเหรอ...\"/move Morris 0 1 2/speak Pierre \"ถ้านายกลัว เกินกว่าที่จะสู้กับฉัน งั้นส่งใครมาก็ได้ หรือยกมันมาทั้งบริษัท เลยก็ได้นะ ดีมั้ยล่ะ?$u\"/faceDirection Morris 1 true/pause 50/faceDirection Morris 0/shake Morris 1000/pause 1500/speak Morris \"นายจะพูดอะไรก็ได้... แต่นายทำอะไรกับ ชื่อเสียงของโจจ้าไม่ได้หรอก ! $u\"/speed Morris 4/move Morris 0 -1 3/showFrame Morris 20/positionOffset Morris -4 -4/animate Morris false true 200 20 21/pause 2000/stopAnimation Morris/showFrame Morris 22/playSound clubhit/stopAnimation Pierre/showFrame Pierre 22/pause 500/jump Caroline/textAboveHead Caroline \"ปีแอร์!\"/speed Caroline 4/move Caroline 0 4 1 true/animate Morris false true 200 20 21/animate Pierre false true 200 20 21/pause 1000/jump Robin/showFrame Robin 19/textAboveHead George \"ฮ่า! ต่อยได้สวย!\"/pause 1000/jump Lewis/stopAnimation Morris/showFrame Morris 22/playSound clubhit/shake Pierre 200/stopAnimation Pierre/showFrame Pierre 22/pause 500/animate Morris false true 200 20 21/animate Pierre false true 200 20 21/pause 2000/stopAnimation Morris/showFrame Morris 22/playSound clubhit/shake Pierre 200/stopAnimation Pierre/showFrame Pierre 22/pause 500/jump Caroline/speak Morris \"นายมันปวกเปียก ยิ่งกว่าผักผลไม้ไร้คุณภาพ ของนายซะอีก!$u\"/animate Morris false true 200 20 21/animate Pierre false true 200 20 21/pause 2000/speak Pierre \"นายคงจะออกหมัด สไตล์โจจ้าสินะ...$u#$b# เน้นปริมาณไม่เน้นคุณภาพน่ะ! \"/pause 1000/stopAnimation Morris/showFrame Morris 22/playSound clubhit/shake Pierre 200/stopAnimation Pierre/showFrame Pierre 22/pause 500/animate Morris false true 200 20 21/animate Pierre false true 200 20 21/pause 1000/pause 500/textAboveHead George \"เล่นงานมันเลย! \"/pause 2000/stopAnimation Pierre/stopAnimation Morris/showFrame Pierre 17/showFrame Morris 20/pause 100/showFrame Pierre 18/showFrame Morris 23/playSound clubhit/shake Morris 250/pause 50/showFrame Pierre 17/showFrame Morris 20/pause 1000/showFrame Morris 20/pause 100/showFrame Pierre 18/showFrame Morris 23/playSound clubhit/shake Morris 250/pause 50/showFrame Morris 20/showFrame Pierre 17/pause 1000/showFrame Morris 20/pause 100/showFrame Pierre 18/showFrame Morris 23/playSound clubhit/shake Morris 250/pause 50/showFrame Morris 20/showFrame Pierre 17/pause 1000/shake Pierre 1000/showFrame Morris 19/pause 1000/showFrame Pierre 17/positionOffset Pierre 4 0/pause 100/positionOffset Pierre 4 0/showFrame Pierre 18/pause 100/positionOffset Pierre 4 0/showFrame Pierre 19/playSound clubSmash/warp Morris -2000 -2000/specificTemporarySprite morrisFlying/pause 2000/playSound barrelBreak/showFrame Pierre 4/pause 2000/move Pierre 1 0 0/pause 1000/playSound dwop/faceDirection Pierre 1 true/pause 50/faceDirection Pierre 2/pause 100/showFrame Pierre 23/playSound stoneStep/pause 500/globalFade/viewport -9999 -9999/pause 4000/message \"มอร์ริสและพรรคพวก ร้านโจจ้าของเขา ก็ไม่เคยได้กลับมาอีกเลย\"/pause 500/end position 52 20"
    }
}
