{
    "header": {
        "target": "w",
        "formatVersion": 5,
        "hidef": true,
        "compressed": 128
    },
    "readers": [
        {
            "type": "Microsoft.Xna.Framework.Content.DictionaryReader`2[[System.String, mscorlib, Version=4.0.0.0, Culture=neutral, PublicKeyToken=b77a5c561934e089],[System.String, mscorlib, Version=4.0.0.0, Culture=neutral, PublicKeyToken=b77a5c561934e089]]",
            "version": 0
        },
        {
            "type": "Microsoft.Xna.Framework.Content.StringReader",
            "version": 0
        }
    ],
    "content": {
        "558291/y 3/H": "grandpas_theme/-2000 -1000/farmer 13 23 2/broadcastEvent/addTemporaryActor Grandpa 1 1 -100 -100 2 true/specificTemporarySprite grandpaSpirit/viewport -1000 -1000 true/pause 10000/speak Grandpa \"ถึงหลานชายที่รักของฉัน...^ถึงหลานสาวที่น่ารักของฉัน...#$b#ครั้งสุดท้ายที่พวกเราได้คุยกัน มันก็นานมากแล้วสินะ ตอนนั้นหลานยังเด็ก... ยังจำได้ไหม?^ครั้งสุดท้ายที่พวกเราได้คุยกัน มันก็นานมากแล้ว ตอนนั้นหลานยังเด็ก... ยังจำได้ไหม?#$b#แต่มันก็นานมาก ตอนที่หลานมา!#$b#คิดว่าหลานอาจจะลืมปู่ไป แล้วก็ได้ แต่ปู่ยังอยู่ที่นี่#$b#อย่างที่หลานเห็น... ถึงร่างกายของปู่แย่ขนาดไหน แต่หัวใจของปู่จะยังคงอยู่ที่ สตาร์ดิวแวลลี่ ตลอดไป\"/specificTemporarySprite grandpaNight/pause 4000/speak Grandpa \"หลานมาอยู่ที่นี่ 2 ปีได้แล้ว...\"/grandpaEvaluation/pause 3000/speak Grandpa \"ตอนนี้อนาคตของ %farm อยู่ในมือของหลานแล้ว#$b#ขอให้โชคดีนะ!\"/pause 1000/globalFade/removeTemporarySprites/playMusic none/pause 1000/end bed",
        "558292/e 321777/t 600 620/H": "grandpas_theme/-2000 -1000/farmer 13 23 2/broadcastEvent/addTemporaryActor Grandpa 1 1 -100 -100 2 true/skippable/specificTemporarySprite grandpaSpirit/viewport -1000 -1000 true/pause 10000/speak Grandpa \"ถึงหลานชายตัวน้อยของฉัน...^ถึงหลานสาวที่น่ารักของฉัน...#$b#ปู่ดีใจที่หลานเรียกหาปู่ ครั้งสุดท้ายที่เราได้พบกัน ปู่...อาจจะดุเกินไปหน่อย#$b#ยกโทษให้ปู่ด้วยนะ หลานเป็นคนขยัน และปู่ก็ ภูมิใจในตัวของหลานมากๆ\"/specificTemporarySprite grandpaNight/pause 4000/speak Grandpa \"ปู่จะคอยเฝ้าดูหลาน อยู่ตลอดไปนะ...\"/grandpaEvaluation2/pause 3000/globalFade/removeTemporarySprites/playMusic none/pause 1000/end bed",
        "3917601/f Emily 3500/O Emily/n emilyFiber/A emilyFiber/t 2000 2400/p Emily": "EmilyTheme/-1000 -1000/farmer 8 14 3 Emily 7 14 1/makeInvisible 8 14/viewport -100 -100 true unfreeze/pause 3000/speak Emily \"ยินดีต้อนรับกลับบ้านจ้ะ @ หวังว่าวันนี้จะเป็น วันที่ดีของเธอนะ\"/pause 1000/emote farmer 20/pause 1200/speak Emily \"อืม... ฉันทำโปรเจกต์ลับอันนั้น เสร็จเรียบร้อยแล้วนะ อันที่ฉันยุ่งอยู่ด้วยก่อนหน้านี้น่ะ\"/emote farmer 8/pause 500/speak Emily \"นี่คือชุดใหม่ ที่เย็บขึ้นมาเพื่อเธอเลย!$h\"/pause 500/awardFestivalPrize emilyClothes/pause 500/playSound coin/message \"ได้รับหมวกวิเศษของเอมิลี่ รองเท้าบู๊ทวิเศษของเอมิลี่ เสื้อวิเศษของเอมิลี่ และกางเกงที่เข้าคู่กัน!\"/pause 500/speak Emily \"ฉันรักการเย็บผ้า และการทำงานประดิษฐ์ มาโดยตลอด... ดังนั้นฉันก็เลยคิดว่า มันคงจะดีมากๆ ถ้าฉันทำอะไรซักอย่างให้เธอ ด้วยฝีมือของฉันเอง  ฉันสนุกกับมันมากๆ เลยล่ะ!#$b#หวังว่ามันจะพอดีกับตัวเธอนะ ... แล้วก็หวังว่าเส้นใยที่ฉันใช้ จะไม่ทำให้เธอรู้สึกคันด้วย#$b#นั่นคือรองเท้าบู๊ท หมวก เสื้อ และกางเกง! มันเป็นเสื้อผ้าที่เข้ากัน ได้ดีตั้งแต่หัวจรดเท้าเลยล่ะ\"/pause 800/speak Emily \"ตั้งแต่นี้ไป เวลาเธอสวมเสื้อผ้าพวกนี้ เธอจะได้นึกถึงฉัน... และเธอจะรู้ว่า ฉันรอการกลับมาบ้าน อย่างปลอดภัย ของเธออยู่ตรงนี้เสมอ... โอเคนะ?$l\"/pause 500/faceDirection Emily 2/pause 500/animate Emily false true 250 52 53/pause 250/playSound dwop/positionOffset Emily 4 0/pause 250/pause 250/playSound dwop/positionOffset Emily 4 0/pause 250/pause 250/playSound dwop/positionOffset Emily 4 0/pause 250/pause 250/playSound dwop/positionOffset Emily 4 0/pause 250/pause 250/playSound dwop/positionOffset Emily 4 0/pause 250/pause 250/playSound dwop/faceDirection farmer 2 true/positionOffset Emily 4 0/pause 250/pause 250/playSound dwop/positionOffset Emily 4 0/pause 250/pause 250/playSound dwop/positionOffset Emily 4 0/pause 250/stopAnimation Emily/pause 3000/showFrame Emily 55/pause 500/eyes 1 -4500/pause 3000/fade/viewport -100 -100/pause 500/end dialogue Emily \"ได้เวลานอนแล้วล่ะ\"",
        "3918600/f Sam 3500/O Sam/t 610 1700/p Sam/L": "distantBanjo/-1000 -1000/farmer 35 14 1 Sam 38 14 0/addConversationTopic samJob1 2/skippable/makeInvisible 37 14/makeInvisible 36 14/makeInvisible 35 14/viewport -100 -100 true unfreeze/pause 3000/emote Sam 28/pause 500/move farmer 2 0 1/emote farmer 8/faceDirection Sam 3/pause 400/speak Sam \"โอ้ เฮ้ @ เหมือนว่า เธอจะทำงานหนักมากเลยนะ !\"/pause 100/faceDirection Sam 0/emote Sam 40/pause 500/speak Sam \"คือฉันกำลังคิดว่า...$s#$b#เธอก็รู้ใช่มั้ย ว่าฉันชอบที่จะอยู่ที่นี่ กับเธอมากๆ ฉันหมายถึง... รักเลยแหละ!#$b#แต่ฉันรู้สึกเหมือนฉัน ทำตัวเป็นคนขี้เกียจ ยังไงก็ไม่รู้ ฉันทำแค่อยู่ไปเรื่อยๆ โดยที่ไม่ได้อยากทำอะไรเลย$s\"/pause 500/emote farmer 20/faceDirection Sam 3/speak Sam \"โอ๊ะ ฉันรู้ ว่าเธอไม่ได้สนใจเรื่องนั้น! เธอมีเงินที่ได้จากฟาร์ม มากพอที่ฉันไม่จำเป็น จะต้องทำงาน แล้วฉันก็รู้สึกซาบซึ้งมากเลย!#$b#แต่ฉันอยากจะรู้สึกว่าฉัน จะต้องทำอะไรสักอย่าง... เธอเข้าใจ ว่าฉันหมายถึงอะไรใช่มั้ย?\"/faceDirection Sam 0/pause 400/speak Sam \"ดังนั้น... ฉันเลยคิดว่า ฉันจะพยายามลองหางานดู... อะไรซักอย่างที่เกี่ยวกับดนตรี#$b#ดนตรีเป็นสื่งที่ฉันรักที่สุด มาตลอดเลย!$h#$b#โอ๊ะ เอ้อ... นอกจากเธอน่ะนะ จริงๆ นะ!$8#$b#Heh...$10\"/faceDirection Sam 3/speak Sam \"ยังไงก็ตามเถอะ... ฉันจะคอยบอกเธอนะ ว่ามันคืบหน้าไปยังไงบ้าง!\"/emote farmer 32/pause 500/end",
        "3918601/e 3918600/O Sam/t 610 1700/A samJob1/p Sam/L": "distantBanjo/-1000 -1000/farmer 37 14 1 Sam 38 14 0/addConversationTopic samJob2 2/skippable/makeInvisible 37 14/animate Sam false true 400 43 51/viewport -100 -100 true unfreeze/pause 4000/stopAnimation Sam/showFrame Sam 39/pause 400/jump Sam/emote Sam 16/pause 500/speak Sam \"เฮ้ @ ลองฟังนี่ดูสิ!$8\"/pause 500/stopAnimation Sam/animate Sam false true 400 43 51/pause 500/speak Sam \"'ถึงแซม พวกเรายินดีที่จะ เสนอตำแหน่ง 'นักแต่งเพลงฝึกหัด' ของกลุ่มงานออกอากาศซูซู (Zuzu Broadcasting Group) ในส่วนของงานโทรทัศน์ ให้กับคุณ...'$6#$b#ว้าว! ทำเพลงให้กับรายการทีวี! มันเจ๋งเกินไปรึเปล่าเนี่ย?!$h\"/pause 500/emote Sam 40/pause 1000/textAboveHead Sam \"โอ้...\"/animate Sam false true 400 43 51/pause 1000/speak Sam \"โอ้... เดี๋ยวก่อนนะ...$s#$b#... มันเป็นรายการทีวี สำหรับเด็กนี่... 'รายการจูนิโม่สุขสันต์'$s\"/emote Sam 28/pause 1000/speak Sam \"มันไม่ใช่ อย่างที่ฉันคิดไว้เลย...$s\"/stopAnimation Sam/showFrame Sam 0/pause 300/faceDirection Sam 3/pause 1000/quickQuestion #คิดซะว่านี่คือก้าวแรกของ งานที่นายคาดหวังสิ...#ลองคิดดูสิว่า นายจะทำให้พวกเด็กๆ มีความสุขได้มากแค่ไหน!#เสียใจด้วยนะ...(break)pause 100\\speak Sam \"อืม... นั่นสินะ เป็นอีกหนึ่งวิธีคิดที่ดีเลย $7\"(break)pause 100\\speak Sam \"ฉันคิดว่า...เธอพูดถูกนะ มันต้องมีคนที่จะต้อง ทำเพลงให้เด็กๆ แต่นี่มันก็ไม่ใช่ 'งานในฝัน' ของฉันหรอกนะ...$7\"(break)pause 100\\speak Sam \"อา ไม่เป็นไร... มันก็โอเคอยู่ ฉันจะพยายามทำให้ดีที่สุดเลย เหมือนที่ฉันทำตลอดนั่นแหละ $7\"/pause 1000/faceDirection Sam 0/speak Sam \"ฉันคิดว่าฉันควรเริ่มที่จะ'คิดอะไรๆ ให้เหมือนกับเด็ก'...\"/quickQuestion #เป็นเรื่องง่ายๆ สำหรับเธออยู่แล้ว...#ลองขอความช่วยเหลือจาก น้องชายของนายดูสิ!(break)animate Sam false true 100 33\\shake Sam 4000\\pause 500\\textAboveHead Sam \"เฮ้!\"\\faceDirection farmer 2 true\\animate farmer false true 200 102 103(break)pause 100\\speak Sam \"อืม... เป็นความคิดที่ไม่เลว อย่างน้อยฉันก็ สามารถเล่นเพลงของฉัน ให้เขาลองฟังดูได้ ว่าเขาชอบมั้ย#$b#ขอบคุณสำหรับคำแนะนำนะ @ $10\"/pause 2000/end dialogue Sam \"ฉันคงจะยุ่งอยู่กับ งานนนี้ซักพักล่ะนะ \"",
        "3918602/e 3918601/O Sam/t 610 1700/A samJob2/p Sam/L": "none/-1000 -1000/farmer 37 14 1 Sam 38 14 3/addConversationTopic samJob3 3/skippable/makeInvisible 37 14/viewport -100 -100 true unfreeze/pause 2000/speak Sam \"เฮ้ @ เพลงของฉันมัน เริ่มคืบหน้าแล้วนะ... ลองฟังดูสิ\"/pause 400/faceDirection Sam 2/animate Sam false true 400 52 53/playMusic sam_acoustic2/pause 26000/stopAnimation Sam/showFrame Sam 52/pause 1000/showFrame Sam 0/faceDirection Sam 3/speak Sam \"ตอนนี้มันค่อนข้าง จะยังไม่ค่อยมีอะไรมาก... แต่พอฉันเพิ่มเสียง เครื่องดนตรีทุกชนิดลงไป มันจะออกมาพอดีเลยแหละ เดี๋ยวเธอจะได้เห็น \"/emote farmer 32/speak Sam \"เธอรู้อะไรมั้ย... รายการสำหรับเด็กนี่ ไม่ได้ทำให้ฉันหัวเสีย สักเท่าไหร่แล้วแหละ#$b#มันจะต้องค่อยๆ เริ่มทำจากจุดไหนสักจุด ใช่มั้ยล่ะ?#$b#และ เฮ้ ไม่แน่นะ ฉันอาจจะเป็นที่ต้องการมากๆ ในวงการคอนเสิร์ต สำหรับเด็กก็ได้!$h\"/emote farmer 56/pause 1200/end dialogue Sam \"เพลงตัวเต็มจะมาอยู่ในมือฉัน เร็วๆ นี้แหละ ฉันหวังว่าพวกเด็กๆ จะรักมันนะ!\"",
        "3918603/e 3918602/O Sam/t 610 1700/A samJob3/p Sam/L": "distantBanjo/-1000 -1000/farmer 36 17 0 Sam 36 14 2 Jas 38 17 0 Vincent 37 17 0/skippable/makeInvisible 37 17/makeInvisible 38 17/makeInvisible 36 17/specificTemporarySprite samTV/viewport -100 -100 true unfreeze/pause 2000/speak Vincent \"ผมตื่นเต้นสุดๆ ไปเลยแซม!\"/jump Vincent/pause 1000/speak Sam \"โอเค โอเค วินซ์... พี่กำลังจะเปิดเพลง เดี๋ยวนี้แหละ $h#$b#เอาล่ะ ตอนนี้นายต้องตั้งใจฟังให้ดีนะ นายจะได้บอกพี่ได้ ว่านายชอบมันมั้ย โอเคนะ?\"/pause 500/jump Vincent/textAboveHead Vincent \"โอเคฮะ!\"/pause 1500/playMusic none/faceDirection Sam 1/pause 3000/playSound openBox/pause 2000/playMusic sam_acoustic1/pause 1000/specificTemporarySprite junimoShow/pause 2000/faceDirection Sam 2 true/pause 9000/animate Vincent false true 100 8 21 8 20/pause 11000/animate Jas false true 100 8 9 10 11/pause 23000/stopAnimation Jas/stopAnimation Vincent/jump Vincent/pause 800/jump Jas/pause 500/jump Vincent/pause 800/jump Jas/pause 500/jump Vincent/pause 800/jump Jas/pause 500/speak Jas \"หนูชอบมันมากเลยค่ะ!$h\"/textAboveHead Vincent \"ผมด้วย!\"/pause 1500/jump Sam/pause 1000/emote Sam 20/pause 500/speak Sam \"ว้าว! ฉันไม่ได้คาดหวัง ว่าจะได้รับการตอบรับที่ดี ขนาดนี้นะเนี่ย!$8#$b#มันยอดไปเลย! นี่มันเกินคาดจริงๆ!$h\"/pause 50/faceDirection Vincent 1 true/faceDirection Jas 3 true/move Sam 0 2 2/move Sam -1 0 2/move Sam 0 1 1/faceDirection farmer 3/speak Sam \"เฮ้ ขอบคุณสำหรับทุกๆ การสนับสนุนที่เธอให้ฉันนะ#$b#เธอรู้มั้ย... ฉันชักจะชอบ ทำเพลงเด็กแล้วล่ะ มันไม่ได้น่าตื่นตาตื่นใจ แต่ฉันก็ทำให้พวกเด็กๆ ได้มีความสุขกันสุดๆ นั่นแหละคือสิ่งที่สำคัญ!$h\"/pause 100/emote farmer 20/pause 500/speak Sam \"นี่ ฉันอยากจะมอบสิ่งนี้ให้เธอ มันคือเครื่องเล่นเทป ที่ใส่เพลงเอาไว้แล้ว... เธอจะได้ฟังมัน เมื่อไหร่ก็ได้ที่เธอต้องการ\"/pause 500/faceDirection farmer 2/itemAboveHead samBoombox/pause 4200/awardFestivalPrize samBoombox/pause 1500/end dialogue Sam \"ฉันดีใจนะที่เพลงของฉัน ทำให้คนอื่นมีความสุขได้...\"",
        "3917666/f Maru 3500/O Maru/t 610 1700/p Maru/d Sun/z winter": "sweet/-1000 -1000/farmer 8 14 3 Maru 7 14 1/makeInvisible 8 14/viewport -100 -100 true unfreeze/pause 3000/speak Maru \"ว่าไงที่รัก#$b#คืนพรุ่งนี้จะมีปรากฏการณ์ ทางดาราศาสตร์ ที่หาดูได้ยากมากๆ เกิดขึ้นด้วยล่ะ... ดาวหางจะโคจร เข้าใกล้โลกของเรามากๆ เลย!#$b#ฉันกำลังคิดว่า... เราน่าจะมาดูมันด้วยกันนะ?$l\"/pause 100/emote farmer 32/speak Maru \"เยี่ยม!$h#$b#มาเจอฉันบนภูเขา ตอนเที่ยงคืนของวันพรุ่งนี้นะ#$b#แต่ถ้าฝนตก เราค่อยไปดูใหม่คืนถัดไป... ดาวหางจะปรากฏให้เห็น อยู่หลายคืนเลย\"/pause 500/pause 500/end",
        "3912132/e 3912126/O Elliott/A elliottGone": "spring_day_ambient/-1000 -1000/farmer 27 13 2 Elliott 25 13 1/fade unfade/makeInvisible 25 13/makeInvisible 26 13/makeInvisible 20 4/makeInvisible 22 4/eyes 1 -6000/viewport -100 -100 true unfreeze/pause 3000/emote farmer 24/pause 2000/speak Elliott \"@... ผมกลับมาแล้ว...\"/jump farmer/pause 1000/move farmer -1 0 3/animate Elliott true true 100 35/animate farmer true true 100 101/positionOffset farmer -16 0/specificTemporarySprite heart 63 15/pause 2000/stopAnimation Elliott/showFrame Elliott 4/stopAnimation farmer/pause 1000/speak Elliott \"อา... ผมคิดถึงคุณจังเลย$l#$b#แค่เมืองใหญ่เมืองเดียว ผมก็รู้สึกว่าพอแล้วล่ะ... ผมอยากจะกลับมาอยู่กับคุณ ที่นี่มากกว่า!\"/emote farmer 20/pause 300/speak Elliott \"เอาล่ะ ผมคิดว่า กิจวัตรประจำวันแบบเดิม กลับมาแล้ว!$h#$b#ผมมีงานบ้าน ที่จะต้องสะสาง...\"/pause 1000/end dialogue Elliott \"มันรู้สึกดีนะ ที่ได้กลับมา...\"",
        "3917626/f Harvey 3500/O Harvey/t 2000 2400/p Harvey/L": "harveys_theme_jazz/-1000 -1000/farmer -100 -100 0 Harvey 7 14 0/skippable/ambientLight 0 0 0/makeInvisible 4 14 6 1/specificTemporarySprite harveyKitchenSetup/viewport 7 14 true/pause 3000/showFrame Harvey 19/playSound clank/shake Harvey 200/pause 450/playSound clank/shake Harvey 200/pause 450/playSound clank/shake Harvey 200/pause 750/showFrame Harvey 53/pause 100/playSound sipTea/pause 1000/textAboveHead Harvey \"ต้องเติมเกลือ...\"/stopAnimation Harvey/pause 800/move Harvey -1 0 0/pause 2000/showFrame Harvey 19/playSound bubbles/pause 1000/playSound bubbles/pause 2000/stopAnimation Harvey/move Harvey 1 0 0/pause 2000/playSound furnace/specificTemporarySprite harveyKitchenFlame/pause 500/jump Harvey/pause 500/textAboveHead Harvey \"มันกำลังไหม้แล้ว!\"/pause 500/speed Harvey 8/move Harvey -2 0 0/pause 100/speed Harvey 8/move Harvey 2 0 0/pause 100/speed Harvey 8/move Harvey -2 0 0/pause 100/speed Harvey 8/move Harvey 2 0 0/pause 3000/move Harvey 2 0 0/pause 500/showFrame Harvey 19/playSound openChest/pause 1000/textAboveHead Harvey \"หืม...\"/pause 3000/stopAnimation Harvey/move Harvey -2 0 0/pause 500/showFrame Harvey 19/textAboveHead Harvey \"ใส่อันนี้นิดหน่อย...\"/playSound dropItemInWater/pause 2000/stopAnimation Harvey/move Harvey -3 0 0/pause 1000/showFrame Harvey 19/playSound coin/pause 500/stopAnimation Harvey/move Harvey 3 0 0/pause 250/showFrame Harvey 19/pause 500/textAboveHead Harvey \"อันนี้ซักนิด...\"/pause 600/playSound slosh/pause 2000/showFrame Harvey 53/pause 200/playSound sipTea/pause 2000/showFrame Harvey 4/jump Harvey/textAboveHead Harvey \"เพรสโต!\"/pause 2000/warp farmer 12 20/playSound doorClose/move farmer 0 -1 0/pause 500/stopAnimation Harvey/faceDirection Harvey 2/speak Harvey \"อา... คุณมาทันเวลาพอดีเลย @!$h#$b#ให้ผมจัดโต๊ะแป๊ปนึงนะ...\"/pause 300/fade/viewport -1000 -1000/pause 2000/playMusic none/pause 3000/makeInvisible 5 14 4 2/ambientLight 180 180 0/playMusic kindadumbautumn/showFrame Harvey 51/positionOffset Harvey -8 0/faceDirection farmer 1/showFrame 117/specificTemporarySprite harveyDinnerSet/pause 4000/speak Harvey \"คุณทำงานในฟาร์มหนักมาก ... ผมเลยอยากจะ ทำมื้อค่ำแสนพิเศษให้คุณ\"/emote farmer 20/speak Harvey \"นี่คือเมนูพิเศษของผม 'พาสต้าผมนางฟ้าพรีมาวีรา (angel hair pasta primavera)'... ที่ใส่หอยกาบด้วย!$h\"/animate Harvey false true 300 51 52/pause 300/playSound eat/pause 600/playSound eat/pause 600/playSound eat/pause 500/animate Harvey false true 100 51/quickQuestion #อร่อย จนเหมือนได้ขึ้นสวรรค์เลย#ฉันรู้สึกว่า นี่คืออาหารเพื่อสุขภาพ#รู้สึกว่า มันค่อนข้างจะแฉะไปหน่อยนะ#ฉันว่ามันไหม้นะ#รสชาติเหมือน หนวดของนายเลย#รสชาติเหมือนเห็ด(break)speak Harvey \"เหมือนขึ้นสวรรค์เหรอ หื้ม? ต้องเป็นเพราะ 'angel hair' พาสต้าที่เหมือน เส้นผมของนางฟ้าแน่ๆ!$h#$b#ผมดีใจที่คุณชอบมันนะ! คุณคู่ควรกับของที่ดีที่สุด$l\"(break)speak Harvey \"โอ้ ใช่แล้ว ผมลืมบอกคุณไป... มันเป็นพาสต้าโฮลวีท หมายถึงทำมาจาก ข้าวสาลีทั้งเมล็ดน่ะ แล้วก็เติมด้วยผักสดๆ จนพูน#$b#การที่คุณได้กินอาหาร ที่ดีต่อสุขภาพ มันเป็นเรื่องสำคัญมากๆ เลยล่ะ! ผมอยากจะให้คุณ มีอายุยืนยาว อยู่แบบนี้ไปตลอด...$l\"(break)speak Harvey \"โอ้... ผมเข้าใจล่ะ ผมรู้ ผมควรจะเติมเกลือ ลงไปมากกว่านี้หน่อย$s#$b#อย่างน้อย คุณก็จะไม่ขาดน้ำล่ะนะ$s\"(break)emote Harvey 28\\speak Harvey \"โอ้... ผมคิดว่า ผมเอาส่วนที่ไหม้ มากินเองซะอีก$s#$b#อืม ผมลืมคิดไป ว่ามันไหม้ที่กระทะด้วย... ขอโทษนะที่รัก$s\"(break)jump Harvey\\pause 500\\speak Harvey \"เอ่อ...! เฮ้ ผมคิดว่า หนวดของผมคงร่วง ลงไปในพาสต้าน่ะ...$8#$b#ก็ดี! ถือว่าเป็นการเพิ่มเส้นใย ใช่มั้ยล่ะ? แหะๆ... (ขอโทษนะครับที่รัก)$8\"(break)jump Harvey\\pause 400\\speak Harvey \"โอ้! เอ่อ... จะต้องเป็น น้ำมันเห็ดทรัฟเฟิล ที่ผมเหยาะลงไปข้างบนแน่ๆ ...$8#$b#คุณหมายถึง เห็ดที่กินได้และอร่อยด้วย... ใช่ไหมที่รัก? แน่นอนอยู่แล้วเนอะ... ฮิฮิ$8\"/pause 2000/animate Harvey false true 300 51 52/speak Harvey \"เอาล่ะ วันนี้เป็นยังไงบ้าง เล่าให้ผมฟังหน่อยสิ...\"/quickQuestion #ฉันตั้งใจทำฟาร์ม#ฉันขุดนู่นขุดนี่ในถ้ำไปทั่ว#ตกปลาทั้งวันเลย#ไปสานสัมพันธ์ กับคนในหมู่บ้านมา#ฉันทำทุกอย่าง อย่างละนิดละหน่อย#จำไม่ได้แล้วอ่ะ#ฉันไม่ได้ทำอะไรเลย(break)speak Harvey \"ครับ ผมยังเห็นฝุ่น เปื้อนผมของคุณอยุ่เลย! ผมซาบซึ้งใจ กับงานหนักต่างๆ ที่คุณทำมากนะที่รัก\"(break)speak Harvey \"มันฟังดูอันตรายนะ... คุณแน่ใจนะว่ามันปลอดภัย?$8#$b#ผมไม่อยากจะเห็นคุณ บนเตียงผ่าตัดเร็วๆ นี้หรอกนะ...$s#$b#ถึงผมจะต้องยอมรับ ว่าผมชอบที่คุณกล้าหาญ ขนาดนั้นก็เถอะ...$l\"(break)speak Harvey \"วันสบายๆ ริมน้ำสินะ หื้ม? ฟังดูผ่อนคลายดีนะครับ#$b#ผมดีใจที่คุณได้ออกไปสนุกนะ!$h\"(break)speak Harvey \"อา นั่นมันดีมากเลย มีชีวิตทางสังคม ที่ไม่หงอยเหงา มันทำให้สมองคุณมีสุขภาพดี#$b#แต่อย่าลืมนะครับ ถ้าคุณอยากจะคุยกับใครซักคน ผมอยู่ตรงนี้เพื่อคุณเสมอนะ!$l\"(break)speak Harvey \"นั่นมันเข้าท่าดีนะ ในหุบเขานี้ มีอะไรให้ทำตั้งหลายอย่าง... และผมก็รู้ ว่าคุณทำงานหนักแค่ไหน#$b#แค่จำเอาไว้ว่า อย่าลืมพักบ้างนะครับ! เวลาที่คุณยุ่งมากๆ มันง่ายที่คุณจะหมดไฟ จากความเหนื่อยล้า\"(break)speak Harvey \"อา... ผมก็มีปัญหานั้นเหมือนกัน ความทรงจำของแต่ละวัน อาจจะเบลอมาปนกันได้... มันยากที่เราจะตั้งใจจำ ทุกอย่างที่เราทำ!\"(break)speak Harvey \"วันหยุดเหรอ อื้ม? ผมดีใจ ที่ได้ยินอย่างนั้น#$b#เอาล่ะ ด้วยวันหยุดและมื้อค่ำ ที่ดีต่อสุขภาพ พลังของคุณจะเต็มเปี่ยม เพื่อวันพรุ่งนี้\"/pause 1000/stopAnimation Harvey/showFrame Harvey 51/speak Harvey \"ฟิ้วว... ผมอิ่มมาก! มันเยี่ยมไปเลย...\"/emote farmer 20/pause 1000/playMusic nightTime/speak Harvey \"เดี๋ยวผมล้างจานชาม พวกนี้เอง...\"/pause 400/emote farmer 60/pause 250/speak Harvey \"อย่ารู้สึกแย่ไปเลยที่รัก... ผมชอบที่จะทำสิ่งดีๆ ให้คุณนะ! มันทำให้ผมมีความสุข\"/pause 1000/speak Harvey \"ผมรู้ว่าผมพูดอย่างนี้บ่อยมาก แต่...การแต่งงานกับคุณ เป็นสิ่งที่ดีที่สุด ที่เคยเกิดขึ้นกับผม!$l\"/emote farmer 20/pause 1000/fade/viewport -100 -100/end dialogue Harvey \"มันคือการเติมเต็มน่ะ ผมจะต้องหลับสบายแน่ๆ...\"",
        "4325434/f Penny 3500/O Penny/t 1500 1900/p Penny": "sweet/-1000 -1000/farmer 11 14 3 Penny 8 14 0/animate Penny false true 250 24 25/makeInvisible 5 5 5 1/makeInvisible 8 14 5 1/viewport -100 -100 true unfreeze/move farmer -2 0 3/pause 1000/stopAnimation Penny/pause 20/playSound thudStep/pause 250/faceDirection Penny 1/pause 50/animate Penny true true 100 20/pause 1000/stopAnimation Penny/faceDirection Penny 1/pause 200/speak Penny \"ยินดีต้อนรับกลับบ้านจ้ะ... วันนี้เป็นยังไงบ้างเอ่ย?\"/quickQuestion #ก็ดีนะ#ไม่ค่อยดีเท่าไหร่...#สุดเจ๋ง!(break)speak Penny \"แค่ยุ่งเหมือนทุกที ใช่มั้ยล่ะ?#$b#มาเร็ว ฉันมีอาหารสูตรใหม่ อยู่ในเตาอบแน่ะ ไม่แน่ว่าอะไรๆ อาจจะดูน่าตื่นเต้น ขึ้นมานิดหน่อยก็ได้นะ!$h\"(break)emote Penny 28\\speak Penny \"โอ้ ฉันขอโทษนะ!$s#$b#แต่ยังไงก็ตาม คุณก็กลับมาแล้ว... ฉันจะทำให้ดีที่สุด เพื่อคุณจะได้รู้สึกดีขึ้นเลยล่ะ\"(break)speak Penny \"นั่นเยี่ยมไปเลย! ฉันดีใจที่คุณมีความสุข กับงานนะจ๊ะ$h\"/speak Penny \"ฉันดีใจที่คุณกลับมาบ้านนะ$l\"/pause 500/animate Penny false true 100 35/animate farmer true true 100 101/positionOffset farmer -8 0/positionOffset Penny 8 0/pause 1500/positionOffset Penny -8 0/stopAnimation Penny/showFrame Penny 4/stopAnimation farmer/pause 1000/speak Penny \"โอ้ คุณมีกลิ่น เหมือนกับธรรมชาติเลย...$l#$b#มันดีจังเลย...$11\"/pause 1000/animate Penny false true 150 4 5 6 7/positionOffset Penny 2 0/pause 100/positionOffset Penny 2 0/pause 100/positionOffset Penny 2 0/pause 100/positionOffset Penny 2 0/pause 100/positionOffset Penny 2 0/pause 100/positionOffset Penny 2 0/pause 100/positionOffset Penny 2 0/pause 100/positionOffset Penny 2 0/pause 100/positionOffset Penny 2 0/pause 100/positionOffset Penny 2 0/stopAnimation Penny/showFrame Penny 21/pause 800/speak Penny \"คุณรู้มั้ย... ฉันซาบซึ้งใจมากนะ ที่คุณทำงานหนัก เพื่อครอบครัวของเรา#$b#ดันนั้น ช่วงเวลาที่คุณกลับมาบ้าน มันเลยสำคัญกับฉันมาก บ้านทั้งน่าอยู่ ให้ความรู้สึกสบาย และทุกอย่างก็ เป็นระเบียบเรียบร้อย!\"/emote farmer 20/speak Penny \"ฉันกำลังคิดว่า... ฉันอยากจะใช้ เครื่องประดับที่ฉันทำเอง ตกแต่งห้องนอนใหม่!#$b#แต่ฉันจะต้องมาถามคุณก่อน...$11\"/quickQuestion คุณชอบการตกแต่ง แบบไหนงั้นเหรอ?#ป่าไม้และดวงจันทร์: สีน้ำเงินที่สงบสุข#บ้านสตรอว์เบอร์รี#ธีมโจรสลัด#ฉันไม่อยากจะเปลี่ยน!(break)addConversationTopic pennyRedecorating 2\\addMailReceived pennyQuilt0\\speak Penny \"อา... อะไรที่ช่วยให้จิตใจสงบ ได้เลย!#$b#ให้เวลาฉันซักสองสามวันนะ#$b#ฉันไม่อยากจะไปยุ่ง กับหีบของคุณนะ แต่มันจะดีมากเลย ถ้าคุณช่วยย้ายมัน ออกมาจากห้องนอน\"(break)addConversationTopic pennyRedecorating 2\\addMailReceived pennyQuilt1\\speak Penny \"สิ่งที่อบอุ่นและดึงดูดใจ อื้ม? ฉันชอบมันนะ!#$b#งั้นก็ให้เวลาฉัน สักสองสามวันนะ#$b#ฉันไม่อยากจะไปยุ่ง กับหีบของคุณนะ แต่มันจะดีมากเลย ถ้าคุณช่วยย้ายมัน ออกมาจากห้องนอน\"(break)addConversationTopic pennyRedecorating 2\\addMailReceived pennyQuilt2\\speak Penny \"เฮ้... โอเค อะไรก็ตามที่คุณชอบที่รัก$h#$b#งั้นก็ให้เวลาฉัน สักสองสามวันนะ#$b#ฉันไม่อยากจะไปยุ่ง กับหีบของคุณนะ แต่มันจะดีมากเลย ถ้าคุณช่วยย้ายมัน ออกมาจากห้องนอน\"(break)addMailReceived noQuilt\\speak Penny \"โอ้! โอเค... ถ้าอย่างนั้น ฉันจะไม่คิดเรื่องพวกนั้นอีก$s\"/pause 500/showFrame Penny 4/playSound crystal/jump Penny/pause 500/speak Penny \"โอ้! ขนมปังอบใหม่ พร้อมทานแล้วล่ะ\"/faceDirection Penny 3/animate Penny false true 150 12 13 14 15/positionOffset Penny -4 0/pause 50/positionOffset Penny -4 0/pause 50/positionOffset Penny -4 0/pause 50/positionOffset Penny -4 0/pause 50/stopAnimation Penny/move Penny -1 0 0/faceDirection Penny 0/pause 100/showFrame Penny 29/pause 150/showFrame Penny 30/playSound openChest/pause 1300/showFrame Penny 28/playSound coin/emote farmer 20/move farmer -1 0 3/farmerEat 203/showFrame Penny 4/pause 2000/playSound gulp/emote Penny 32/pause 1000/faceDirection farmer 3/end dialogue Penny \"ทำตัวตามสบายนะที่รัก\"",
        "4324303/e 4325434/O Penny/A pennyRedecorating/l noQuilt": "spring_day_ambient/-1000 -1000/farmer 27 13 0 Penny 26 13 1/fade unfade/makeInvisible 26 13/makeInvisible 20 4/eyes 1 -10/positionOffset farmer 0 8/viewport -100 -100 true unfreeze/pause 1000/emote farmer 24/pause 3000/showFrame Penny 21/startJittering/pause 500/stopJittering/showFrame Penny 4/pause 500/speak Penny \"@... อรุณสวัสดิ์จ้ะ...$11\"/pause 1000/showFrame Penny 21/startJittering/pause 500/stopJittering/showFrame Penny 4/pause 500/faceDirection farmer 3/emote Penny 32/pause 500/faceDirection farmer 2/emote farmer 16/jump farmer/pause 1000/animate Penny false true 150 4 5 6 7/positionOffset Penny 2 0/pause 100/positionOffset Penny 2 0/pause 100/positionOffset Penny 2 0/pause 100/positionOffset Penny 2 0/pause 100/positionOffset Penny 2 0/pause 100/positionOffset Penny 2 0/pause 100/positionOffset Penny 2 0/pause 100/positionOffset Penny 2 0/pause 100/positionOffset Penny 2 0/pause 100/positionOffset Penny 2 0/stopAnimation Penny/showFrame Penny 21/pause 500/speak Penny \"รู้สึกถึงอะไรที่นุ่มผิดปกติมั้ย? ฉันเย็บผ้าคลุมเตียงผืนนี้ ด้วยตัวเองเลยล่ะนะ$11\"/eyes -1 2000/startJittering/pause 2000/stopJittering/speak Penny \"แล้ว คุณคิดว่าเป็นยังไงบ้างคะ?$11\"/quickQuestion #ดูดีมากเลย!#ฉันไม่ชอบมัน(break)emote Penny 20\\speak Penny \"ฉันดีใจที่คุณชอบมันนะ บ้านหลังนี้เริ่มที่จะ อบอุ่นน่าอยู่ขึ้นมาอีกหน่อย แล้วแหละค่ะ ใช่มั้ยล่ะ?$h\"\\faceDirection Penny 2\\faceDirection farmer 2\\emote farmer 20\\faceDirection farmer 3\\faceDirection Penny 1\\pause 1000\\animate Penny false true 100 35\\animate farmer true true 100 101(break)emote Penny 28\\speak Penny \"โอ... โอเค$s#$b#ฉันเก็บพวกเฟอร์นิเจอร์เก่าๆ ไปไว้ในหีบนะคะ... ถ้าอยากจะเปลี่ยนกลับ เป็นของพวกนั้น ก็ไม่ต้องกังวลนะ...$s\"\\faceDirection Penny 3/pause 3000/fade/viewport -1000 -1000/pause 500/message \"เพนนีทำงานหนักไปทั่วบ้าน...\"/pause 500/message \"รู้สึกเหมือนอยู่บ้านจริงๆ เลยค่ะ!\"/pause 2000/end",
        "8675611/e 6184643/O Haley/A haleyCakewalk1/t 620 1700/p Haley": "continue/-1000 -1000/farmer 8 14 3 Haley 7 14 1/makeInvisible 8 14/addQuest 127/addConversationTopic haleyCakewalk2 0/skippable/viewport -100 -100 true unfreeze/pause 3000/speak Haley \"สวัสดีที่รัก#$b#เฮ้... คือฉันมีไอเดียจะมาเสนอ... ฉันอยากจะให้ทุกคน มาร่วมงานเดินการกุศลกันล่ะ\"/pause 500/emote farmer 8/pause 1000/speak Haley \"เอ้อ... มันเป็นอะไรที่คล้ายๆ กับเก้าอี้ดนตรีน่ะ แต่ทุกคนจะชนะ และได้รับเค้ก! เดี๋ยวเธอก็จะเห็นเอง...$h#$b#วันที่จัดงาน ก็คือวันที่จตุรัสกลางเมือง มีท้องฟ้าสดใสล่ะ#$b#อืม... คุณพอจะเอา เค้กช็อกโกแลตมาได้มั้ย?\"/quickQuestion คุณเห็นด้วยมั้ย ที่จะเอาเค้กช็อกโกแลตไปน่ะ ?#เห็นด้วยสิ#เห็นด้วยอีกนั่นแหละ ไม่ได้แปลผิด(แบบอิจฉา)(break)speak Haley \"เยี่ยม! พรุ่งนี้ฉันจะไปเจอคุณ ที่จตุรัสกลางเมืองนะ ถ้าอากาศเป็นใจล่ะก็นะ$h\"\\animate Haley false true 100 28\\animate farmer true true 100 101\\positionOffset Haley 8 0\\positionOffset farmer -8 0(break)emote Haley 12\\speak Haley \"ความคิดนี้เป็นยังไงบ้างจ๊ะ?$3#$b#เอาล่ะ พรุ่งนี้คุณจะต้องมา พร้อมกับเค้กช็อกโกแลตนะ ไม่งั้นก็ไปนอนที่บ้านเจ้าตูบ คุณชอบแบบนั้นมากกว่ามั้ยล่ะ?$3\"/pause 2000/fade/viewport -1000 -1000/end dialogue Haley \"ฉันจะเอาเค้กสีชมพูมาล่ะ\"",
        "9333220/e 9333219/O Sebastian/A sebastianFrog/t 620 1900": "distantBanjo/-1000 -1000/farmer 36 15 2 Sebastian 37 15 2/addWorldState sebastianFrog/addConversationTopic sebastianFrog2 6/specificTemporarySprite sebastianFrogHouse/skippable/makeInvisible 29 6 4 4/makeInvisible 35 15 4 4/viewport -100 -100 true unfreeze/pause 3000/faceDirection farmer 1/emote farmer 8/speak Sebastian \"เพื่อนตัวน้อยของเรา ทำได้ดีมากเลยล่ะ เห็นมั้ย?\"/pause 500/faceDirection farmer 2/pause 250/showFrame farmer 4/pause 800/showFrame Sebastian 51/playSound thudStep/pause 800/speak Sebastian \"...แต่ผมไม่คิดว่า เขาจะกลับไปอยู่ในธรรมชาติ ได้ปกตินะ... เขาไม่ไวพอ ที่จะหลบหนีจากผู้ล่า อีกต่อไปแล้ว#$b#...ผมก็เลยทำที่อยู่นี่ให้เขา#$b#เขาดูมีความสุขนะ ว่ามั้ย?$h\"/pause 400/emote farmer 32/pause 500/showFrame farmer 0/pause 400/faceDirection farmer 1/speak Sebastian \"ผมอยากรู้จัง ว่าเขารู้สึกเหงาอยู่รึเปล่า เฮ้อ...\"/pause 500/faceDirection farmer 2/pause 600/quickQuestion #ทำไมไม่สร้างที่หลบภัย ของกบขึ้นมาล่ะ?#เขาจะต้องปลอดภัย(break)speak Sebastian \"...สรวงสวรรค์ของพวกกบ และคางคก ที่พวกมันสร้างขึ้นมาเองไม่ได้ งั้นเหรอ? เป็นไอเดียที่ไม่เลวเลยนะ\"(break)speak Sebastian \"เขาดูเข้มแข็งอยู่นะ แต่ถ้าผมยังเจอ กบตัวอื่นอยู่ล่ะก็ คิดว่าปล่อยเขาไป กับเพื่อนน่าจะดีกว่า\"/faceDirection farmer 1/pause 1200/quickQuestion #ทำไมคุณถึงชอบกบจังเลย?#ฉันไม่ค่อยอยากให้เจ้านี่ มาอยู่ในบ้าน#ฉันดีใจที่นายได้งานอดิเรก งานใหม่นะ(break)speak Sebastian \"อืม... คือแบบนี้นะ ผมชอบที่จะออกไปข้างนอก ในวันฝนตก เพราะแบบนั้น ก็เลยเจอกบเยอะแยะ#$b#เลยรู้สึกผูกพันกับเจ้าตัวเล็กๆ พวกนี้น่ะ\"\\faceDirection farmer 1 true\\emote farmer 20(break)emote Sebastian 12\\showFrame Sebastian 12\\pause 400\\speak Sebastian \"เอาล่ะ นี่มันไม่ใช่เรื่อง ที่จะมาเถียงกัน มุมนี้ของบ้านเป็นของผม และผมสามารถทำอะไรก็ได้ ที่ผมอยากทำ\"\\showFrame Sebastian 0(break)speak Sebastian \"ใช่แล้ว มันจะต้องสนุกมาก ผมใช้เวลาส่วนใหญ่ ไปกับคอมพิวเตอร์  มันก็เลยดีที่จะมีงานอดิเรก ที่จับต้องได้บ้างน่ะ#$b#ผมอยากจะลอง ผสมพันธุ์กบเองด้วยล่ะ!$h\"\\faceDirection farmer 1 true\\emote farmer 16\\pause 500/faceDirection farmer 2/showFrame farmer 0/pause 1000/playSound croak/specificTemporarySprite frogJump/pause 250/playSound slimeHit/pause 250/showFrame farmer 94/jump Sebastian/pause 250/playSound slimeHit/pause 500/playSound slimeHit/pause 250/fade/viewport -1000 -1000/pause 600/message \"วันนี้ครอบครัวของเรา ก็เติบโตขึ้นอีกหน่อย...\"/pause 1000/playSound slimeHit/pause 500/playSound slimeHit/pause 500/playSound slimeHit/pause 1000/message \"...แล้วก็เป็นเมือกลื่นๆ มากขึ้นด้วย!\"/pause 1000/end"
    }
}
