{
    "header": {
        "target": "w",
        "formatVersion": 5,
        "hidef": true,
        "compressed": 128
    },
    "readers": [
        {
            "type": "Microsoft.Xna.Framework.Content.DictionaryReader`2[[System.String, mscorlib, Version=4.0.0.0, Culture=neutral, PublicKeyToken=b77a5c561934e089],[System.String, mscorlib, Version=4.0.0.0, Culture=neutral, PublicKeyToken=b77a5c561934e089]]",
            "version": 0
        },
        {
            "type": "Microsoft.Xna.Framework.Content.StringReader",
            "version": 0
        }
    ],
    "content": {
        "5/e 3/v Abigail/t 600 800": "continue/64 15/farmer 64 16 2 Abigail 64 18 0/pause 1500/speak Abigail \"ว่าไงจ๊ะ อืมมม... ฉันแค่อยาก จะมาขอโทษเรื่องเมื่อวาน ที่ฉันทำตัวแย่ๆ ใส่น่ะ#$b#เธอเข้าใจใช่มั้ย ว่ามันเกิดอะไรขึ้นน่ะ...$l#$b#อ่า โอเค...บาย\"/pause 500/end",
        "47/f Sam 2000/t 600 800/e 44": "continue/64 15/farmer 64 16 2 Sam 64 18 0/pause 1500/speak Sam \"ว่าไง @ รู้อะไรมั้ย? วงของเราจะขึ้นเล่น คืนนี้ที่เมืองซูซูแหละ!#$b#เจอกันที่ป้ายรถเมล์ ตอน 4:00 PM (4 โมงเย็น) นะ เราจะเดินทางไปดูการแสดง พร้อมกัน!\"/pause 300/end dialogue Sam \"ฉันตื่นเต้นและกังวล เรื่องการแสดงคืนนี้มากเลย แต่ฉันมั่นใจนะ ว่าทุกอย่างมันจะต้อง ออกมาดีแน่ๆ\"",
        "2346097/f Abigail 2010/x abbySpiritBoard": "null",
        "2346096/f Penny 2505/x pennySpa": "null",
        "2346095/f Elliott 2002/x elliottReading": "null",
        "2346094/f Elliott 2502/x elliottBoat": "null",
        "2111194/e 917409/f Emily 2000/x EmilyClothingTherapy": "null",
        "2111294/e 2123243/f Emily 2502/w sunny/D Emily/x EmilyCamping": "null",
        "3333094/e 191393/x pierreHours": "null",
        "2346093/f Harvey 2502/x harveyBalloon": "null",
        "2346092/f Sam 2502/x samMessage": "null",
        "2346091/f Alex 2502/x joshMessage": "null",
        "2146991/y 3/H": "spring_day_ambient/8 7/farmer 64 16 2/broadcastEvent/globalFade/viewport 8 7 clamp true/pause 3000/grandpaCandles/pause 3000/end",
        "55/f Leah 2000/t 600 800/z winter/n LeahArtShowSuggestion": "continue/64 15/farmer 64 16 2 Leah 64 18 0/pause 1500/speak Leah \"ไง @! บ่ายนี้เธอว่างมั้ย? #$b#เพราะในที่สุด ฉันก็พร้อมที่จะนำ ผลงานออกมาจัดแสดงแล้ว และฉันก็จะจัดแสดงมัน ที่จัตุรัสกลางเมือง ในคืนนี้เลยด้วย! $h#$b#เข้ามาในเมือง ระหว่าง 3:00 ถึง 5:00 pm นะ ถ้าเธออยากจะร่วมงาน!\"/pause 300/end dialogue Leah \"โอ้ย ฉันกังวลจังเลย...$l\"",
        "63/y 2/t 600 1800/H": "continue/64 15/farmer 64 16 2 Kent 64 18 0/broadcastEvent/pause 1500/speak Kent \"อืม สวัสดี ฉันชื่อเคนท์นะ ฉันจะเพิ่งกลับมาจาก ต่างประเทศเมื่อคืนนี้เอง ภรรยาของฉันบอกว่า มีคนย้ายเข้ามาใหม่ในฟาร์ม ในช่วงที่ฉันไม่อยู่\"/pause 500/speak Kent \"คือ... ฉันแค่อยากจะ มาแนะนำตัวเฉยๆ ... แล้วไว้เจอกันนะ\"/pause 300/end",
        "992553/t 600 1130/n copperFound": "continue/64 15/farmer 64 16 2 Clint 64 18 0/skippable/pause 1500/speak Clint \"โอ๊ะ... ว่าไง อรุณสวัสดิ์#$b#ได้ข่าวว่าเธอ ทำลายหินเปิดทาง เพื่อเข้าไปหาแร่งั้นเหรอ นั่นเจ๋งดีนะ!\"/pause 500/speak Clint \"ถ้าเธอต้องการ ประโยชน์จากแร่ ที่หามาได้ให้มากที่สุด เธอจะต้องมีเตาหลอม (furnace) ก่อนนะ \"/pause 500/speak Clint \"ฉันเพิ่งได้พิมพ์เขียว มาใหม่อีกชุดนึง อะนี่ ฉันอยากให้เธอ เก็บมันไว้\"/pause 800/itemAboveHead/playSound getNewSpecialItem/addCraftingRecipe Furnace/pause 3300/message \"คุณได้เรียนรู้วิธีประดิษฐ์ 'เตาหลอม (Furnace)'\"/pause 800/speak Clint \"เตาหลอมสามารถ ทำให้เธอหลอมพวกแท่งโลหะ (metal bars) ได้ แท่งโลหะสามารถเอาไปใช้ ในการสร้างสิ่งของ สิ่งปลูกสร้าง และพัฒนา อุปกรณ์ได้นะ\"/pause 500/faceDirection Clint 1/pause 500/faceDirection Clint 0/speak Clint \" ตอนที่หลอมแท่งทองแดง (Copper bar) ได้แล้ว เธอสามารถเอามัน มาให้ฉันใช้อัพเกรด อุปกรณ์ของเธอได้ นั่นมันจะช่วย ให้เธอทำงานได้ง่าย มากขึ้นเลยเชียวล่ะ#$b#เอาล่ะ ฉันต้องกลับบ้านแล้ว โชคดีนะ บาย\"/pause 200/addQuest 11/end",
        "900553/t 600 1130/Hn ccPantry/A cc_Greenhouse/w sunny": "continue/64 15/farmer 64 16 2 Evelyn 64 18 0/skippable/pause 1500/speak Evelyn \"ที่รัก อรุณสวัสดิ์จ้ะ\"/pause 500/faceDirection Evelyn 3/pause 500/faceDirection Evelyn 2/speak Evelyn \"มันดีนะที่ได้ออกมาข้างนอก... ยายไม่ได้เห็นฟาร์มเก่าๆ แบบนี้มานานมากแล้ว $s#$b#มันดูดีกว่าแต่ก่อน ที่ยายเคยจำได้ซะอีก!$h\"/pause 500/faceDirection Evelyn 3/faceDirection Evelyn 0/pause 500/speak Evelyn \"ยายเอาของเล็กๆ น้อยๆ มาฝาก รับไปสิจ๊ะ #$b#เป็นของขวัญ... จากคนสวนคนหนึ่ง สู่อีกคนหนึ่งน่ะ$h\"/pause 800/itemAboveHead pot/playSound getNewSpecialItem/pause 3300/awardFestivalPrize pot/pause 200/message \"คุณได้รับ 'กระถางต้นไม้ (Garden Pot)'\"/pause 800/speak Evelyn \"กระถางนี่มี ประโยชน์มากเลยล่ะ เธอสามารถใช้มัน ปลูกพืชได้ตลอดทั้งปีเลย!#$b#มันจะยังคงดูดี เมื่อวางอยู่ข้างนอก แต่มันจะสามารถ ใช้งานได้ในช่วง ฤดูเก็บเกี่ยวเท่านั้นนะ\"/pause 500/speak Evelyn \"หากเธอต้องการมันอีก พวกเขามีวิธี ทำขึ้นอย่างง่ายๆ ด้วยนะ นี่...นี่ไงล่ะ ยายมีนิตยสารเก่าที่ตัดมา พร้อมกับคำแนะนำ\"/pause 200/playSound getNewSpecialItem/addCraftingRecipe Garden Pot/pause 500/message \"ได้เรียนรู้การสร้าง'กระถางต้นไม้ (Garden Pot)'แล้ว\"/pause 800/speak Evelyn \"เอาล่ะ ยายต้องไปแล้วล่ะ จอร์จจะอารมณ์เสียเอาได้ ถ้าเขาไม่ได้กินข้าวโอ๊ต ของชอบให้ตรงเวลา...#$b#ขอให้วันนี้เป็นวัน ที่ดีสำหรับเธอนะจ๊ะ ที่รัก!$h\"/pause 500/end",
        "992253/t 600 1130/f Leah 1500/w sunny": "continue/64 15/farmer 64 16 2 Leah 64 18 0/pause 1500/speak Leah \"สวัสดี @ วันนี้อากาศดีเนอะ ว่ามั้ย?\"/pause 500/speak Leah \"ฉันเอาของขวัญมาให้น่ะ #$b#มันก็คือประติมากรรม ที่ฉันตั้งใจทำมาเพื่อเธอ โดยเฉพาะเลยล่ะ!\"/pause 500/pause 800/itemAboveHead sculpture/pause 3300/pause 800/awardFestivalPrize sculpture/pause 800/pause 50/speak Leah \"เราตั้งชื่อให้มันว่า... 'ความรู้สึกที่ดีแก่ @' หวังว่าเธอ จะชอบมันนะ\"/pause 50/pause 50/end",
        "65/m 25000/t 600 1200/H": "continue/64 15/farmer 64 16 2 Demetrius 64 18 0/pause 1500/speak Demetrius \"สวัสดี @! มีข่าวดีถึงเธอแหนะ เมื่อไม่กี่วันก่อน ฉันได้ค้นคว้าวิจัยเกี่ยวกับ สภาพแวดล้อมของชุมชน $h#$ฉันเลยอยากจะขอให้เธอ ช่วยในเรื่องทางเทคนิค ในเรื่องตำแหน่งหน่อยน่ะ... เธอรู้ไหม ว่ามันมีถ้ำอยู่แถว ทางเล็กๆ ตรงทิศตะวันตก? เอาล่ะ ฉันมีวิธีที่จะทำให้มัน มีประโยชน์สำหรับ.... เราทั้งคู่แล้วล่ะ #$b#ฉันต้องการที่จะตกแต่งถ้ำ เพื่อดึงดูดสัตว์ท้องถิ่นหน่อย การทำแบบนั้น มันจะทำให้ฉันได้เฝ้าสังเกต พวกมันได้เต็มที่ และเธอก็สามารถ เก็บอะไรก็ตามที่มัน เอามาทิ้งไว้ได้เลย#$b# ฉันสามารถทำให้มัน กลายเป็นถ้ำเห็ดหรือ ถ้ำที่ดึงดูดค้างคาวผลไม้ก็ได้ บางทีพวกค้างคาว ก็จะทิ้งผลไม้ไว้ให้เธอเก็บ\"/cave/speak Demetrius \"เอาล่ะ! ฉันจะไปติดตั้งมัน เดี๋ยวนี้ล่ะ! ไม่ควรจะปล่อยให้เวลา ผ่านไปเฉยๆ อีกแล้ว$h#$b#ขอบคุณที่ให้ฉัน ได้มาทำมันนะ\"/end dialogue Demetrius\"ฉันตื่นเต้นจริงๆ ที่จะได้เห็นสิ่งที่เกิดขึ้น กับถ้ำนี้แล้วเธอล่ะ?#$e#ฉันหวังว่าเธอ จะพอใจกับสิ่งที่ ฉันทำให้นะ\"",
        "66/e 295672/t 600 700/H": "continue/64 15/farmer 64 16 2 Gunther 64 18 0/broadcastEvent/rustyKey/skippable/pause 1500/speak Gunther \"โอ้ว อรุณสวัสดิ์นะ @!^โอ้ว อรุณสวัสดิ์นะจ๊ะ @! #$b#หวังว่าคงจะยัง ไม่เช้าเกินไปนะ...$s#$b#คือ ฉันมาที่นี่ก็เพื่อ จะมาขอบคุณสำหรับสิ่งของ และแร่ต่างๆ ทั้งหมดที่เธอค้นพบน่ะ... มันเยอะมากเลยนะ สำหรับการค้นพบ ด้วยคนเพียงคนเดียว!$h#$b#จริงๆ แล้ว ฉันเพิ่งจะได้รับจดหมาย มาจากสำนักงานเลขาธิการ วัตถุโบราณแห่งแผ่นดิน (office of the regional secretary of artifacts)... เขาบอกว่ารู้สึก เป็นเกียรติที่จะมอบรางวัล 'พลั่วทองคำ (Golden Shovel)' ให้กับผลงานที่สำคัญของเรา!#$b#ทั้งหมดทั้งมวลนั้น ต้องขอบคุณเธอมากๆ เลยนะ!$h#$b#เอาล่ะ ฉันน่าจะปล่อยให้เธอ กลับไปทำงานต่อได้แล้วล่ะ ...\"/pause 500/faceDirection Gunther 2/pause 700/emote Gunther 16/faceDirection Gunther 0/speak Gunther \"โอ้! เกือบลืมไปเลยแฮะ!#$b#ฉันมีของขวัญมาให้... มันเป็นกุญแจเก่าๆ ที่ถูกเก็บไว้ในตู้เซฟ ของทางพิพิธภัณฑ์มานาน ไม่ต่ำกว่า 100 ปีแล้ว มันมีสนิมนิดหน่อยนะ แต่ยังดูสวยงามดีอยู่$h\"/pause 500/pause 500/playSound reward/message \"คุณได้รับ 'ลูกกุญแจสนิมเขรอะ (Rusty Key)'! มันจะถูกใส่ไว้ใน กระเป๋าสตางค์ของคุณ\"/pause 500/end",
        "690006/n slimeHutchBuilt/H": "continue/64 15/farmer 64 16 2 Marlon 66 15 2/broadcastEvent/skippable/pause 1000/move farmer -1 0 2/move farmer 0 1 1/pause 500/showFrame Marlon 12/pause 1000/speak Marlon \"คือฉันไปเจอโรบิน โดยบังเอิญมาเมื่อเช้านี้... เธอบอกฉันว่า เธอมีโรงเพาะสไลม์ (Slime Hutch) แล้วงั้นเหรอ!\"/showFrame Marlon 8/shake Marlon 1600/textAboveHead Marlon \"ไม่เลวนี่นา!\"/pause 1600/showFrame Marlon 12/pause 500/speak Marlon \"ตอนที่อายุเท่าเธอ ฉันก็เคยเพาะพันธุ์สไลม์ มาก่อนนะ มันเป็นงานอดิเรกที่ดีเลยล่ะ... แต่ก็อันตรายมากทีเดียว#$b#เธอคิดว่าฉันเสียตาข้างนี้ไป เพราะอะไรล่ะ?\"/shake Marlon 1000/showFrame Marlon 12/textAboveHead Marlon \"หือ!\"/pause 1000/textAboveHead Marlon \"อะล้อเล่งน่า\"/showFrame Marlon 12/pause 200/showFrame Marlon 7/animate Marlon false false 120 4 5 6 7/pause 800/speak Marlon \"มานี่ซิ มีอะไรจะให้แน่ะ\"/faceDirection farmer 2/itemAboveHead slimeEgg/pause 1000/pause 1000/pause 1300/awardFestivalPrize slimeEgg/pause 300/faceDirection farmer 1 true/pause 500/showFrame Marlon 12/speak Marlon \"นี่คือไข่ของสไลม์ ใส่มันเข้าไปใน 'เครื่องฟักไข่สไลม์ (Slime Incubator)' เพื่อฟักมันออกมานะ#$b#เอาล่ะ ดูแลเจ้าไข่นั่นให้ดีล่ะ ออกไปล่าสไลม์ ครั้งต่อไปก็มองหา ไข่มันดีๆ ถึงจะหายากไปหน่อย แต่เจ้าสไลม์ก็ดรอป มันออกมาเรื่อยๆ นะ#$b#สะสมไข่จาก สไลม์หลายๆ พันธุ์ดู เพื่อสร้างความหลากหลาย ให้กับฟาร์มสไลม์ได้นะ อย่าลืม!\"/pause 500/end",
        "68/m 5000/g male/x mom1": "null",
        "69/m 15000/g male/x mom2": "null",
        "70/m 32000/g male/x mom3": "null",
        "71/m 120000/g male/x mom4": "null",
        "72/m 5000/g female/x dad1": "null",
        "73/m 15000/g female/x dad2": "null",
        "74/m 32000/g female/x dad3": "null",
        "75/m 120000/g female/x dad4": "null",
        "76/m 27000/x newsstory": "null",
        "706/u 15/x fertilizers": "null",
        "707/y 2/x fertilizers2": "null",
        "909/z spring/z summer/z fall/x WoodChipper": "null",
        "1590166/m 1000/t 600 930/d Mon Tue Thu Sat Sun/w sunny/h cat/H": "continue/64 15/farmer 64 15 2 Marnie 65 16 0 cat 63 16 2/faceDirection Cat 2/pause 500/animate Cat false false 120 16 17 18 18/pause 480/animate Cat false true 120 18/pause 2000/speak Marnie \"สวัสดีจ้ะ @!$h#$b#เธอเคยเห็น เจ้าแมวตัวนี้ มาก่อนไหม?\"/faceDirection Marnie 3/pause 400/showFrame Cat 18/playSound cat/pause 1200/faceDirection Marnie 0/speak Marnie \"ฉันเห็นมันนั่งอยู่ที่ หน้าฟาร์มของเธอน่ะจ้ะ คงจะเป็นแมวจรจัดสินะ น่าสงสารจริง ๆ$s\"/showFrame Cat 19/pause 500/showFrame Cat 18/playSound cat/shake Cat 150/pause 1500/speak Marnie \"และฉันว่ามันดูชอบที่นี่นะ อื้ม.. เธอว่ามัน จะอยู่ที่นี่ได้รึเปล่าล่ะ?$h\"/catQuestion/pause 1000/faceDirection Marnie 3/speak Marnie \"เยี่ยมเลยจ้ะ ทีนี้  %pet... เธอจะต้องทำตัว เป็นแมวที่ดีนะจ๊ะ?\"/pause 500/showFrame Cat 19/shake Cat 100/playSound cat/pause 800/animate Cat false false 120 20 21 22 23 21 22 23 21 22 23 21 22 23 21 22 23 21 22 23 21 22 23/pause 200/globalFade/viewport -1000 -1000/end",
        "897405/m 1000/t 600 930/d Mon Tue Thu Sat Sun/w sunny/h dog/H": "continue/64 15/farmer 64 15 2 Marnie 65 16 0 dog 63 16 2/faceDirection Dog 1/pause 500/animate Dog false false 120 20 21 22 23 23/pause 480/animate Dog false true 120 23/pause 2000/speak Marnie \"สวัสดีจ้ะ @!$h#$b#เธอเคยเห็น เจ้าสุนัขตัวนี้ มาก่อนไหม?\"/faceDirection Marnie 3/pause 400/showFrame Dog 26/playSound dog_bark/pause 200/showFrame Dog 23/pause 600/showFrame Dog 26/playSound dog_bark/pause 200/showFrame Dog 23/pause 1000/animate Dog false true 200 24 25/playSound dog_pant/pause 400/playSound dog_pant/pause 400/playSound dog_pant/pause 1200/faceDirection Marnie 0/speak Marnie \"ฉันเจอมันนั่งอยู่ที่ ทางเข้าฟาร์มเธอน่ะ! คิดว่าไม่มีเจ้าของนะ... น่าสงสารจัง$s\"/pause 500/animate Dog false true 400 23 31/pause 1500/speak Marnie \"เฮ้ ฉันคิดว่า มันชอบที่นี่นะ นี่... ไม่คิดเหรอว่าฟาร์มนี้ ควรจะมีสุนัขดีๆ สักตัวนึงน่ะ?$h\"/catQuestion/pause 1000/faceDirection Marnie 3/speak Marnie \"เอาล่ะ  %pet... ทำตัวดีๆ นะเจ้าหนู โอเคมั้ย?\"/pause 500/stopAnimation Dog/showFrame Dog 26/playSound dog_bark/pause 200/showFrame Dog 23/pause 1000/globalFade/viewport -1000 -1000/end",
        "91/f Marnie 750/t 600 930": "continue/64 15/farmer 64 16 2 Marnie 64 18 0/pause 1500/addQuest 21/skippable/speak Marnie \"อรุณสวัสดิ์จ้ะ @!$h^อรุณสวัสดิ์จ้ะ  @!$h#$b#ฉันมาที่นี่เพื่อ ขอความช่วยเหลือน่ะ เพราะเธอเป็นเพื่อนบ้าน ที่ใจดีมากๆ เลย#$b#เธอรู้ไหม ว่าฉันพยายาม จะสอนแพะของฉัน ให้พูดคำว่า 'สวัสดี' อยู่น่ะ... แต่พวกมัน ดูจะไม่สนใจฉันเลย ยกเว้นแต่ว่าฉันจะมี ของโปรดของมันอย่าง 'แครอทถ้ำ (cave carrot)' มาล่อน่ะ!$u#$b#แต่... ฉันกลัวเหมืองน่ะ ก็เลยคิดว่า... บางทีถ้ามีโอกาส เธอช่วยเอาแครอทถ้ำ (cave carrot) มาให้ฉันหน่อย ได้ไหม?#$b#ไม่ได้กดดันนะ.... แต่ถ้าเธออยาก จะช่วยล่ะก็ แค่แวะมาที่ บ้านของฉันช่วง  9:00 AM ถึง 5:00 PM เอาแครอทถ้ำ (cave carrot) มาด้วยนะ เธอจะทำให้ฉัน มีความสุขมากๆ เลย ไปล่ะจ้ะ \"/pause 300/end dialogue Marnie \"แพะของฉันแทบคลั่ง เพราะแครอทถ้ำ (cave carrot)... ฉันคิดไม่ออกเลยว่าทำไมกัน\"",
        "93/f Jodi 1000/t 600 930/d Tue Wed Thu Fri Sat Sun": "continue/64 15/farmer 64 16 2 Jodi 64 18 0/pause 1500/addQuest 22/skippable/speak Jodi \"*แฮ่ก* ...หวัดดี @! *แฮ่ก* เฮ้อ... เหนื่อยจริงๆ เลยนะ ต้องเดินขึ้นมาที่นี่เนี่ย$h\"/pause 200/emote Jodi 28/pause 200/speak Jodi \"เอาเถอะ... ฉันมาเพื่อจะถามว่า เธออยากจะมา ทานอาหารเย็นที่บ้าน ของฉันคืนนี้รึเปล่า!#$b#ไม่ได้บังคับหรอกนะ... แต่ถ้าเธอตัดสินใจที่จะมา ช่วยเอาปลากะพงปากกว้าง (Largemouth Bass) มาด้วยได้มั้ย?#$b#ช่ายยย เจ้าปลาตัวใหญ่ๆ เมือกๆ จากทะเลสาบนั่นล่ะ ฉันต้องการตัวนึง เพื่อที่จะทำ แคสเซอโรลน่ะ$h#$b#โอเค... งานเริ่มทีบ้านของฉัน เวลา 7:00 PM นะ... อย่าลืมปลาล่ะ! บ๊ายบาย\"/pause 300/end dialogue Jodi \"ปลาแคสเซอโรล กินเมื่อไหร่ก็สุดยอด\"",
        "102/z spring/z summer/z fall/d Mon Tue Wed Thu Fri Sat/y 1/H": "continue/64 15/farmer 64 16 2 Pierre 64 18 0/broadcastEvent/skippable/pause 1500/speak Pierre \"ว่าไง @ มาอยู่ที่นี่ ใกล้จะครบปีแล้วสินะ ใช่มั้ย?#$b#ถ้ายังซื้อเมล็ดพันธุ์ จากฉันไปเรื่อยๆแบบนี้ ปีหน้าผลผลิตคง จะได้เพิ่มเป็นสองเท่าแน่ๆ! $h#$b#เอาล่ะ ฉันมีข่าวดี มาบอกกกก....#$b#ฉันจะขาย เมล็ดพันธุ์ใหม่ๆ ที่ร้านในปีหน้า! แต่จะมีเมล็ดพันธุ์ใหม่ 1 สายพันธุ์ต่อหนึ่งฤดูกาล เท่านั้นนะ#$b#...นั่นล่ะคือสิ่งที่ ฉันอยากจะบอก ไปล่ะนะ... ขอให้โชคดีนะวันนี้\"/pause 300/move Pierre 0 1 2/pause 1000/faceDirection Pierre 0/speak Pierre \"รู้มั้ย... นี่ไม่ได้กล่าวหาคู่แข่งนะ$u#$b# ฉันกล้าสาบาน กับลูกค้าเลยว่า เมล็ดพันธุ์ของปีแอร์เนี่ยมี *คุณภาพสูงที่สุด* เท่าที่จะหาได้ บนโลกใบนี้แล้ว$h\"/pause 500/end",
        "2118991/e 3910975/t 600 800": "continue/64 15/farmer 64 16 2 Shane 64 18 0/pause 1500/skippable/speak Shane \"เฮ้...\"/pause 500/faceDirection Shane 1/pause 500/faceDirection Shane 0/speak Shane \"นี่คุณ... อืม... ผมจะพูดยังไงดี? $s#$b#ผมอยากจะขอโทษจริงๆ กับสิ่งที่เกิดขึ้นันนั้นน่ะ นั่นมัน... น่าอายมาก...\"/pause 500/speak Shane \"$q -1 null#  #$r -1 10 event_apologize1#ฉันดีใจที่ได้ช่วยคุณไว้#$r -1 -10 event_apologize2#คุณจำเป็นต้องมีคนโทรปลุก!#$r -1 10 event_apologize3#รู้สึกดีที่คุณยังอยู่ตรงนี้\"/pause 1000/faceDirection Shane 1/pause 1000/speak Shane \"ผมตัดสินใจแล้ว ว่าจะไปพบนักบำบัด หมอฮาร์วีย์ช่วยติดต่อ เพื่อนร่วมงานของเขา ให้กับผมแล้ว...$s\"/pause 500/faceDirection Shane 0/speak Shane \"ยังไงก็ตาม... ผมแค่อยากจะ ขอบคุณสำหรับการดูแล และอยากให้คุณรู้ว่า ตั้งแต่นี้เป็นต้นไป ผมจะใช้เวลาให้คุ้มค่า #$b#ผมไม่ต้องการ จะเป็นภาระให้ใครแล้ว...\"/pause 1000/faceDirection Shane 1 true/pause 50/faceDirection Shane 2/pause 500/showFrame Shane 19/pause 2000/end",
        "2128292/e 3900074/t 600 630/f Shane 2500/D Shane": "continue/64 15/farmer 64 16 2 Shane 64 18 0/pause 1500/skippable/speak Shane \"สวัสดี @!$6\"/pause 1000/speak Shane \"เอ่อ... ผมได้ตั๋วสองใบ สำหรับเกมที่ทีมทันเนเลอร์ (Tunnelers) ลงแข่งคืนนี้$6\"/pause 2000/speak Shane \"ถ้าคุณอยากไปด้วย มาเจอผมที่ป้ายรถบัส ตอน 5 PM นะ$6\"/pause 1000/end",
        "3917587/f Alex 3500/O Alex/t 500 820/M 5000/d Sun/y 2": "continue/-10000 -1000/farmer -100 -100 2 Alex -100 -100 2/warp Alex -100 -100/warp farmer -100 -100/faceDirection Alex 2/viewport 64 15 clamp true/pause 2000/playSound doorClose/warp farmer 64 15/pause 500/move farmer 0 2 2/playSound doorClose/warp Alex 64 15/pause 300/faceDirection farmer 1 true/pause 100/faceDirection farmer 0/speak Alex \"นี่ @ ก่อนจะไป...#$b#รู้สึกแย่จังที่ต้องถามแบบนี้... แต่ฉันขอยืมเงิน 5,000g หน่อยได้มั้ย?#$b#สำหรับโปรเจคลับ ที่ฉันทำอยู่น่ะ... ฉันรู้นะว่าเรา ใช้เงินกระเป๋าเดียวกัน แต่ฉันคิดว่าน่าจะขอดูก่อน\"/pause 1000/question fork0 \"ให้เงิน 5,000g แก่โปรเจคลับของอเล็กซ์มั้ย?#ให้#ไม่ให้\"/fork giveAlexMoney/playMusic none/pause 1000/emote Alex 12/speak Alex \"เอาจริงดิ? จะไม่ยอมจ่ายเศษเงินแค่ 5,000g เพื่อให้ฉัน มีความสุขหน่อยเหรอ?$a#$b#ฉันไม่รู้มาก่อนเลยนะเนี่ย ว่าเธอจะขี้เหนียวขนาดนี้...$s\"/pause 500/faceDirection Alex 1 true/pause 100/faceDirection Alex 0/pause 500/emote Alex 28/pause 400/speak Alex \"ฉันก็แค่อยากจะสนุกนิดหน่อย ...$s\"/pause 800/playSound doorClose/warp Alex -100 -100/pause 2000/end dialogue Alex \"ฉันไม่อยากคุยกับเธอตอนนี้ ...$s\"",
        "giveAlexMoney": "pause 200/addMailReceived gaveAlexMoney/money -5000/emote Alex 20/pause 500/speak Alex \"เยี่ยม! แวะไปที่ซาลูนวันอาทิตย์นะ เดี๋ยวฉันจะโชว์ผลลัพธ์ให้ดู! $h\"/pause 500/end",
        "3917600/f Emily 3500/O Emily/t 500 820": "continue/-10000 -1000/farmer -100 -100 2 Emily -100 -100 2/warp Emily -100 -100/warp farmer -100 -100/faceDirection Emily 2/viewport 64 15 clamp true/pause 2000/playSound doorClose/warp farmer 64 15/pause 500/move farmer 0 2 2/playSound doorClose/warp Emily 64 15/pause 300/faceDirection farmer 1 true/pause 100/faceDirection farmer 0/speak Emily \"นี่ที่รัก... ก่อนจะไปทำงานวันนี้ มีเวลาเดี๋ยวนึงมั้ย?#$b#ตอนนี้ฉันกำลังทำ ของพิเศษบางอย่าง ให้เธออยู่... แต่ว่าฉันต้องการ ความช่วยเหลือนิดหน่อย เพื่อจะทำมันให้เสร็จ\"/move farmer 0 -1 0/speak Emily \"มันเป็นความลับนะ ฉันเลยบอกเธอไม่ได้ ว่ามันคืออะไร... แต่เธอช่วยเอา เส้นใยไฟเบอร์ (Fiber) 200 ชิ้น มาให้ฉันหน่อยได้ไหม?\"/addQuest 126/pause 500/speak Emily \"ฉันต้องการแค่นั้นแหละ! แค่นำเส้นใยไฟเบอร์ (Fiber) 200 ชิ้นมาให้ฉันตอนไหนก็ได้... ไม่รีบ!\"/pause 2000/end dialogue Emily \"อย่าแอบดูล่ะ! เดี๋ยวเธอก็จะได้เห็น ตอนมันเสร็จ\"",
        "3911124/f Leah 3500/O Leah/t 500 820/w sunny/z winter/d Sun": "continue/-10000 -1000/farmer -100 -100 2 Leah -100 -100 2/warp Leah -100 -100/addConversationTopic leahPaint 0/warp farmer -100 -100/faceDirection Leah 2/viewport 64 15 clamp true/pause 2000/playSound doorClose/warp farmer 64 15/pause 500/move farmer 0 2 2/playSound doorClose/warp Leah 64 15/pause 300/faceDirection farmer 1 true/pause 100/faceDirection farmer 0/speak Leah \"เฮ้ @ ฉันมีความคิดนึง...#$b#ฉันต้องการให้เธอมาหาฉัน ที่ป่าซินเดอร์แซป (Cindersap forest) วันพรุ่งนี้ตอนเที่ยง#$b#เดี๋ยวฉันจะ สอนเธอวาดรูปเอง!$h\"/pause 1000/speak Leah \"ถ้าสภาพอากาศมันแย่ ก็ค่อยทำมันวันต่อไปสิ โอเคไหม?\"/emote farmer 32/end dialogue Leah \"มันจะต้องดีแน่ ถ้าเธอได้ใช้เวลากับความคิด สร้างสรรค์อีกหน่อย ไม่คิดงั้นเหรอ?\"",
        "3912125/f Elliott 3500/O Elliott/t 500 1500/p Elliott/U 8": "continue/-10000 -1000/farmer -100 -100 2 Elliott -100 -100 2/addConversationTopic ElliottGone1 0/addConversationTopic elliottGone 6/addWorldState elliottGone/skippable/warp Elliott 63 15/warp farmer -100 -100/faceDirection Elliott 2/showFrame Elliott 38/viewport 64 15 clamp true/pause 1000/pause 2000/playSound doorClose/warp farmer 64 15/positionOffset farmer 0 16/pause 500/faceDirection farmer 3/emote farmer 8/pause 500/showFrame Elliott 39/emote Elliott 16/pause 500/speak Elliott \"@! ผมเพิ่งได้รับข่าว ที่น่าตื่นเต้นมาล่ะ!\"/pause 50/jump Elliott/pause 500/speak Elliott \"คือมันก็เรื่องเล็กๆ ล่ะนะ แต่ว่าผมได้รับเชิญ ให้ร่วมทำทัวร์อ่านหนังสือ สำหรับ '%book' หนังสือของผมน่ะ!\"/emote farmer 32/showFrame Elliott 0/faceDirection Elliott 1/pause 500/emote Elliott 28/pause 400/speak Elliott \"...ผมจะไปสักอาทิตย์นึง คุณจะโอเคมั้ย?$s\"/quickQuestion #ได้เลย ฉันไม่เป็นไร #ฉันยินดีมากๆ เลยล่ะ #อย่าไปนะ! (break)emote Elliott 20\\speak Elliott \"ผมคงจะคิดถึงคุณมากๆ เลยล่ะที่รัก #$b#แล้วผมจะเขียนจดหมาย มาถึงคุณทุกวันเลย!!\"\\emote farmer 20(break)jump Elliott\\pause 500\\speak Elliott \"ฮ่าฮ่า... อันนี้ก็ดีนะ แต่ว่าอย่าตื่นเต้นนักเลย$8#$b#ผมจะเขียนจดหมาย หาคุณทุกวันเลย จะคิดถึงคุณให้มากๆ ด้วย!!\"(break)speak Elliott \"แต่ที่รัก... นี่เป็นโอกาสที่หายาก ของผมเลยนะ ผมจำเป็นจะต้องไป!$s#$b#อย่าทำให้ผม รู้สึกผิดเลยนะ เดี๋ยวผมจะเขียน จดหมายหาทุกวันเลย และจะรีบกลับมาก่อน ที่คุณจะรู้ตัวซะอีก\"/pause 1000/animate Elliott true true 100 35/animate farmer true true 100 101/specificTemporarySprite heart 63 15/pause 2000/stopAnimation Elliott/showFrame Elliott 4/stopAnimation farmer/pause 500/speak Elliott \"ผมต้องไปพรุ่งนี้ตั้งแต่เช้า...#$b#ต้องไปจัดกระเป๋าแล้ว!$8\"/end dialogue Elliott \"อย่าลืมเตือนผมนะว่า อย่าลืมหวี สเปรย์ หวีละเอียดแล้วก็ ครีมนวดผมทับทิม!\"",
        "3912131/e 3912130/A ElliottGone6/n elliottLetter5/x elliottLetter6 true": "null",
        "3912130/e 3912129/A ElliottGone5/n elliottLetter4/x elliottLetter5 true": "null",
        "3912129/e 3912128/A ElliottGone4/n elliottLetter3/x elliottLetter4 true": "null",
        "3912128/e 3912127/A ElliottGone3/n elliottLetter2/x elliottLetter3 true": "null",
        "3912127/e 3912126/A ElliottGone2/n elliottLetter1/x elliottLetter2 true": "null",
        "3912126/e 3912125/A ElliottGone1/x elliottLetter1 true": "null",
        "992559/t 600 1130/n clothFound/o Emily/w sunny": "continue/64 15/farmer 64 16 2 Emily 64 18 0/skippable/pause 1500/speak Emily \"อ้ะ @! อรุณสวัสดิ์จ้ะ!\"/pause 500/faceDirection Emily 3/pause 800/faceDirection Emily 0/speak Emily \"ดูเหมือนเธอจะไปได้ดีนะ... ฟาร์มดูดีมากเลยล่ะ!$h\"/pause 500/emote farmer 32/pause 500/speak Emily \"แถม... เธอก็อยู่นี่มาได้สักพักแล้ว ฉันคิดว่าคุณคงจะมี 'ผ้า (Cloth)' อยู่บ้างแล้ว... ใช่มั้ย?\"/pause 500/speak Emily \"งั้น รู้รึเปล่าว่า เธอสามารถใช้ผ้าพวกนั้น มาตัดเย็บให้เป็นเสื้อผ้าได้นะ ที่เธอต้องใช้คือ จักรเย็บผ้า...#$b#และฉันก็มีอยู่ หนึ่งคันพอดีที่บ้าน! มาเย็บผ้าได้ตามสบายเลยนะ จะมาใช้ตอนไหนก็ได้$h\"/pause 800/playSound reward/message \"คุณสามารถใช้ จักรเย็บผ้าของเอมิลี ได้แล้ว!\"/pause 800/speak Emily \"วิธีการเย็บผ้าก็คือ เธอจะต้องมีผ้าหนึ่งผืน กับอะไรก็ได้อีกอย่าง ลองเย็บมันแล้วก็ คอยดูว่าเสื้อผ้าจะออกมา ในรูปแบบไหน!\"/pause 500/emote Emily 32/pause 500/end",
        "992559/t 600 1130/n clothFound/O Emily/w sunny": "continue/64 15/farmer 64 16 2 Emily 64 18 0/skippable/pause 1500/speak Emily \"อรุณสวัสดิ์จ้ะ @$h\"/pause 500/speak Emily \"ฉันเพิ่งจะจำได้ว่า... ฉันมีจักรเย็บผ้าอยู่ที่บ้านล่ะ!\"/pause 500/speak Emily \"ถ้าเธออยากจะตัดเสื้อผ้า ลองแวะไปดูได้นะ!$h\"/pause 800/playSound reward/message \"ตอนนี้คุณสามารถ ใช้จักรเย็บผ้าของเอมิลี ได้แล้ว!\"/pause 800/speak Emily \"วิธีการเย็บผ้าก็คือ เธอจะต้องมีผ้าหนึ่งผืน กับอะไรก็ได้อีกอย่าง ลองเย็บมันแล้วก็ คอยดูว่าเสื้อผ้าจะออกมา ในรูปแบบไหน!#$b#ฉันคงจะรู้สึกสนุกน่าดู ที่ได้เห็นเธอในเสื้อผ้าหลาย ๆ แบบ!$h\"/pause 500/emote Emily 20/pause 500/end",
        "980558/t 600 1130/w sunny/f Gus 1250": "playful/64 15/farmer 64 16 2 Gus 64 18 0/skippable/pause 1500/speak Gus \"อรุณสวัสดิ์!\"/pause 500/faceDirection Gus 3/pause 600/speak Gus \"อ่า... เป็นวันที่ดีนะ ว่าไหม?\"/pause 400/faceDirection Gus 0/speak Gus \"รู้มั้ย ในฐานะเจ้าของซาลูน ฉันรู้หมดเลยว่า มีอะไรเกิดขึ้นบ้าง ในเมืองนี้น่ะ #$b#ฉันจำได้เลย วันแรกที่เธอย้ายเข้ามา... ทุกคนไม่แน่ใจเลยว่า ควรจะหวังอะไรจาก#$b#คนแปลกหน้า ที่มาจากในเมือง... $s\"/textAboveHead Gus \"แปปนึงนะ...\"/faceDirection Gus 2/animate Gus false true 250 24 25/pause 500/playSound slimeHit/pause 500/playSound slimeHit/pause 500/playSound slimeHit/pause 500/playSound slimeHit/pause 500/stopAnimation Gus/pause 500/faceDirection Gus 0/pause 500/speak Gus \"โทษที ฉันต้องกวนเจ้าหม้อนี้ทุก 5 นาทีน่ะ\"/emote ว่าแต่เมื่อกี้ฉันพูดถึงอะไรนะ? อ้อ ใช่แล้ว... เธอรู้ไหม มันก็เหมือนเวลาเธอทำซอส...\"/playMusic none/speak Gus \"...ถ้าเธอเผลอใส่อะไรๆ ลงไปล่ะก็ เธออาจจะ ทำทุกอย่างพัง เลยก็ได้!$s\"/pause 500/playSound fireball/animate Gus false true 100 26/shake Gus 1000/specificTemporarySprite sauceFire/pause 2000/animate Gus false true 200 24 25/pause 400/playSound slimeHit/pause 400/playSound slimeHit/pause 400/playSound slimeHit/pause 400/playSound slimeHit/pause 400/playSound slimeHit/animate Gus false true 100 24/pause 500/playSound discoverMineral/specificTemporarySprite sauceGood/pause 800/playMusic distantBanjo/speak Gus \"...แต่อย่างน้อย มันก็มีโอกาสที่เธอ จะได้ทำสูตรอาหารใหม่ ที่รสอร่อยมาก็ได้นะ! ใช่ไหมล่ะ? ฮ่าฮ่าฮ่า$h\"/pause 100/stopAnimation Gus/faceDirection Gus 0/emote farmer 8/faceDirection Gus 3/faceDirection Gus 0/pause 500/speak Gus \"เอ่อ... ที่ฉันจะพูดก็คือ...$s#$b#มันเยี่ยมไปเลยนะ ที่มีเธออยู่ในเมืองนี้ และฉันก็คิดว่าเธอ ก็เป็นหนึ่งในเพื่อนที่ดี ของฉันเลย!\"/emote farmer 32/speak Gus \"ฉันมาเพื่อจะเอาของ มาให้เธอน่ะ...#$b#ฉันไปทำความสะอาด ที่ห้องข้างหลังร้าน แล้วก็เจอตู้เพลงอันเล็กเก่าๆ นี่ ฉันอยากให้เธอเก็บไว้นะ\"/pause 800/itemAboveHead jukebox/playSound getNewSpecialItem/pause 3300/awardFestivalPrize jukebox/pause 200/message \"ได้รับ 'ตู้เพลงขนาดจิ๋ว (Mini-Jukebox)'\"/pause 800/speak Gus \"จริงๆ แล้วมันเป็นโปรเจค DIY ของฉันเมื่อหลายปีมาแล้ว มันทำง่ายมากเลยนะ!#$b#เผื่อว่าเธอ อยากจะทำมันเพิ่ม ฉันเอาพิมพ์เขียวมาให้ด้วย...\"/pause 200/playSound getNewSpecialItem/addCraftingRecipe Mini-Jukebox/pause 500/message \"เรียนรู้วิธีการประดิษฐ์ 'ตู้เพลงขนาดจิ๋ว (Mini-Jukebox)' แล้ว\"/pause 800/speak Gus \"เยี่ยม ฉันคงต้องกลับแล้วล่ะ ฉันต้องเอา ซอสมารินาร่า กลับไปอุ่นที่เตา! ขอให้โชคดี!\"/pause 500/end"
    }
}
