{
    "header": {
        "target": "w",
        "formatVersion": 5,
        "hidef": true,
        "compressed": 128
    },
    "readers": [
        {
            "type": "Microsoft.Xna.Framework.Content.DictionaryReader`2[[System.String, mscorlib, Version=4.0.0.0, Culture=neutral, PublicKeyToken=b77a5c561934e089],[System.String, mscorlib, Version=4.0.0.0, Culture=neutral, PublicKeyToken=b77a5c561934e089]]",
            "version": 0
        },
        {
            "type": "Microsoft.Xna.Framework.Content.StringReader",
            "version": 0
        }
    ],
    "content": {
        "14/f Haley 2000/z winter/t 1000 1600/w sunny": "spring_day_ambient/100 23/farmer 94 23 1 Haley 100 23 1/skippable/pause 2000/showFrame Haley 25/pause 500/playSound cameraNoise/shake Haley 50/screenFlash .5/pause 800/pause 500/faceDirection Haley 2 true/showFrame Haley 24/pause 500/playSound cameraNoise/shake Haley 50/screenFlash .5/move farmer 5 0 1 true/pause 1200/faceDirection Haley 3 true/showFrame Haley 27/pause 400/jump Haley/pause 600/showFrame Haley 12/faceDirection Haley 3/pause 300/speak Haley \"โอ้! @ $8\"/pause 500/faceDirection Haley 2/pause 800/speak Haley \"แสงที่สาดส่องลงมา สวยงามจริงๆ... ฉันออกมาดู แล้วอยากถ่ายรูปมันซักหน่อย\"/pause 600/faceDirection Haley 3/pause 600/faceDirection Haley 3/pause 400/speak Haley \"ฉันพยายาม จะออกมาหาอะไรทำ ข้างนอกให้มากขึ้น...#$b#ฉันอยากจะรู้มันเป็นยังไง ชีวิตชาวไร่ มันเป็นเส้นทางที่ฉัน ไม่เคยคิดถึงมันเลย#$b#จนถึงตอนนี้...$l\"/pause 500/faceDirection Haley 0/pause 800/speak Haley \"วัวนั่นน่ารักจังเลย...\"/pause 600/emote Haley 16/faceDirection Haley 3/speak Haley \"เฮ้ ฉันมีไอเดียแล้วล่ะ!$h\"/move Haley 0 1 2/faceDirection farmer 2/playSound sandyStep/addBigProp 100 25 106/pause 600/move Haley 0 -1 3/faceDirection farmer 1/speak Haley \"มาถ่ายรูปกับ วัวพวกนี้กันเถอะ เธอโชว์ให้ฉันดูหน่อย ทำยังไงถึงจะเข้าใกล้มันได้$h#$b#ฉันจะใช้โหมด ตั้งเวลาถ่ายเอานะ\"/move Haley 0 1 2/faceDirection farmer 2/pause 900/playSound openBox/move Haley 0 -1 3/faceDirection farmer 1/pause 700/faceDirection farmer 0/faceDirection Haley 0/playMusic 50s/globalFade/viewport -1000 -1000/cutscene haleyCows/pause 2000/speak Haley \"...กรี.ด..$9\"/pause 1000/speak Haley \"*อิอิ*$10#$b#มันสนุกจริงๆ @! ...และรูปมันดูตลกมากๆ!$10\"/pause 500/speak Haley \"ฉันจะกลับบ้าน ไปอาบน้ำซะหน่อย...$10\"/pause 1000/mail haleyGarden/end dialogue Haley \"เป็นครั้งแรก ที่ฉันรู้สึกเลอะเทอะ แบบนี้เลยนะ$h\"",
        "52/f Leah 1500/p Leah/z winter": "playful/-1000 -1000/farmer 58 16 3 Leah 42 11 3/skippable/specificTemporarySprite leahTree/animate Leah false true 80 22 23 22 23 22 23 22 23 21 21 21 21 21 21/viewport 40 10 true/move farmer -7 0 2/move farmer 0 -4 3/move farmer -3 0 3/jump Leah/move farmer -5 0 3/jump Leah/move farmer 0 -1 3/stopAnimation Leah/pause 600/faceDirection Leah 1/speak Leah \"โอ้! @! เธอทำฉันตกใจนะ $6\"/pause 430/faceDirection Leah 3/showFrame Leah 21/speak Leah \"เห็นผลไม้บนนั้นไหม? มันดูน่าอร่อยนะ ใช่มั้ยล่ะ?#$b#แต่ฉันเอื้อมไม่ถึงน่ะ $s\"/pause 500/emote farmer 40/pause 500/faceDirection farmer 3/animate farmer true false 150 58 59 60 61 61 61 61/showFrame Leah 24/playSound pickUpItem/positionOffset Leah 4 -8/pause 25/positionOffset Leah 4 -8/pause 25/positionOffset Leah 4 -8/pause 25/positionOffset Leah 4 -8/pause 25/positionOffset Leah 4 -8/pause 25/positionOffset Leah 4 -8/pause 25/positionOffset Leah 4 -8/pause 25/positionOffset Leah 4 -8/pause 25/positionOffset Leah 4 -8/pause 25/positionOffset Leah 4 -8/pause 25/positionOffset Leah 4 -4/pause 25/positionOffset Leah 4 -4/pause 25/positionOffset Leah 4 -4/pause 25/positionOffset Leah 4 -4/pause 25/positionOffset Leah 4 -4/pause 25/positionOffset Leah 4 -4/pause 25/stopAnimation farmer/animate farmer true true 100 61/shake Leah 1000/pause 250/speak Leah \"อาฮ่า! $6#$b#อิอิ ขอบใจมาก $h\"/showFrame Leah 21/pause 850/animate Leah false true 60 22 23/speak Leah \"โอเค... ได้แล้ว!\"/jump Leah/removeSprite 42 8/playSound coin/pause 950/stopAnimation Leah/showFrame Leah 24/stopAnimation farmer/animate farmer true false 150 61 60 59 58 58 58 58 58/positionOffset Leah -4 8/pause 25/positionOffset Leah -4 8/pause 25/positionOffset Leah -4 8/pause 25/positionOffset Leah -4 8/pause 25/positionOffset Leah -4 8/pause 25/positionOffset Leah -4 8/pause 25/positionOffset Leah -4 8/pause 25/positionOffset Leah -4 8/pause 25/positionOffset Leah -4 8/pause 25/positionOffset Leah -4 8/pause 25/positionOffset Leah -4 4/pause 25/positionOffset Leah -4 4/pause 25/positionOffset Leah -4 4/pause 25/positionOffset Leah -4 4/pause 25/positionOffset Leah -4 4/pause 25/positionOffset Leah -4 4/pause 25/faceDirection Leah 1 true/stopAnimation farmer/faceDirection farmer 3/pause 500/speak Leah \"เธอแข็งแรงกว่าที่ฉันคิดนะ! $h\"/pause 1000/speak Leah \"อะ นี่ ลองชิมมันดู...\"/pause 300/farmerEat 613/pause 900/pause 1100/stopAnimation farmer/faceDirection farmer 2/viewport move -1 1 6000/pause 2000/globalFade/viewport -1000 -1000/pause 1000/playMusic none/speak Leah \"รู้ไหม บางทีฉันก็คิดนะ#$b#ถึงแม้ งานศิลปะของฉันจะล้มเหลว ฉันก็ยังมีเพื่อน ที่คอยฉุดดึงฉัน ขึ้นมาจากความผิดหวัง พวกนั้น $h\"/pause 1000/end dialogue Leah \"ขอบคุณ ที่ช่วยเหลือฉันตลอดมานะ ...$h\"",
        "54/f Leah 2500/t 1100 1600/z winter": "50s/-1000 -1000/farmer 87 40 3 Leah 76 40 1/skippable/specificTemporarySprite leahPicnic/viewport 77 40 true/move farmer -10 0 3/speak Leah \"สวัสดี @ ฉันคิดไว้แล้วว่าวันนี้ เธอจะต้องผ่านมาแถวนี้#$b#... ฉันเลยอยากจะเซอร์ไพรส์ เราทั้งสองคน...$h\"/faceDirection Leah 0/pause 800/speak Leah \"มันคือผ้าปูปิกนิค สำหรับเราทั้งคู่!$h\"/pause 500/faceDirection Leah 1/pause 500/faceDirection Leah 0/speak Leah \"นี่คือรวมมิตรผัก และน้ำซอสสูตรพิเศษ\"/pause 600/move Leah -1 0 0/speak Leah \"...และนี่คือสลัดผักสด ที่ทำมาจากผักใบเขียว ฉันเก็บได้จากในป่าแถวนี้!$h\"/pause 600/faceDirection Leah 1/move farmer -1 0 3/faceDirection Leah 0/pause 1200/speak Leah \"@ um...$l\"/faceDirection Leah 2/pause 300/faceDirection Leah 1/speak Leah \"ฉันแค่อยากขอบคุณเธอ... ที่ช่วยให้ฉันก้าวเข้าไปใกล้ การเป็นศิลปินขึ้นมาอีกขั้น$l\"/pause 400/showFrame Leah 25/pause 100/positionOffset Leah 2 0/pause 50/positionOffset Leah 2 0/pause 50/positionOffset Leah 2 0/pause 50/positionOffset Leah 2 0/pause 50/positionOffset Leah 2 0/pause 50/positionOffset Leah 2 0/pause 50/positionOffset Leah 2 0/pause 50/positionOffset Leah 2 0/pause 50/animate farmer true true 100 101/positionOffset farmer 16 0/positionOffset farmer -2 0/pause 50/positionOffset farmer -2 0/pause 50/positionOffset farmer -2 0/pause 50/positionOffset farmer -2 0/pause 50/positionOffset farmer -2 0/pause 50/positionOffset farmer -2 0/pause 50/positionOffset farmer -2 0/pause 50/positionOffset farmer -2 0/pause 500/specificTemporarySprite heart 76 39/pause 1000/stopMusic/message \"DISTANT VOICE: อืม ดี ดี.. ที่นี่มีอะไรกันเหรอ?\"/warp LeahEx 74 29/move LeahEx 0 9 2 true/stopAnimation farmer/positionOffset farmer -16 0/faceDirection farmer 0 true/showFrame Leah 4/pause 50/positionOffset Leah -4 0/positionOffset farmer 4 0/pause 50/positionOffset Leah -4 0/positionOffset farmer 4 0/pause 50/positionOffset Leah -4 0/positionOffset farmer 4 0/pause 50/positionOffset Leah -4 0/positionOffset farmer 4 0/faceDirection Leah 0/pause 4000/showFrame LeahEx 4/move Leah -1 0 0/speak Leah \"เคล??$6#$b#อะไรหอบคุณมาถึงนี่เนี่ย?$a\"/fork LeahInternet choseInternet/message \"เคล: เธอไม่เห็นฉัน ในงานแสดงศิลปะงั้นเหรอ? ฉันมาจากเมืองซูซู เพื่อมาดูงานแกะสลัก ของเธอเลยนะ\"/move LeahEx 0 1 2/message \"เคล: และเพื่อให้เธอกลับไปกับฉัน\"/message \"เคล: ฉันอยากให้เรา กลับไปเป็นแบบเดิมได้มั้ย... ที่รัก ฉันคิดถึงเธอ\"/emote Leah 12/faceDirection Leah 0/speak Leah \"น่ารังเกียจ อย่าเรียกฉันแบบนั้นอีกนะ!$a#$b#เธอไม่เคยสนับสนุน งานศิลปะของฉันเลย... แต่ตอนนี้ พอฉันเริ่มประสบความสำเร็จ คุณก็อยากให้ฉัน กลับไปงั้นเหรอ? เธอทำให้ฉันคลื่นไส้ $a\"/move Leah 0 2 2/showFrame LeahEx 4/message \"เคล: ว่าไง! มานี่สิ!\"/speed farmer 4/move farmer -2 0 0 false/question fork1 \"#ชกเคลที่ใบหน้า#พยายามมีเหตุผลกับเคล\"/fork noPunch/pause 300/screenFlash .25/animate farmer false false 650 15/positionOffset farmer 0 -8/faceDirection Leah 0 true/playSound clubhit/showFrame LeahEx 6/jump LeahEx/positionOffset LeahEx 0 -4/pause 25/positionOffset LeahEx 0 -4/pause 25/positionOffset farmer 0 8/positionOffset LeahEx 0 -4/pause 25/positionOffset LeahEx 0 -4/pause 25/positionOffset LeahEx 0 -4/pause 25/positionOffset LeahEx 0 -4/pause 25/positionOffset LeahEx 0 -4/pause 25/positionOffset LeahEx 0 -4/pause 25/positionOffset LeahEx 0 -4/pause 25/pause 200/playSound clubSmash/showFrame LeahEx 7/shake LeahEx 1000/speak Leah \"โอ้พระเจ้าช่วย!$6\"/speed Leah 4/move Leah -1 0 0/speed Leah 4/move Leah 0 -4 1/emote Leah 40/pause 1700/speak Leah \"เขาไม่ยอมแน่ๆ... แต่มันก็สมควรโดนอยู่หรอกนะ @^หล่อนไม่เป็นไรหรอก... แต่มันก็สมควรโดนอยู่หรอกนะ @\"/faceDirection Leah 2/speak Leah \"ไปจากที่นี่กันเถอะ ฉันไม่คิดว่า เคลจะกล้ามากวนเราอีกแล้ว\"/speed farmer 2/positionOffset farmer 2 0/move farmer -1 0 0/move Leah 0 -8 0 true/move farmer 0 -8 0 true/globalFade/viewport -1000 -1000/pause 1000/speak Leah \"ไปหาที่เงียบๆ กว่านี้กันเถอะ... $l\"/playMusic none/pause 2000/end dialogue Leah \"เสียดาย การปิกนิกของเรา ไม่ได้เป็นอย่างที่ วางแผนไว้เลย $h\"",
        "choseInternet": "pause 10/message \"เคล: ฉันเจอร้านขายงานศิลปะ ออนไลน์ให้เธอแล้ว.... มันวิเศษมาก 'คุณเค (Mr.K)' เขาสนใจจะซื้องาน แกะสลักของเธอทั้งหมด ไว้เก็บสะสม เธอสนใจขายไหม?\"/pause 90/speak Leah \"เธอคือ 'คุณเค (Mr. K)'? ฉัน... ฉันคิดว่าจะเป็นใครซักคน ที่รวยมากและชอบผลงานฉัน จริงๆซะอีก$s\"/move LeahEx 0 1 2/message \"เคล: เฮ้อ ช่างเถอะ เธอต้องกลับไปกับฉัน...\"/pause 1000/message \"เคล: ดูสิลีอา ฉันอยากให้เธอกลับมานะ ฉันชอบเธอ ที่รัก\"/emote Leah 12/faceDirection Leah 0/speak Leah \"อย่าเรียกฉันแบบนั้นนะ! $a#$b#คุณไม่เคยสนับสนุน งานศิลปะของฉันมาก่อน... ตอนนี้ พอฉันเริ่มประสบความสำเร็จ เธอก็อยากให้ฉัน กลับไปงั้นเหรอ? เธอทำฉันคลื่นไส้ $a\"/move Leah 0 2 2/showFrame LeahEx 4/message \"เคล: เฮ้! มานี่สิ!\"/speed farmer 4/move farmer -2 0 0 false/question fork1 \"#ชกเคลที่ใบหน้า#พยายามมีเหตุผลกับเคล \"/fork noPunch/pause 300/screenFlash .25/animate farmer false false 650 15/positionOffset farmer 0 -8/faceDirection Leah 0 true/playSound clubhit/showFrame LeahEx 6/jump LeahEx/positionOffset LeahEx 0 -4/pause 25/positionOffset LeahEx 0 -4/pause 25/positionOffset farmer 0 8/positionOffset LeahEx 0 -4/pause 25/positionOffset LeahEx 0 -4/pause 25/positionOffset LeahEx 0 -4/pause 25/positionOffset LeahEx 0 -4/pause 25/positionOffset LeahEx 0 -4/pause 25/positionOffset LeahEx 0 -4/pause 25/positionOffset LeahEx 0 -4/pause 25/pause 200/playSound clubSmash/showFrame LeahEx 7/shake LeahEx 1000/speak Leah \"โอ้วว พระเจ้าช่วย!$6\"/speed Leah 4/move Leah -1 0 0/speed Leah 4/move Leah 0 -4 1/emote Leah 40/pause 1700/speak Leah \"เขาไม่ยอมแน่ๆ... แต่มันก็สมควรโดนอยู่หรอกนะ @^หล่อนไม่เป็นไรหรอก... แต่มันก็สมควรโดนอยู่หรอกนะ @\"/faceDirection Leah 2/speak Leah \"ไปจากที่นี่กันเถอะ ฉันไม่คิดว่าเคล จะกล้ามากวนเราอีก\"/speed farmer 2/positionOffset farmer 2 0/move farmer -1 0 0/move Leah 0 -8 0 true/move farmer 0 -8 0 true/globalFade/viewport -1000 -1000/pause 1000/speak Leah \"ไปหาที่สงบๆ กว่านี้กันเถอะ...$l\"/playMusic none/pause 2000/end dialogue Leah \"เสียดาย การปิกนิกของเรา ไม่ได้เป็นอย่างที่ อยากให้เป็นเลย $h\"",
        "noPunch": "pause 10/message \"เคล: ไม่จำเป็น เราต้องคุยกันแล้ว หนีไม่ได้แล้วล่ะ\"/speed farmer 2/move farmer 1 0 3/move LeahEx 0 2 2/message \"เคล: ฉันซีเรียสจริงๆนะ ลีอา.... เธอคิดจะมาทำอะไร ในที่แบบนี้กันแน่??\"/faceDirection farmer 2/showFrame Leah 26/pause 1000/showFrame Leah 27/showFrame 94/playSound clubhit/screenFlash .25/showFrame LeahEx 6/jump LeahEx/positionOffset LeahEx 0 -4/pause 25/positionOffset LeahEx 0 -4/pause 25/positionOffset farmer 0 8/positionOffset LeahEx 0 -4/pause 25/positionOffset LeahEx 0 -4/pause 25/positionOffset LeahEx 0 -4/pause 25/positionOffset LeahEx 0 -4/pause 25/positionOffset LeahEx 0 -4/pause 25/positionOffset LeahEx 0 -4/pause 25/positionOffset LeahEx 0 -4/pause 25/pause 200/playSound clubSmash/showFrame LeahEx 7/shake LeahEx 1000/stopAnimation farmer/speak Leah \"@ เขาเป็นคนที่ดีกว่าเธอ ในทุกๆ ด้าน! $a^@ เป็นคนที่ดีกว่าเธอในทุกๆ ด้าน!$a#$b#เอาล่ะ ออกไปจากนี่ซะ แล้วไม่ต้องกลับมาอีก! $a\"/move Leah -1 0 0/move Leah 0 -4 1/speak Leah \"ไปจากที่นี่กันเถอะ ฉันไม่คิดว่า เคลจะกล้ามากวนเราอีก\"/move farmer 0 1 2/faceDirection Leah 2 true/move farmer -2 0 0/move Leah 0 -11 0 true/move farmer 0 -11 0 true/globalFade/viewport -1000 -1000/pause 1000/speak Leah \"ไปหาที่สงบๆกว่านี้กันเถอะ...$l\"/playMusic none/pause 2000/end dialogue Leah \"เสียดาย การปิกนิกของเรา ไม่ได้เป็นอย่างที่ อยากจะให้เป็นเลย $h\"",
        "181928/f Penny 2000/t 900 1600": "50s/-1000 -1000/farmer 75 40 2 Penny 71 45 2 Jas 71 49 3 Vincent 70 49 1/skippable/specificTemporarySprite pennyFieldTrip/positionOffset Penny 0 -16/animate Jas false true 90 16 17 18 19/viewport 71 45 true/move farmer 0 5 3/pause 600/faceDirection Penny 1/pause 600/speak Penny \"โอ้ @! โชคดีจังเลย ที่เจอเธอในเวลานี้\"/emote farmer 8/speak Penny \"ฉันต้องพาเด็กๆ ไปเที่ยวแถบชนบทน่ะ#$b#เธอรู้เรื่อง ชีวิตแถบนั้นดีนี่ ใช่มั้ย?$h\"/speak Penny \"$q -1 null#ฉันเลยคิดว่า... อยากจะชวนเธอมา เป็นวิทยากรหน่อยได้ไหม?#$r -1 10 event_speaker_yes#ฉันยินดีอยู่แล้ว!#$r -1 0 event_speaker_yes#อืม#$r -1 -1500 event_speaker_no#ไม่อะ... ฉันไม่ชอบเด็ก\"/fork eventEnd/faceDirection Penny 2/faceDirection farmer 2/showFrame Penny 26/pause 500/shake Penny 500/speak Penny \"แจส! วินเซนท์! มานี่แปบนึงจ้ะ!\"/pause 80/stopAnimation Jas/faceDirection Jas 0 true/faceDirection Vincent 0/jump Vincent/jump Jas/pause 800/speed Vincent 4/speed Jas 4/move Vincent 0 -3 0 true/move Jas 0 -3 0 true/showFrame Penny 0/faceDirection Penny 2/faceDirection farmer 3/speak Penny \"ฉันมีแขกพิเศษมากๆ ที่จะมาสอนในวันนี้... @ ชาวไร่ของหมู่บ้านเราเอง#$b#เขามีประสบการณ์มากมาย ในชนบท แถมเขายังรู้เรื่อง ทรัพยากรธรรมชาติ ในท้องถิ่นดีอีกด้วย!^เธอมีประสบการณ์มากมาย ในชนบท และเธอยังรู้เรื่อง ทรัพยากรธรรมชาติ ในท้องถิ่นดีอีกด้วย!\"/pause 500/speak Penny \"มีใครบอกฉันได้ไหม ทรัพยากรธรรมชาติ คืออะไร?\"/animate Jas false true 50 20 21/animate Vincent false true 50 16 17/playSound dwop/pause 1200/speak Penny \"แจส?\"/stopAnimation Vincent/stopAnimation Jas/speak Jas \"ทรัพยากรธรรมชาติ คือวัสดุมากมาย ที่เกิดจากธรรมชาติ และมีคุณค่าทางเศรษฐกิจค่ะ$4\"/faceDirection Vincent 1/speak Penny \"ดีมากเลยจ๊ะแจส! เอาไปเลย 2 ดาว\"/speak Jas \"เย้!$h\"/faceDirection Vincent 0/speak Penny \"เอาล่ะ ให้ความสนใจพี่ @ กันหน่อยเด็กๆ\"/move Penny -1 0 1/move farmer -4 0 2/question fork0 \"#ชีวิตชนบทคือการทำฟาร์ม#ชีวิตชนบทคือการหาของป่า\"/fork choseFarming/pause 500/question fork0 \"#แถวๆ นี้ เต็มไปด้วยแร่ที่มีค่ามากมาย#สายน้ำแถวๆ นี้ ก็เต็มไปด้วย ปลาหลากหลายพันธุ์#เธอจะพบว่ามีไม้คุณภาพดี อยู่ทางตอนใต้ของ แกรมเพิลตัน (Grampleton) \"/fork choseMinerals/animate Vincent false true 50 16 17/playSound dwop/pause 300/faceDirection Penny 2/pause 500/stopAnimation Vincent/speak Penny \"ว่าไงวินเซนท์?\"/speak Vincent \"พี่ชาย @ คุณจะแต่งงานกับครูเพนนี มั้ยครับ?$s^พี่สาว @  คุณมีแฟนรึยังครับ?\"/speak Penny \"วินเซนท์! นั้นไม่ใช่คำถามที่เหมาะสมนะ ทำตัวให้ดีๆ หน่อย หรือจะให้ฉันเอาดาวทั้งหมด ที่เธอได้วันนี้คืนล่ะ $a\"/emote Vincent 28/switchEvent fieldTripEnd",
        "choseFarming": "pause 500/question fork0 \"#ดินของหมู่บ้านนี้เหมาะกับ การปลูกผักแสนอร่อย#อากาศและทุ่งหญ้า ของหมู่บ้านนี้ เหมาะกับการเลี้ยงสัตว์\"/fork choseAnimals/animate Vincent false true 50 16 17/playSound dwop/pause 300/faceDirection Penny 2/pause 500/stopAnimation Vincent/speak Penny \"ว่าไงวินเซนท์?\"/speak Vincent \"พี่ @? ถ้าผมกินผักเยอะๆ ผมจะโตขึ้น แล้วแข็งแรงเหมือนพี่ชายผม รึเปล่าครับ?#$b#เขาแข็งแรงมาก ผมเคยเห็นเขาแบกครู เมื่อคืนผมเห็น ครูเพนนีเหยียบไหล่เขา เพื่อปีนขึ้นไปบนต้นไม้ $h\"/showFrame Penny 27/jump Penny/pause 800/showFrame Penny 0/faceDirection farmer 3 true/emote Penny 12/speak Penny \"วินเซนท์! อย่านินทาครูสิ!$a\"/switchEvent fieldTripEnd/",
        "choseAnimals": "pause 500/animate Vincent false true 50 16 17/playSound dwop/pause 300/faceDirection Penny 2/pause 500/stopAnimation Vincent/speak Penny \"ว่าไงจ๊ะวินเซนท์?\"/speak Vincent \"พี่ @? หาอานไปใส่บนวัว แล้วขี่มันไปรอบเมืองได้ไหม? ผมอยากจะเป็นคาวบอย!\"/speak Penny \"วินเซนท์! ทำตัวดีๆ หน่อย พี่ชาย @ เขาทำฟาร์ม เพราะเป็นงานเขานะ ไม่ใช่ของเล่น $h^วินเซนท์! ทำตัวดีๆ หน่อย พี่สาว @ เขาทำฟาร์ม เพราะเป็นงานเขานะ ไม่ใช่ของเล่น $h\"/switchEvent fieldTripEnd",
        "choseMinerals": "pause 500/animate Vincent false true 50 16 17/playSound dwop/pause 300/faceDirection Penny 2/pause 500/stopAnimation Vincent/speak Penny \"ว่าไงจ๊ะวินเซนท์?\"/speak Vincent \"พี่ @ ? จริงไหมครับ ที่มีก็อบลินอาศัยอยู่ในถ้ำ... แล้วคอยออกมาจับเด็กผู้หญิง ไปกินเป็นมื้อค่ำ?\"/jump Jas/pause 800/faceDirection Jas 3/emote Jas 28/animate farmer false true 100 102 103/speak Penny \"วินเซนท์! เธอทำให้แจสกลัวนะ เราไม่พูด ถึงเรื่องมอนสเตอร์ดีกว่า $a\"/faceDirection Penny 1/faceDirection Jas 0/emote Penny 12/pause 400/stopAnimation farmer/pause 300/faceDirection farmer 3/emote farmer 40/faceDirection Penny 2/faceDirection farmer 2/switchEvent fieldTripEnd",
        "fieldTripEnd": "pause 400/emote Penny 40/speak Penny \"เอาล่ะ น่าจะพอสำหรับวันนี้แล้ว ทั้ง 2 คนไปเล่นได้\"/speed Jas 4/move Jas 0 3 1/speed Jas 4/move Jas 9 0 3 true/faceDirection Vincent 2 true/jump Vincent/pause 800/speed Vincent 4/move Vincent 0 3 1 false/speed Vincent 4/move Vincent 9 0 1/pause 500/faceDirection Vincent 2/faceDirection Jas 2/faceDirection Penny 1/faceDirection farmer 3/speak Penny \"มันเหนื่อยจริงๆ ที่ต้องดูแลเด็กพวกนี้...$u#$b#แต่ฉันไม่สนใจหรอก ฉันมีความสุข ที่เห็นเขาได้เรียนรู้... และหวังว่า มันจะช่วยให้เค้าเติบโต เป็นผู้ใหญ่ที่ดีได้\"/faceDirection Penny 2/pause 500/faceDirection Penny 1/speak Penny \"$q -1 null#เธอเคยอยากจะดูแลเด็กๆ บ้างไหม @?#$r -1 0 event_speaker_kids1#ฉันไม่เคยคิด เกี่ยวกับเรื่องพวกนั้นเลย#$r -1 20 event_speaker_kids2#แน่นอน ฉันอยากมีครอบครัวที่ใหญ่ๆ#$r -1 20 event_speaker_kids3#อืม มันเป็นไปตามอายุอยู่แล้ว#$r -1 10 event_speaker_kids4#ไม่นะ ฉันไม่คิดว่าจะทำมันได้ดี#$r -1 -10 event_speaker_kids5#ไม่อะ โลกนี้ก็แออัดพออยู่แล้ว#$r -1 -10 event_speaker_kids6#ไม่อะ ฉันไม่อยากมีครอบครัว\"/viewport move 1 0 10000/pause 7000/stopMusic/globalFade/viewport -2000 -2000/speak Penny \"ฉันดีใจที่เธอพูดออกมา @ ฉันคิดว่าการมีลูก คือช่วงเวลาที่ วิเศษมากเลยล่ะ $h\"/end dialogue Penny \"ขอบคุณที่มาช่วยฉันในวันนี้นะ\"",
        "eventEnd": "faceDirection Penny 3/emote Penny 12/end dialogue Penny \"ไม่อยากจะเชื่อเลย ว่าเธอจะไม่ช่วยฉัน$a\"",
        "318560/j 10/t 900 1600/d Tue Wed Fri Sat": "communityCenter/94 99/farmer 98 88 2 Jas 95 100 3 Vincent 93 100 1/playMusic communityCenter/skippable/move farmer 0 6 2 true/pause 1000/speak Jas \"มันเหม็นจังเลย.$s\"/pause 600/jump Vincent/pause 500/faceDirection Vincent 0/pause 500/showFrame Vincent 16/shake Vincent 400/playSound clank/pause 800/shake Vincent 400/playSound clank/pause 800/showFrame Vincent 8/speak Vincent \"...$s#$b#ทำไมมันล็อคนะ? ผมอยากจะเข้าไป สำรวจข้างใน!$s\"/pause 800/faceDirection Jas 0/pause 800/speak Jas \"หนูคิดว่าลุงกันเธอร์ มีกุญแจอยู่นะ\"/pause 300/faceDirection Vincent 1/speak Vincent \"คุณกันเธอร์? คนที่เฝ้าพิพิธภัณฑ์อยู่อะนะ? ทำไมเธอถึงคิดว่าเค้ามีล่ะ?$u\"/pause 500/faceDirection Jas 3/speak Jas \"หนูเคยเห็นกุญแจเก่าอันใหญ่ๆ ในเสื้อคลุมเค้าครั้งนึง#$b#ประตูท่อน้ำน่าขนลุกนี่ น่าจะใช้กับกุญแจอันนั้นได้ $4\"/playMusic none/pause 2000/playSound slimeHit/pause 400/playSound slimeHit/pause 400/playSound slimeHit/pause 500/emote Vincent 8 true/emote Jas 8 true/pause 900/faceDirection Vincent 0 true/faceDirection Jas 0 true/pause 1600/playSound shadowpeep/shake Vincent 5000/shake Jas 5000/jump Jas/jump Vincent/faceDirection farmer 3 true/faceDirection Vincent 0 true/faceDirection Jas 0 false/pause 1500/playSound shadowDie/jump Vincent/jump Jas/pause 800/speed Vincent 6/speed Jas 6/advancedMove Jas false 4 0 0 -7 -1 0/advancedMove Vincent false 6 0 0 -8 -1 0/proceedPosition Vincent 98 92/faceDirection farmer 0 true/faceDirection Jas 2 true/faceDirection Vincent 2 true/speak Jas \"มีบางอย่าง เคลื่อนไหวอยู่ในนั้น!$u\"/shake Jas 4000/shake Vincent 4000/pause 1000/faceDirection farmer 2/pause 1000/move farmer 0 6 3 false/move farmer -4 0 0/pause 800/emote farmer 40/pause 1600/playSound shadowpeep/faceDirection farmer 2 true/jump farmer/showFrame 94/jump Vincent/jump Jas/speed Jas 4/speed Vincent 4/move Jas 0 -6 0 true/move Vincent 0 -6 0 true/pause 1000/globalFade/viewport -1000 -1000/end",
        "611944/f Shane 500/t 2000 2400": "nightTime/-1000 -1000/farmer 33 18 2 Shane 34 25 2/skippable/addLantern 735 35 25 1/animate Shane false true 200 20 20 20 20 20 20 20 20 20 20 21 22 23 24 24 24 24 23 22 21 20 20 20 20/viewport 34 25 true/move farmer 0 7 2/pause 2000/speak Shane \"ยังไม่นอนอีกเหรอ?\"/stopAnimation Shane/showFrame Shane 20/pause 1000/speak Shane \"นี่มันหนาวจริงๆ\"/pause 500/showFrame Shane 25/pause 1000/playSound coin/showFrame 90/stopAnimation Shane/showFrame Shane 20/pause 5000/showFrame Shane 20/speak Shane \"เฮ้อออ... ชีวิต\"/playMusic echos/pause 4000/speak Shane \"คุณเคยรู้สึกว่า ไม่ว่าคุณจะทำอะไรมันก็ จะล้มเหลวไปซะ ทุกอย่างบ้างไหม?#$b#...เหมือนติดอยู่ในก้นบึ้ง แห่งความทุกข์ และคุณก็อยู่ลึกซะจนไม่ได้เห็น แสงสว่างแห่งวันใหม่\"/pause 2000/speak Shane \"ฉันรู้สึกเหมือนกับว่า ฉันทำอะไรไม่ได้เลย ฉันไม่เข้มแข็งพอ ที่จะปีนออกจากหลุมพวกนั้น\"/pause 3000/farmerEat 346/pause 4000/speak Shane \"หืม... ดื่มให้เยอะๆ เหรอ? แหม่ นายนี่ได้ใจฉันจริงๆ^หืม... ดื่มให้เยอะๆ เหรอ? แหม่ เธอนี่ได้ใจฉันจริงๆ#$b#แต่อย่าทำจนติดเป็นนิสัยนะ... เธอยังมีอนาคตรออยู่\"/pause 3000/stopAnimation Shane/showFrame Shane 19/speak Shane \"ตับของผมขอร้อง ให้หยุดดื่มได้แล้ว แต่มันก็ยังดีกว่านอนร้องไห้ ทั้งคืนล่ะนะ#$b#ไว้เจอกัน @\"/move Shane 0 -6 0 true/pause 1000/globalFade/viewport -1000 -1000/end",
        "3910975/f Shane 1500/e 3910674/t 900 2000/w rainy": "echos/-2000 -2000/farmer 83 92 2 shane -3000 -3000 2 Harvey -3000 -3000 2/skippable/specificTemporarySprite shaneCliffs/viewport 83 99 clamp true/pause 1000/move farmer 0 5 2/pause 500/speak Shane \"...$7#$b#@...$7\"/pause 1000/showFrame farmer 4/pause 1000/speak Shane \"ผม...ผมขอโทษ...*ฮึก*$7#$b#...$7#$b#ช... ชีวิตของผม...$7#$b#เป็นเรื่องที่น่าสมเพชมาก...$7#$b#ดูผมสิ...$7#$b#...$7#$b#ทำไมผมถึงเป็นแบบนี้ได้...*ร้องไห้*$7#$b#ผมยังไม่โตพอที่จะ... จะควบคุมชีวิตตัวเอง ได้ขนาดนั้น...$7#$b#ผมมันก็เป็นแค่... เศษดินไร้ค่า ที่ถูกพัดไปตามสายลม...*โฮฮฮ*$7#$b#.........$7#$b#ผมมาที่นี่บ่อยๆ...และมองลงไป... $7#$b#นี่เป็นโอกาสสุดท้าย ที่ผมจะสามารถ เลือกเส้นทาง ให้กับชีวิตของผมได้... หน้าผาตรงนี้...$7#$b#...$7#$b#ต... แต่... *ฮือออ*... แต่ผมกลัวมาก กังวลมากเลย เหมือนที่เคยเป็นอยู่ตลอด... $7\"/pause 1000/showFrame farmer 0/pause 2000/speak Shane \"@... ทั้งหมดที่ผมทำคือ ทำงาน นอน และดื่ม ...มัน... มันทำให้ผมรู้สึกเกลียดตัวเอง $7#$b#ทำไมผมควรจะไป? บอกผมที... บ... บอกผมทีว่า ทำไมผมไม่ควร โดดลงผาตอนนี้...$7\"/pause 1000/showFrame farmer 0/pause 1000/question shaneCliffs \"#เพราะมีอะไรมากมาย ที่ควรให้เรามีชีวิตอยู่!#แจสต้องการคุณ คุณเหมือนพ่อของเธอ#มันเป็นบาปถ้าคุณฆ่าตัวตาย#คุณตัดสินใจเองเถอะ แค่รู้ไว้ว่าฉันอยู่ตรงนี้ เพื่อคุณเสมอ\"/pause 500/pause 500/pause 500/pause 1000/speak Shane \"@...$7\"/pause 500/showFrame farmer 4/pause 1000/speak Shane \"...คิดว่าตอนนี้ถึงเวลาที่จะ ไปโรงพยาบาลแล้วล่ะ $7\"/pause 500/showFrame farmer 0/jump farmer/pause 1500/globalFade/viewport -1000 -1000/playMusic none/changeLocation Hospital/warp farmer 16 7/playMusic Hospital_Ambient/warp Harvey 16 6/faceDirection farmer 0/specificTemporarySprite shaneHospital/viewport 16 6 true/pause 2000/speak Harvey \"...ผมล้างกระเพาะและ เติมน้ำเข้าร่างกายแล้ว เขาไม่เป็นไรแน่นอน #$b#ดีที่คุณนำเขามาทันเวลา ถึงแม้ว่า\"/faceDirection Harvey 1/emote Harvey 28/speak Harvey \"ในร่างกายเขามัน มีแอลกอฮอล์ มากเกินไป... แต่ตอนนี้ผมกังวลกับ สุขภาพจิตของ เขามากกว่า...$s#$b# พอเขาตื่นแล้ว ผมจะลองคุยกับเขาเกี่ยวกับ ทางเลือกในการรักษา ผมรู้มาว่าในเมืองซูซู มีจิตแพทย์ที่เก่งๆ อยู่...\"/pause 500/faceDirection farmer 1/pause 1000/speak Harvey \"ชีวิตอาจจะเจ็บปวด ในบางครั้งล่ะนะ...#$b#แต่การมีความหวัง ที่ว่าอนาคตจะต้องดีขึ้น คุณต้องเชื่อในพวกมันนะ\"/pause 2000/end invisible Shane",
        "3910979/f Vincent 2000/f Jas 2000/t 600 1700/z summer/z fall/z winter/w sunny": "playful/-2000 -2000/farmer 84 32 2 Jas 85 39 3 Vincent 83 39 1/skippable/specificTemporarySprite springOnion/move farmer 0 5 2 true/viewport 84 39 true/move false/faceDirection Vincent 0/faceDirection Jas 0/jump Vincent/pause 1000/faceDirection Jas 3/speak Vincent \"สวัสดี พี่ชาย @!^สวัสดี พี่สาว @!\"/pause 500/emote farmer 8/faceDirection Vincent 1/move farmer 0 1 2/jump Vincent/pause 1000/speak Vincent \"ห...หอม หัวหอมป่า แม่ให้ผมออกมาเก็บ พวกมันในบางครั้งน่ะ...\"/pause 100/faceDirection Jas 0/speak Jas \"มันเผ็ดเกินไป สำหรับหนู!$s\"/faceDirection Jas 3/emote farmer 28/jump Vincent/faceDirection Vincent 0 true/pause 90/faceDirection Vincent 3 true/pause 90/faceDirection Vincent 2 true/pause 90/faceDirection Vincent 1 true/pause 90/faceDirection Vincent 0/pause 500/playMusic spring_day_ambient/speak Vincent \"พี่เป็นผู้ใหญ่ที่ดีจริงๆ ผมจะโชว์ความลับให้ดูนะ$h\"/pause 1000/playMusic distantBanjo/fade/viewport -2000 -2000/viewport -1000 -1000 true/specificTemporarySprite springOnionDemo/pause 5000/speak Vincent \"เวลาพี่เห็นมันแบบนี้ มันดูดี ใช่ไหมฮะ?\"/pause 3000/speak Vincent \"แต่ถ้าพี่ ปอกเปลือกมันออก นิดหน่อย...\"/pause 500/playSound harvest/specificTemporarySprite springOnionPeel/pause 3000/speak Vincent \"...มีแต่แมลงง!$s\"/pause 2500/specificTemporarySprite springOnionRemove/viewport 84 39 true/playMusic spring_day_ambient/pause 2000/speak Vincent \"เจ๋งใช่ม้า?$h\"/faceDirection Vincent 1/speak Jas \"อืมม... เธอทำอะไรกับ พวกแมลงเหรอ วินเซนท์?\"/jump Vincent/pause 800/speak Vincent \"ปกติแล้ว ฉันจะเหยียบมันให้แบน!\"/pause 500/shake Jas 2000/jump Jas/textAboveHead Jas \"*อ้าปากค้าง*!\"/pause 2000/speak Jas \"นั้นมันน่ากลัวมาก! ไม่นะ ไม่ ไม่ ไม่....$s\"/faceDirection Jas 0/speak Jas \"พี่ชาย @? ช่วย... หยิบเจ้าแมลงกลับไป ไว้ในสนามหญ้า ให้มันมีชีวิตที่สงบทีเถอะ^พี่สาว @? ช่วย... หยิบเจ้าแมลงกลับไป ไว้ในสนามหญ้า ให้มันมีชีวิตที่สงบทีเถอะ\"/emote farmer 40/animate farmer false true 200 102 103/speed Vincent 4/move Vincent -1 0 2/speed Vincent 4/move Vincent 0 1 1/speed Vincent 4/move Vincent 1 0 0/speed Vincent 4/move Vincent 0 -1 0/speed Vincent 4/move Vincent -1 0 2/speed Vincent 4/move Vincent 0 1 1/speed Vincent 4/move Vincent 1 0 0/speed Vincent 4/move Vincent 0 -1 0/jump Vincent/fade/viewport -3000 -3000/pause 1000/message \"คุณได้เรียนรู้ วิธีทำความสะอาดต้นหอม (Spring onion) ...โดยไม่ทำร้ายแมลงใดๆ\"/pause 1000/playSound reward/message \"ต้นหอม (Spring onions) มีมูลค่า เพิ่มขึ้น 5 เท่า!\"/pause 1000/end",
        "3091462/e 3911124/O Leah/w sunny/t 1130 1400/A leahPaint": "breezy/-1000 -1000/farmer 75 40 3 Leah 73 38 3 Marnie 70 39 1/skippable/specificTemporarySprite leahPaintingSetup/animate farmer true true 100 80 80 80 80 81 81 81 81 80 80 80 80 81 81 81 81 81 81 81 81 81 81 81 81 81 81/makeInvisible 68 36 13 7/animate Leah false true 100 48 49 48 49 48 49 48 49 48 48 48 48 48 48 48 48 48 49 48 49 48 48 48 48 48 48/viewport 72 39 true/pause 6000/emote Marnie 28/speak Marnie \"อืม... ลีอา? มันจะเป็นอย่างนี้ ไปอีกนานแค่ไหน?$s#$b#...หัวเข่าของฉันกำลังสั่น ต้นขาของฉันก็กำลังร้องอยู่ แถมเท้าของฉัน ก็ไม่รู้สึกแล้วด้วย$s\"/shake Marnie 500/pause 1000/shake Marnie 500/speak Leah \"แค่พยายามต่อไปมานี... อย่ายุกยิก!$h\"/emote Marnie 28/speak Leah \"เฮ้ @... คุณคิดว่า ฉันจะทำงานแบบไหน ออกมาดี? ฉันพร้อมสำหรับ ทุกแบบนั่นแหละ...\"/pause 1000/quickQuestion #ภาพเหมือนแนวคลาสสิก#ศิลปะเรโทรป๊อปสีสันสดใส#มินิมอลสมัยใหม่(break)speak Leah \"ยังคงชอบแบบคลาสสิกสินะ หื้ม? ใช่ ฉันคิดว่ามานีจะชอบมันมากๆ\"\\addWorldState m_painting0(break)speak Leah \"เป็นความคิดที่ดี! มันฟังดูสนุกดีนะ... ฉันจะเพิ่มสีเหลือง ลงไปในจานสีของฉัน...\"\\addWorldState m_painting1(break)speak Leah \"อืม... นั่นไม่ใช่แบบปกติที่ฉันทำ แต่ฉันจะลองดูซักหน่อย ฉันน่าจะเปลี่ยนไปใช้ สีอะคริลิค สำหรับงานนี้...\"\\addWorldState m_painting2/pause 500/speak Leah \"ผลงานของคุณเป็นยังไงบ้าง?\"/quickQuestion #มันคือผลงานวิจิตรศิลป์ชิ้นเอก !#ฉันพยายามทำดีที่สุดแล้ว...#เหมือนรอยไก่คุ้ยดิน(break)speak Leah \"ว้าว ฉันชอบความมั่นใจของคุณจัง!$h#$b#ใครจะไปรู้? คุณอาจจะกลายเป็น ลูพินี่คนถัดไปก็ได้นะ!$h#$b#...รอที่จะเห็นมันไม่ไหวแล้ว\"(break)speak Leah \"เฮ้ อย่ากังวลไปเลย ถ้าเธอยังคงพยายาม อย่างที่สุด ยังไงเธอก็จะเก่งขึ้นกว่าเดิม แน่นอน!\"(break)speak Leah \"เฮ้ นั่นมันโอเคน่า! คุณต้องเริ่มจากที่ไหนสักที่ และคุณจะไม่มีทางรู้ว่า 'รอยไก่คุ้ยดิน' ของคนคนหนึ่งอาจจะเป็น 'ศิลปะสมัยใหม่' ของใครหลายๆ คนก็ได้นะ\"/pause 500/textAboveHead Marnie \"ทำให้ฉันดูดีเชียว!\"/pause 1500/textAboveHead Leah \"ชู่ววววว!\"/pause 2300/speak Leah \"เอาล่ะ อย่าลืมเทคนิค ที่ฉันสอนคุณไปล่ะ... เส้นหนา จับแปรงอย่างนี้...\"/pause 1000/playSound slimeHit/pause 1000/playSound slimeHit/pause 1000/playSound slimeHit/pause 2000/stopAnimation Leah/showFrame Leah 12/textAboveHead Leah \"นั่นไง!\"/pause 3000/faceDirection Leah 2 true/playSound coin/specificTemporarySprite leahHoldPainting/pause 1000/textAboveHead Leah \"คุณคิดว่ายังไง?\"/pause 2000/textAboveHead Marnie \"อู้ววว!\"/emote farmer 56/pause 2000/specificTemporarySprite leahStopHoldingPainting/pause 1000/speak Marnie \"ฉันรักมัน! มันดูดีในห้องของฉันมากเลย...$h\"/pause 500/speak Leah \"ทีนี้ มาดูกันว่าคุณมีอะไรบ้าง @\"/specificTemporarySprite removeSprite 444/stopAnimation farmer/faceDirection farmer 3/move Leah 4 0 2/move Leah 0 1 3/pause 100/showFrame Leah 24/pause 1000/showFrame Leah 12/emote Leah 40/emote Leah 28/speak Leah \"เอิ่ม... มัน... น่าสนใจ!$6#$b#มัน อืม... เป็นการเข้าถึงแบบที่ แตกต่างออกไป ใช่แล้ว...$6\"/pause 500/emote Marnie 8/move Marnie 0 2 1/textAboveHead Marnie \"ให้ฉันดูหน่อย\"/move Marnie 7 0 0/move Marnie 0 -1 3/pause 500/emote Marnie 8/pause 1000/faceDirection farmer 2 true/playSound coin/showFrame farmer 57/specificTemporarySprite farmerHoldPainting/pause 500/showFrame Marnie 16/pause 50/jump Marnie/shake Marnie 3000/faceDirection Leah 2/pause 2000/speak Leah \"มานี คุณเอาทั้งสองภาพนี้ ไปแขวนไว้ในห้องของคุณ ก็ได้นะ!$h\"/jump Marnie/pause 1500/speak Marnie \"เอิ่ม... @ ทำไมเธอถึงไม่เก็บ ของตัวเองเอาไว้ล่ะ? มันน่าจะดีที่ เอ้อ... ได้เก็บผลงานชิ้นแรก ของตัวเองเอาไว้... ใช่มั้ย?$s\"/pause 1000/awardFestivalPrize marniePainting/pause 2000/fade/viewport -1000 -1000/pause 500/end dialogue Leah \"อืม... ที่รัก? เธอวางแผนจะเอาภาพ ที่เธอวาดภาพนั้น ไปแขวนที่ไหนหรอ?$3\""
    }
}
