{
    "header": {
        "target": "w",
        "formatVersion": 5,
        "hidef": true,
        "compressed": 128
    },
    "readers": [
        {
            "type": "Microsoft.Xna.Framework.Content.DictionaryReader`2[[System.String, mscorlib, Version=4.0.0.0, Culture=neutral, PublicKeyToken=b77a5c561934e089],[System.String, mscorlib, Version=4.0.0.0, Culture=neutral, PublicKeyToken=b77a5c561934e089]]",
            "version": 0
        },
        {
            "type": "Microsoft.Xna.Framework.Content.StringReader",
            "version": 0
        }
    ],
    "content": {
        "normal": "pause 400/speak Harvey \"โทษทีนะ พอดีผมยุ่งๆ อยู่... ไม่รู้เลยว่าคุณจะมาหา$h\"/move farmer 0 -2 0/pause 600/speak Harvey \"เฮ้ ผมคิดว่า ผมได้ยินเสียงเครื่องบิน เพิ่งบินผ่านไปนะ...\"/move Harvey 0 1 3/move Harvey -3 0 0/move Harvey 0 -2 0/speak Harvey \"@ มาทางนี้สิ!\"/move farmer 0 -1 3/move farmer -4 0 0/move farmer 0 -2 0/speak Harvey \"ดูนั่นสิ!\"/globalFade/cutscene plane/viewport -1000 -1000/speak Harvey \"ตอนที่ยังเป็นเด็ก ผมฝันจะเป็นนักบินมาตลอด\"/pause 1000/speak Harvey \"...แต่ด้วยเรื่องสายตา และความสูงของผม ที่เป็นปัญหา ความฝันมันเลย เลือนลางลงทุกที$s\"/faceDirection Harvey 3/faceDirection farmer 1/viewport 5 6 true/pause 1000/emote farmer 28/speak Harvey \"ไม่เป็นไรหรอก... อย่าเศร้าไปเลย#$b#ผมโตขึ้น และยอมรับใน สภาพของตัวเองตอนนี้ได้แล้ว ไม่ใช่ทุกคนหรอก ที่จะได้ทำอย่างที่ฝัน... มันเป็นวิถีของโลกใบนี้ อยู่แล้วใช่มั้ยล่ะ\"/pause 1600/speak Harvey \"เฮ้ ผมจะพาคุณไปดู โมเดลเครื่องบินที่ผม เพิ่งทำมันเสร็จล่ะ TR-Starbird deluxe set รุ่นใหม่เลยนะ$h\"/advancedMove Harvey false 0 2 4 0/faceDirection farmer 2/end"
    }
}
