{
    "header": {
        "target": "w",
        "formatVersion": 5,
        "hidef": true,
        "compressed": 128
    },
    "readers": [
        {
            "type": "Microsoft.Xna.Framework.Content.DictionaryReader`2[[System.String, mscorlib, Version=4.0.0.0, Culture=neutral, PublicKeyToken=b77a5c561934e089],[System.String, mscorlib, Version=4.0.0.0, Culture=neutral, PublicKeyToken=b77a5c561934e089]]",
            "version": 0
        },
        {
            "type": "Microsoft.Xna.Framework.Content.StringReader",
            "version": 0
        }
    ],
    "content": {
        "7/f Maru 1000/p Maru": "Hospital_Ambient/-1000 -1000/farmer -10000 -10000 0 Maru 9 15 3 Harvey 7 10 0/skippable/changeSprite Maru Hospital/changePortrait Maru Hospital/showFrame Maru 18/viewport 10 15/pause 4000/speak Maru \"*ถอนหายใจ*... ฉันเบื่อเต็มทีแล้วนะ ที่ต้องจัดเตรียม ตัวอย่างพวกนี้...$s\"/pause 2000/playSound doorClose/warp farmer 10 19/pause 100/playSound throw/showFrame Maru 17/shake Maru 2000/jump Maru/specificTemporarySprite maruBeaker/move farmer 0 -1 0/pause 1250/showFrame Maru 0/faceDirection Maru 2/pause 100/speak Maru \"อ๊า! ไม่นะ!... $4\"/pause 600/showFrame Maru 16/pause 1000/speak Maru \"หลอดเก็บตัวอย่าง แตกไปซะแล้ว... หมอฮาร์วีย์ต้องฆ่าฉันแน่เลย...$s\"/pause 600/showFrame Maru 0/faceDirection Maru 0/pause 1500/faceDirection Maru 2/pause 400/speak Maru \"$q 38 null#@ ฉันควรจะทำยังไงดีล่ะ?#$r 38 -50 Event_Hospital_1#เก็บกวาดให้เร็วที่สุด เขาไม่รู้เรื่องหรอก#$r 39 -20 Event_Hospital_2#บอกฮาร์วีย์ ว่าเป็นความผิดของเรา#$r 38 50 Event_Hospital_3#บอกฮาร์วีย์ ว่าเป็นอุบัติเหตุ\"/move Harvey 3 0 2/move Harvey 0 2 2/doAction 10 13/move Harvey 0 1 2/faceDirection Maru 1/speak Harvey \"เกิดอะไรขึ้นน่ะ? เหมือนผมจะได้ยินเสียง อะไรแตกนะ\"/pause 500/speak Maru \"$p 38#ฉันพลาดทำหลอดเก็บตัวอย่าง หล่นแตกน่ะค่ะ... ขอโทษด้วยนะคะ$s|@ เข้ามาปิดประตูเสียงดัง จนฉันตกใจ เผลอทำหลอดตัวอย่าง หลุดมือน่ะค่ะ$u\"/fork toldTruth/move Harvey 0 2 3/emote Harvey 40/speak Harvey \"เธอไม่ควรโทษคนอื่น ในสิ่งที่เธอทำนะมารุ$a\"/pause 300/faceDirection Harvey 1/speak Harvey \"*ถอนหายใจ*... เดี๋ยวผมคงต้องเรียกคนไข้ ให้กลับเข้ามาเก็บตัวอย่าง ใหม่อีกรอบ$s#$b#มันอาจจะทำให้คน โจษจันกันได้นะ ว่าพวกเราทำงาน ไม่มีประสิทธิภาพ...$s\"/pause 600/faceDirection Maru 2/pause 1000/showFrame Maru 16/pause 500/emote farmer 28/end",
        "toldTruth": "move Harvey 0 2 3/speak Harvey \"ยังไงก็ขอบใจนะ ที่เธอพูดความจริงน่ะมารุ#$b#ไม่ต้องห่วงเรื่อง ตัวอย่างหรอก ผมยังมีสำรองอีกชุดหนึ่ง\"/pause 500/emote Harvey 32/pause 500/speak Maru \"ยังไงก็ขอบคุณที่ดีกับฉัน ถึงขนาดนี้ด้วยนะคะ คุณหมอฮาร์วีย์\"/pause 500/speak Harvey \"ก็นะ... มีแต่เธอเท่านั้นแหละ ที่ช่วยผมมาตลอด ให้ทำคนเดียวน่ะ ไม่ไหวหรอก!\"/pause 500/emote Maru 32/pause 1000/faceDirection Harvey 2/pause 500/emote Harvey 8/speak Harvey \"@? คุณดูหน้าซีดแปลกๆนะ... เป็นอะไรหรือเปล่า?\"/pause 500/faceDirection farmer 2/emote farmer 28/end",
        "57/f Harvey 1000/p Harvey": "sweet/-100 -100/farmer 10 19 0 Harvey 9 14 3/skippable/doAction 10 13/viewport 10 14/move farmer 0 -2 0/pause 300/faceDirection Harvey 2/speak Harvey \"ฮ้า @! ผมกำลังจะเขียน จดหมายถึงคุณอยู่พอดีเลย\"/faceDirection farmer 0/emote farmer 8/speak Harvey \"เห็นหรือเปล่า ในรายงานของผม เขียนเอาไว้ว่า ถึงนัดตรวจสุขภาพประจำปี ของคุณแล้วนะ!\"/emote farmer 28/speak Harvey \"เอาน่า... ไม่เห็นต้องกังวลอะไรเลย ผมจะทำให้ไว แบบไม่เจ็บเลยสักนิด ตามผมมาสิ\"/pause 600/advancedMove Harvey false 1 0 0 -4 -5 0/move farmer 0 -7 0 false/move farmer -4 0 3 true/viewport move -1 -2 4500/proceedPosition Harvey 5 10/doAction 5 9/move Harvey 0 -5 2 false/move farmer -1 0 0 false/move farmer 0 -4 0 false/pause 500/speak Harvey \"อืมม... เอาล่ะ อ้าปากค้างไว้นะ อย่างนั้นล่ะ\"/pause 2000/speak Harvey \"ร้อง 'อ้า...' ยาวๆ ซิ\"/pause 500/speak Harvey \"เอาล่ะ พอแล้ว\"/pause 600/move Harvey -1 0 0/pause 1000/showFrame Harvey 19/playSound openBox/pause 1000/showFrame Harvey 8/move Harvey 0 1 1/faceDirection farmer 3/speak Harvey \"ผมขอตรวจ สัญญาณชีพของคุณหน่อยนะ\"/pause 800/animate Harvey false true 100 4 5 6 7/positionOffset Harvey 2 0/pause 50/positionOffset Harvey 2 0/pause 50/positionOffset Harvey 2 2/pause 50/positionOffset Harvey 2 2/pause 50/positionOffset Harvey 2 2/pause 50/positionOffset Harvey 2 2/pause 50/positionOffset Harvey 2 2/pause 50/positionOffset Harvey 2 2/pause 50/stopAnimation Harvey/showFrame Harvey 20/pause 150/showFrame Harvey 21/pause 1500/speak Harvey \"$q 86 null#อืมม... ชีพจรคุณเต้นเร็วมากเลย$u#$r 86 20 event_heart1#รู้สึกกลัวนิดหน่อยน่ะ...#$r 86 20 event_heart2#ก็เพิ่งจะทำฟาร์มเสร็จ ก่อนจะมาหาหมอนี่แหละ#$r 86 -50 event_heart3#นี่เป็นหมอจริงหรือเปล่าเนี่ย? ชีพจรปกติดีเหอะ!\"/pause 800/showFrame Harvey 20/pause 150/showFrame Harvey 4/animate Harvey false true 100 7 6 5 4/positionOffset Harvey -2 0/pause 50/positionOffset Harvey -2 0/pause 50/positionOffset Harvey -2 0/pause 50/positionOffset Harvey -2 0/pause 50/positionOffset Harvey -2 0/pause 50/positionOffset Harvey -2 0/pause 50/positionOffset Harvey -2 0/pause 50/positionOffset Harvey -2 0/pause 50/stopAnimation Harvey/pause 1300/speak Harvey \"เอาล่ะ ดูเหมือนคุณจะมีสุขภาพ ที่แข็งแรงมากเลย @#$b#แต่ก็ไม่ควรหักโหม ทำงานในฟาร์มจนเกินไปล่ะ!\"/emote farmer 32/pause 800/move farmer 0 1 2 true/faceDirection Harvey 2 true/move farmer 0 1 2/speak Harvey \"ยังไงก็ขอบคุณที่แวะมานะ$h\"/faceDirection farmer 0 true/end",
        "571102/f Harvey 2000": "Hospital_Ambient/-100 -100/farmer -200 -2000 0 Harvey 4 5 0/skippable/changeLocation HarveyRoom/showFrame Harvey 23/viewport 5 6 true/pause 1000/speak Harvey \"ฮัลโหล? ฮัลโหล? ได้ยินหรือเปล่า?$9\"/pause 1300/emote Harvey 40/speak Harvey \"ด็อกเตอร์ เอช (Dr.H) เรียก พิกัด 52 เหนือ 43.5 ตะวันออก รอการตอบกลับ สัญญาณทางอากาศ ได้ยินหรือไม่? ทราบแล้วเปลี่ยน$9\"/pause 2000/emote Harvey 40/pause 700/playSound newArtifact/message \"ได้ยินแล้ว.. ดอกเตอร์เอช (Dr. H) เรากำลังสื่อสาร กับคุณอยู่บนภาคพื้นดิน... นี่คือแบลคเบิร์ดฟิเวอร์ ฟิเวอร์ ซูซู (Blackbird Fiver Fiver Zuzu) คุณมีอะไรจะรายงาน?\"/showFrame Harvey 28/jump Harvey/pause 800/speak Harvey \"มีคนตอบด้วยเว้ยเฮ้ย!?$10#$b#เอ่อ... ผมหมายถึง!... รายงานจากภาคพื้นดิน แจ้งว่าอยู่ที่ 3 คลิ๊กส์ (Clicks) 36 องศาทิศตะวันตกเฉียงเหนือ อุณหภูมิภาคพื้นอยู่ที่ 42 องศาแครกส์ (Kraggs) ความชื้นสัมพันธ์ 53% ด็อกเตอร์ เอช (Dr.H) เลิก!$10\"/pause 300/playMusic kindadumbautumn/faceDirection Harvey 1 true/move Harvey 2 0 1/speak Harvey \"เฮือก ชีพจรเต้นระรัวเลย...$7\"/pause 400/playSound doorClose/warp farmer 6 12/move farmer 0 -3 0/faceDirection Harvey 2/speak Harvey \"@!\"/question fork1 \"#ถามฮาร์วีย์ว่า ทำไมถึงตื่นเต้นขนาดนี้#ทำเหมือนไม่มีอะไรเกิดขึ้น\"/fork normal/pause 500/speak Harvey \"อ่า... น่าจะเห็นแล้วสินะ ว่าเมื่อกี้ผมเล่นวิทยุอยู่... แล้วก็ได้ติดต่อกับ นักบินตัวจริงด้วย!\"/emote Harvey 16/speak Harvey \"จากที่ได้ข้อมูลมา เราน่าจะได้เจอเขาบินผ่าน เหนือหัวจริงๆแล้วล่ะ!\"/move Harvey 0 1 3/move Harvey -3 0 0/move Harvey 0 -2 0/speak Harvey \"เร็วเข้า มาดูตรงนี้ด้วยกันเร็ว!\"/speed farmer 4/move farmer 0 -3 3/speed farmer 4/move farmer -4 0 0/speed farmer 4/move farmer 0 -2 0/speed farmer 4/speak Harvey \"นั่นไง!\"/globalFade/cutscene plane/viewport -1000 -1000/speak Harvey \"ตอนที่ยังเป็นเด็ก ผมใฝ่ฝันว่าอยากจะเป็น นักบินมาตลอด\"/pause 1000/speak Harvey \"...แต่เพราะสายตาสั้นแล้ว ก็กลัวความสูงด้วยความฝันนั้น ก็เลยต้องพับเก็บไป$s\"/faceDirection Harvey 3/faceDirection farmer 1/viewport 5 6 true/pause 1600/emote farmer 28/speak Harvey \"เอาน่า ไม่เห็นต้องเศร้าแทนเลย#$b#ผมโตมาโดยที่ยอมรับ ในสภาพของตัวเองได้แล้ว เพราะไม่ใช่ทุกคนหรอกนะ ที่จะทำตามความฝันได้ เสมอไปน่ะ... นี่แหละความเป็นจริง ของโลกใบนี้\"/pause 1600/speak Harvey \"นี่ สนใจดูโมเดลเครื่องบิน ของผมมั้ย ผมเพิ่งจะต่อชุดทีอาร์-สตาร์เบิร์ด เดอลุกซ์ (TR-Starbird deluxe) เสร็จเอง$h\"/advancedMove Harvey false 0 2 16 0/faceDirection farmer 2/globalFade .003/viewport -1000 -1000/pause 500/end",
        "PlayerKilled": "none/-100 -100/farmer 20 12 2 Harvey 21 12 3/pause 1500/showFrame 5/message \" ...{0}?\"/pause 1000/message \"ใจเย็น ...ช้าๆ\"/viewport 20 12 true/pause 1000/speak Harvey \"มีคนเจอคุณหมดสติ และสภาพดูไม่ค่อยจะดี... ผมเลยพาคุณมาปฐมพยาบาล เบื้องต้นก่อนน่ะ!#$bคราวหลังก็เพิ่ม ความระมัดระวังหน่อยล่ะ โอเคมั้ย?$s\"/showFrame 0/pause 1000/emote farmer 28/hospitaldeath/end"
    }
}
