{
    "header": {
        "target": "w",
        "formatVersion": 5,
        "hidef": true,
        "compressed": 128
    },
    "readers": [
        {
            "type": "Microsoft.Xna.Framework.Content.DictionaryReader`2[[System.String, mscorlib, Version=4.0.0.0, Culture=neutral, PublicKeyToken=b77a5c561934e089],[System.String, mscorlib, Version=4.0.0.0, Culture=neutral, PublicKeyToken=b77a5c561934e089]]",
            "version": 0
        },
        {
            "type": "Microsoft.Xna.Framework.Content.StringReader",
            "version": 0
        }
    ],
    "content": {
        "18/f George 1500/p George": "sadpiano/17 17/farmer 10 19 1 George 18 17 0/skippable/emote George 12/speak George \"ฮึบบบบ....ฉันหยิบมันไม่ถึง!$u#$b#ถ้าฉันไม่ได้นั่ง อยู่บนรถเข็นบ้าๆ นี่ล่ะก็นะ...$s\"/move farmer 4 0 0/move farmer 0 -2 0/move farmer 3 0 0/pause 500/showFrame 15/pause 500/pause 500/playSound Ship/pause 500/stopAnimation farmer/faceDirection farmer 1/faceDirection George 3/showFrame 35/pause 500/playSound coin/pause 300/stopAnimation farmer/pause 500/speak George \"ขอบใจ พ่อหนุ่ม^ขอบใจ แม่หนู\"/pause 800/speed George 1/faceDirection George 2/pause 500/move George 0 1 2/faceDirection farmer 2/pause 1000/speak George \"*เฮ้อ*...มันก็ผ่านมา 30 กว่าปีแล้วล่ะ$s#$b#ตอนนั้นฉันทำงานในเหมือง เราอยู่ในช่วงใกล้ ที่จะเลิกงานพอดี แต่มันยังเหลืองานชิ้นสุดท้าย ของวันที่ยังจะต้องทำอยู่ #$b#ฉันต้องเข้าไป ติดตั้งระเบิดไดนาไมท์ แต่ฉันดันลื่นล้มเพราะไปสะดุด รอยแตกของหิน ไดนาไมท์ที่เอาไปด้วย เลยตกกระแทกพื้น\"/pause 800/speak George \"จากนั้นสิ่งต่อไปที่จำได้คือ ฉันตื่นมาในโรงพยาบาล... และพวกเขาบอกว่า ฉันไม่สามารถเดินได้ อีกต่อไปแล้ว\"/faceDirection George 3/speak George \"รู้แล้วสินะ เธออาจจะคิดว่า ฉันแก่เกินจนเดินไม่ได้#$b#อยากให้รู้ไว้นะ ฉันว่องไวกว่าไก่กาที่ไหนอีก ถ้าไม่ได้ประสบอุบัติเหตุนั่น!\"/faceDirection George 2/speak George \"...\"/move farmer 0 1 1/pause 1700/speak George \"นายดีกับฉันมากๆ เลยพ่อหนุ่ม ฉันซาบซึ้งจริงๆ^เธอดีกับฉันมากเลยสาวน้อย ฉันซาบซึ้งจริงๆ#$b#ต่อไปเมื่อเธอแก่ตัวไป เธอจะค่อยๆ ลืมคนที่เป็นห่วงเธอทีละคนๆ\"/pause 800/faceDirection George 3/pause 1000/end",
        "19/f Evelyn 1000/p Evelyn": "jaunty/3 17/farmer 8 19 3 Evelyn 3 17 0/skippable/move farmer -5 0 0/move farmer 0 -1 0/emote farmer 8/faceDirection Evelyn 2/speak Evelyn \"โอ้! @! เธอกำลังสงสัยใช่มั้ยจ๊ะ ว่ามันคือกลิ่นอะไร?#$b#ทำไมน่ะเหรอ เป็นคำถามที่ดีมากๆเลย เพราะยายกำลังอบคุกกี้ สูตรที่ดีที่สุดของยายอยู่ไงล่ะ!$h\"/emote farmer 16/speak Evelyn \"นี่ไง ลองซักชิ้นไหม?\"/faceDirection Evelyn 0/pause 600/playSound clank/pause 600/faceDirection Evelyn 2/pause 900/farmerEat 223/pause 2000/stopAnimation farmer/faceDirection farmer 0/speak Evelyn \"$q 51 null#มันเป็นยังไงบ้าง?#$r 51 100 Event_cookies1#มันอร่อยมากเลย!#$r 51 -100 Event_cookies2#มันแข็งไปหน่อยนะ\"/playMusic none/speak Evelyn \"ยายว่า ยายจะบอกเธอ เกี่ยวกับสูตรคุกกี้ แต่เธอต้องสัญญาว่า จะเก็บมันเป็นความลับนะ $h\"/playSound reward/message \"เรียนรู้วิธีการทำ 'คุกกี้ (Cookies)'\"/addCookingRecipe Cookies/end",
        "21/f Alex 1250/p Alex": "sadpiano/12 5/farmer 10 11 0 Alex 13 5 0/skippable/pause 500/speak Alex \"*ถอนหายใจ*$s\"/doAction 10 9/move farmer 0 -5 1/move farmer 3 0 0/pause 500/faceDirection Alex 2/pause 600/speak Alex \"โอ้ สวัสดี @ $s\"/faceDirection Alex 0/move farmer 1 0 0/move farmer 0 -1 3/emote farmer 8/pause 500/emote Alex 28/speak Alex \"ดูหนังสือพวกนั้นสิ ฉันไม่เคยอ่านมันเลย แม้แต่เล่มเดียว แค่คิดว่าจะต้องเปิดมันอ่าน ก็ทำเอาฉันปวดหัวแล้ว $s#$b#แต่เธอไม่สามารถใช้ชีวิต ให้ดีได้ถ้าไม่มีความรู้ล่ะนะ...$s\"/faceDirection Alex 1/speak Alex \"$q 57 null#ฉันนี่มันไร้ค่าจริงๆ...$s#$r 57 0 Event_books1#บ้าน่า เธอฉลาดออกจะตาย!#$r 57 50 Event_books2#คนเรามีจุดอ่อนจุดแข็งต่างกัน#$r 57 -50 Event_books3#ไร้ค่า? อืมมันคงประมาณนั้นแหละ\"/faceDirection Alex 0/pause 1000/emote Alex 16/speak Alex \"เยี่ยม งั้นฉันจะไม่ยอมแพ้!$a\"/faceDirection Alex 1/speak Alex \"ถ้าฉันพยายาม ฉันต้องทำได้ทุกอย่างแน่นอน!\"/jump farmer/pause 800/speak Alex \"เฮ้ บางทีเราน่าจะไปหาไรกิน แล้วคุยเรื่องเอ่อ ....ป-ปรัช-ชะญา นั้นไม่ใช่สิ่งที่คนเก่งๆ ชอบพูดกันหรอกเหรอ? $h\"/faceDirection farmer 2/animate farmer false true 100 102 103/pause 2000/globalFade/viewport -1000 -1000/stopAnimation farmer/end",
        "2119820/f Alex 1500/p Alex": "jaunty/-1000 -1000/farmer 10 10 0 Alex 13 6 2/skippable/showFrame Alex 28/animate Alex false true 100 28 29 30 31 32 32 31 30 29 28/viewport 13 6 true/pause 6500/stopAnimation Alex/pause 1000/doAction 10 9/move farmer 0 -3 1/move farmer 2 0 0/showFrame Alex 34 true/animate Alex false false 100 28 33 34/pause 600/speak Alex \"โอ้! เฮ้... ฉันกำลังออกกำลังกายอยู่พอดี มันเป็นกิจวัตรของฉันน่ะ $6#$b#... ขอโทษทีนะ ที่ไม่ได้ใส่เสื้อ $6\"/pause 1000/emote Alex 40/speak Alex \"เอ่อ... @? ฉันมีเรื่องจะบอกเธอ เกี่ยวกับอะไรบางอย่างน่ะ...$8\"/emote farmer 8/pause 1000/speak Alex \"ฉันเริ่มคิดๆ ดูแล้วเรื่อง... เอ่อ ที่ฉันทำตัวไม่ดีกับเธอ แต่ก่อนน่ะ และในหลายๆ เรื่อง $8\"/pause 1000/showFrame Alex 33/pause 1000/speak Alex \"ฉันเดาว่าฉันอาจจะถูกตัดออก จากการคัดนักกีฬามืออาชีพ... มันเป็น ความฝันของฉันเลยนะ... เธอรู้รึเปล่า?$8#$b#ยังไงก็ตาม... ฉันต้องขอโทษด้วยนะ ที่ชอบโอ้อวด และทำตัวน่ารำคาญน่ะ ฉันขอบคุณเธอจริงๆ ที่คอยอยู่เป็นเพื่อนฉัน ฝ่าฟันทุกสิ่งมาด้วยกัน $6\"/move farmer 1 0 0/pause 1000/jump farmer/pause 800/showFrame Alex 34/pause 800/emote Alex 32/pause 1200/showFrame Alex 29/pause 100/showFrame Alex 28/pause 100/showFrame Alex 29/pause 100/animate Alex false true 50 30 31 32 32 31 30/pause 3000/globalFade/viewport -1000 -1000/end",
        "56/f Harvey 500/p George": "jaunty/16 18/farmer 9 24 0 George 16 18 1 Harvey 15 18 1/skippable/move farmer 0 -4 1/move farmer 1 0 1/speak Harvey \"โอเคจอร์จ ผมอยากให้คุณหายใจเข้าลึกๆ\"/pause 700/speak Harvey \"อืมมม... หันหลังหน่อยครับ\"/pause 300/faceDirection George 2/faceDirection George 3/speak Harvey \"จอร์จ ผมจะบอกคุณตรงๆ เลยนะ เพื่อสุขภาพที่ดี คุณจะต้องปรับเปลี่ยนนิสัย บางอย่างของคุณแล้วล่ะ#$b#ผมอยากให้คุณ ลดการกินเค็มลงหน่อย และพยายามออกกำลังกาย แขนของคุณบ้าง\"/emote George 12/speak George \"อืมมมม... ฉันรู้น่าว่าอะไรดีสำหรับฉัน คิดว่านายเป็นใครกัน มาบงการชีวิตฉันให้ทำนั่นนี่?\"/pause 500/speak Harvey \"ผมเป็นหมอ ที่ต้องคอยดูแลคุณนะจอร์จ นั้นแหละที่ผมเป็น...#$b#และผมอยากจะเป็นหมอ ที่อยากคอยช่วยเหลือผู้คน ให้มีสุขภาพดีมาตั้งแต่ 8 ขวบแล้ว\"/move farmer 0 -1 1/move farmer 5 0 0/faceDirection Harvey 2 true/faceDirection George 2/speak Harvey \"โอ้!#$b#ผมขอโทษที แต่เธอไม่ควรจะ มาอยู่ในนี้นะ... มันควรที่จะเป็น เวลาส่วนตัวสักหน่อย\"/faceDirection farmer 3/speak George \"ไม่เป็นไรหรอก! ฉันกำลังอยากได้ความเห็น จากพ่อหนุ่มพอดี^ไม่เป็นไรหรอก! ฉันกำลังอยากได้ความเห็น จากสาวน้อยพอดี\"/faceDirection farmer 1/speak Harvey \"ก็ดี...\"/speak Harvey \"$q 84 null#@ เธอคิดว่าจอร์จควรทำยังไง?#$r 84 40 event_george1#จอร์จ ควรทำตามคำแนะนำ ของหมอฮาร์วีย์#$r 85 -40 event_george2#จอร์จรู้ว่า อะไรดีสำหรับตัวเค้าเอง\"/faceDirection Harvey 1/faceDirection George 2/emote George 28/speak George \"ก็ได้ ฉันจะทำตามที่คุณบอก คุณหมอ\"/pause 500/faceDirection Harvey 2/speak Harvey \"$p 84#ขอบคุณที่ช่วยนะ @  ฉันขอบคุณจริงๆ $h|มันไม่ดีเลย ที่จะให้คนไข้ตีความไปเอง คำพูดฉันมั่นค่อนข้างจะงงๆ จำเอาไว้ล่ะ @\"/end"
    }
}
