{
    "header": {
        "target": "w",
        "formatVersion": 5,
        "hidef": true,
        "compressed": 128
    },
    "readers": [
        {
            "type": "Microsoft.Xna.Framework.Content.DictionaryReader`2[[System.String, mscorlib, Version=4.0.0.0, Culture=neutral, PublicKeyToken=b77a5c561934e089],[System.String, mscorlib, Version=4.0.0.0, Culture=neutral, PublicKeyToken=b77a5c561934e089]]",
            "version": 0
        },
        {
            "type": "Microsoft.Xna.Framework.Content.StringReader",
            "version": 0
        }
    ],
    "content": {
        "50/f Leah 500/p Leah": "breezy/9 8/farmer -50 -50 0 Leah 3 7 3/skippable/animate Leah false true 100 16 17 18 19 19 19 19 16/pause 100/playSound woodyStep/pause 800/playSound woodyStep/pause 800/playSound woodyStep/pause 800/warp farmer 7 9/playSound woodyStep/playSound doorClose/pause 300/stopAnimation Leah/pause 300/faceDirection Leah 1 true/emote Leah 16/speak Leah \"โอ้ ว่าไง @! เข้ามาสิเข้ามา\"/move farmer 0 -2 3/faceDirection Leah 1/move farmer -2 0 3/pause 500/speak Leah \"ฉันกำลังแกะสลักงาน ประติมากรรมนี่อยู่ล่ะ\"/pause 300/speak Leah \"มาดูใกล้ๆสิ\"/pause 300/move farmer -1 0 3/move farmer 0 -1 0 3/move farmer -1 0 2/faceDirection Leah 3/pause 500/animate Leah false true 100 16 17 18 19 19 19 19 16/pause 100/playSound woodyStep/pause 800/playSound woodyStep/pause 800/playSound woodyStep/pause 800/playSound woodyStep/pause 600/stopAnimation Leah/showFrame Leah 19/speak Leah \"เห็นนั่นไหม? ฉันกำลังแกะ เพื่อจะให้เห็นเนื้อของไม้\"/pause 500/showFrame Leah 12/faceDirection Leah 0/speak Leah \"$q -1 null#ตอนที่เราเจาะผ่าน เปลือกนอกไปได้แล้ว แก่นแท้ของเนื้อไม้มันจะค่อยๆ ปรากฎออกมา...#$r -1 0 event_sculpt1#มันก็เหมือนกับแก่นแท้ ของผู้คนนั่นแหละ#$r -1 0 event_sculpt2#ฉันชอบไม้บริสุทธิ์ ที่ไม่ผ่านการแกะสลักมากกว่า#$r -1 -100 event_sculpt3#(ทำตัวน่าขนลุก) ฉันขอจูบเธอได้ไหม?\"/fork creepySexualPass/faceDirection Leah 3/pause 1500/faceDirection Leah 3/speak Leah \"ตอนที่ฉันมาที่นี่ เป็นครั้งแรก คือตอนที่ฉันมากับ ครอบครัวน่ะ ตอนนั้นฉันยังเป็น เด็กสาวตัวเล็กๆ อยู่เลย#$b#ตอนนั้นฉันรู้สึกได้เลย ว่าสักวันจะต้องกลับมา ที่นี่ให้ได้อีกครั้ง เพราะที่นี่น่ะเป็น ที่ที่สามารถพัฒนา ศักยภาพทางศิลปะ ได้อย่างดีเลย!\"/faceDirection Leah 3/pause 500/emote Leah 28/speak Leah \"แต่ว่า ยังมีเรื่องอื่นที่ต้องยอมรับ... การเป็นศิลปินเนี่ย มันไม่ง่ายเลย ที่จะจ่ายเงินเลี้ยงตัวเอง$s\"/pause 1000/emote farmer 16/faceDirection Leah 0/question fork1 \"#ทำไมไม่ลอง โชว์งานศิลปะของเธอ ในเมืองดูล่ะ?#ทำไมไม่ลอง เอางานศิลปะของเธอ ไปขายในอินเทอร์เน็ตดูล่ะ?\"/fork internet/faceDirection Leah 0/speak Leah \"ฮืมมมม... ฟังดูน่าสนใจดีนี่ฉันว่านั่น คงจะเป็นจุดเปลี่ยนของ เมืองเพลิแกนเลย ที่จะได้กลายมาเป็น เมืองที่มีเป้าหมายทาง ศิลปะโดยแท้จริง...$7\"/faceDirection Leah 3/pause 700/speak Leah \"แต่ว่า ถ้าไม่มีใครชอบ งานแกะสลักของฉันเลยล่ะ ฉันคงรู้สึกเหมือน โดนบดขยี้แน่ๆ$s\"/pause 500/speak Leah \"...ฉันจะขอใช้เวลาคิด อีกสักพักละกัน$s\"/faceDirection Leah 0/speak Leah \"อ่า ขอบคุณนะที่แวะมา @\"/pause 600/move farmer 4 0 2 true/globalFade/viewport -1000 -1000/addMailReceived LeahArtShowSuggestion/end dialogueWarpOut Leah \"งานโชว์ศิลปะให้คนทั้งเมืองดู ฟังดูเป็นไอเดีย ที่ใจกล้ามากๆ เลยนะ @\"",
        "internet": "speak Leah \"ฮืมม... นั่นมันก็ไม่เลวนะ... แต่อย่างแรกเลยคือ ฉันต้องการ คอมพิวเตอร์$7\"/addMailReceived LeahInternet/faceDirection Leah 3/emote Leah 28/pause 500/speak Leah \"แถมมันยัง... แพงมากเลยด้วย$s\"/pause 1000/speak Leah \"ยังไงก็เถอะ แค่มาเยี่ยม ก็รู้สึกดีมากแล้ว...\"/pause 600/move farmer 4 0 2 true/globalFade/viewport -1000 -1000/end warpOut",
        "creepySexualPass": "stopMusic/faceDirection farmer 2/speed Leah 4/move Leah 1 0 0/speed Leah 4/move Leah 0 -1 3/animate Leah false false 100 16 17 18 19/pause 100/playSound ow/playSound clubhit/animate farmer false false 1200 94/positionOffset farmer -8 0/pause 50/positionOffset farmer 8 0/pause 800/stopAnimation farmer/pause 100/end dialogueWarpOut Leah \"...$a\"",
        "51/f Leah 1000/p Leah": "sadpiano/-1000 -1000/farmer 7 9 0 Leah 13 8 0/skippable/showFrame Leah 20/changeMapTile Front 14 7 1453/viewport 12 8/move farmer 0 -1 1/speak Leah \"เคล... จะต้องให้ฉันบอกอีกกี่ครั้ง? ว่าฉันไม่อยาก กลับไปในเมืองน่ะ!$8#$b#หยุดโทรหาฉันได้แล้ว... ฉันไม่อยากฟังที่เธอพูดอีก! *คลิก*$8\"/playSound openBox/faceDirection Leah 1/changeMapTile Front 14 7 1454/emote Leah 12/pause 1000/move farmer 4 0 1/faceDirection Leah 3/speak Leah \"@...$6\"/pause 300/emote Leah 28/speak Leah \"เธอคงจะได้ยินที่ฉัน ตะคอกใส่โทรศัพท์ แล้วสินะ?$s\"/faceDirection Leah 2/move farmer 1 0 1/pause 1000/playMusic desolate/speak Leah \"นั่นแฟนเก่าของ ฉันเอง...$s\"/faceDirection Leah 3/emote farmer 16/pause 600/speak Leah \"ฉันว่ามันก็ ไม่ได้เสียหายอะไรหรอก ที่จะเล่าให้เธอฟัง นิดหน่อย...$u\"/pause 500/faceDirection Leah 2/pause 500/speak Leah \"พวกเราอาศัยอยู่ใน อพาร์ทเม้นท์เดียวกัน ตอนที่อยู่ในเมือง$u#$b#ฉันทำงานแปลกๆ ตอนกลางวัน แล้วใช้เวลาทั้งคืน ไปกับงานศิลปะ... พวกเราอยู่รอดมาได้ แบบหวุดหวิด$u#$b#เขามักจะพูดจี้ ให้ฉันกลับไปเรียน ที่โรงเรียน แล้วเรียนด้านธุรกิจ หรือด้านแพทย์... อะไรสักอย่างที่ทำเงิน ได้เป็นจำนวนมาก$a^เธอมักจะพูดจี้ ให้ฉันกลับไปเรียน ที่โรงเรียน แล้วเรียนด้านธุรกิจ หรือด้านแพทย์... อะไรสักอย่างที่ทำเงิน ได้เป็นจำนวนมาก$a#$b#ฉันคิดว่าไอเดียนั้น ก็น่าจะเพื่อเก็บสะสมเงิน มาใช้ชีวิตอย่างคนธรรมดาๆ นั่นแหละ อย่างเช่น บ้านแถวชานเมือง มีลูก การประชุมผู้ปกครอง... อะไรทำนอง นั้นแหละ$u\"/faceDirection Leah 3/speak Leah \"แต่ฉันไม่พร้อมสำหรับ การใช้ชีวิตแบบนั้นล่ะ @... เลยแยกตัวออกมา และมาใช้ชีวิตอยู่ที่นี่ เพื่อให้ความฝัน ในการเป็นศิลปิน ของฉันเป็นจริง\"/pause 900/faceDirection Leah 2/speak Leah \"$q 83 null#นั่นฟังดูเหมือน ฉันเห็นแก่ตัวไหม @?$s#$r 83 0 event_parents1#ไม่หรอก มันต้องจบได้แล้วนะ#$r 83 0 event_parents2#ไม่เลย และแฟนเก่าเธอ เหมือนคนงี่เง่ามากๆ#$r 83 -20 event_parents3#ไม่ แต่น่าจะดีกว่า ถ้าเธออยู่ออกห่างจากเมือง#$r 83 -20 event_parents4#ใช่ นิดนึงนะ#$r 83 -20 event_parents5#ใช่ แต่มันก็เป็นเรื่องปกติ ที่จะห่วงตัวเองก่อน\"/faceDirection Leah 3/fork angry/pause 200/fork LeahInternet internet2/fork LeahArtShowSuggestion artShowSuggest/speak Leah \"เอาล่ะ ขอบคุณมากนะ ที่รับฟังที่ฉันพูดน่ะ การมีเพื่อนนี่มันดีจริงๆ เลย\"/pause 1500/globalFade/viewport -1000 -1000/end dialogueWarpOut Leah \"เฮ้ ขอบคุณมากนะ ที่เมื่อกี้ตั้งใจฟัง สิ่งที่ฉันพูดน่ะ\"",
        "584059/f Leah 2000/p Leah/n LeahInternet": "breezy/-1000 -1000/farmer 7 9 0 Leah 12 10 2/skippable/specificTemporarySprite leahLaptop/showFrame Leah 28/positionOffset Leah 0 12/viewport 11 9/move farmer 0 -1 1/move farmer 4 0 2/showFrame Leah 29/speak Leah \"เฮ้! ลองมาดูนี่สิ\"/pause 500/showFrame Leah 28/move farmer 0 2 2/pause 400/speak Leah \"ฉันซื้อแล็ปท็อปแล้วลอง ตั้งร้านขายงาน ศิลปะออนไลน์ดูล่ะ... เหมือนที่เธอเคย เสนอไงล่ะ\"/pause 800/playSound Pickup_Coin15/showFrame Leah 29/pause 400/speak Leah \"ได้ยินไหม? แสดงว่าใครบางคน เพิ่งจะซื้ออะไรบางอย่าง ไปจากร้านน่ะ!$h\"/showFrame Leah 28/emote Leah 40/speak Leah \"ฮืมม... คนที่ชื่อ 'คุณเค (Mr. K)' นี่คอยซื้องานของฉัน ไปแทบจะทุกงาน เลยนะ$7#$b#บางทีอาจจะ เป็นคนรวยบางคน ที่ชื่นชอบงานศิลปะ ของฉันเป็นพิเศษ ก็ได้\"/pause 500/playSound Pickup_Coin15/pause 300/emote Leah 16/speak Leah \"ว้าว! ฉันคงไม่ต้อง กังวลเรื่องค่าไฟฟ้า ไปอีกนานเลย หลังจากขายมันออกไป มากมายขนาดนั้น...$6\"/pause 800/showFrame Leah 29/speak Leah \"ยังไงก็ตาม... ขอบคุณมากนะ ที่เสนอความคิดนี้ ให้ฉันน่ะ @ มันฟังดูดีสุดๆ ไปเลยล่ะ! มันจะช่วยให้ฉัน ทำงานด้านศิลปะ แบบเต็มเวลา ได้ดีเลยนะ$h\"/showFrame Leah 28/speak Leah \"อ่า ขอโทษทีนะ ที่ไม่ได้สนใจเธอน่ะ แต่ฉันจำเป็นต้องปรับ แต่งหน้าเว็บนี่หน่อย...$7\"/pause 500/playSound Pickup_Coin15/pause 1000/playSound Pickup_Coin15/globalFade/viewport -1000 -1000/end warpOut",
        "angry": "emote Leah 12/faceDirection Leah 1/speak Leah \"ขอโทษที... ฉันไม่ควรจะอารมณ์เสีย แบบนั้นเลย$s\"/emote Leah 40/speak Leah \"บางทีเธอ อาจจะพูดถึง... ชีวิตของฉัน คงจะดีกว่านี้ ถ้าฉันอาศัย อยู่ที่เมืองต่อไป$u#$b#บางครั้งมันก็ดีกว่า ที่จะมองแต่ ความเป็นจริง... ที่ฉันมั่นใจเลยก็คือ งานด้านศิลปะของฉัน คงจะไม่มีวันขายออกแน่ๆ และฉันก็คงจะ ใช้ชีวิตในปีสุดท้าย ของฉันอยู่กับความมอซอ$s\"/pause 500/faceDirection Leah 3/pause 500/speak Leah \"ยังไงก็เถอะ ขอบคุณที่รับฟังนะ มันก็เป็นเรื่องที่ดี ที่จะมีเพื่อนไว้ พูดคุยด้วย\"/pause 1500/globalFade/viewport -1000 -1000/end warpOut",
        "internet2": "pause 50/speak Leah \"หลังจากนั้นมา ฉันก็พยายามเก็บเงิน เพื่อซื้อคอมพิวเตอร์ มาตลอดเลย... เพื่อที่จะได้ลองเอา งานศิลปะ ไปขายในอินเทอร์เน็ต เหมือนที่เธอเคย เสนอมาไงล่ะ\"/emote farmer 32/speak Leah \"มันดีจริงๆ เลยนะ ที่มีเพื่อนที่คอย ช่วยเหลือฉันน่ะ!\"/pause 1500/globalFade/viewport -1000 -1000/end warpOut",
        "artShowSuggest": "pause 50/speak Leah \"ยังไงก็เถอะ... ฉันก็คิดถึงงานโชว์ศิลปะ ที่เธอเคยเสนอ มาตลอดเลย#$b#ตอนนี้ฉันกำลัง ออกแบบประติมากรรม อันใหม่ที่จะใช้แสดง ในงานอยู่น่ะ... ฉันรู้สึกกังวล มากเลย แต่การได้นำผลงาน ของฉันไปแสดงในงาน ยิ่งทำฉันรู้สึกตื่นเต้น มากกว่ากังวลอีก#$b#ฉันยินดีจริงๆเลย ที่เธอมีส่วนร่วมในการทำให้ สตาร์ดิวแวลลี่เป็นจุดเริ่มต้น ของจุดมุ่งหมายทางด้านศิลปะ @!$h\"/pause 500/end warpOut"
    }
}
