{
    "header": {
        "target": "w",
        "formatVersion": 5,
        "hidef": true,
        "compressed": 128
    },
    "readers": [
        {
            "type": "Microsoft.Xna.Framework.Content.DictionaryReader`2[[System.String, mscorlib, Version=4.0.0.0, Culture=neutral, PublicKeyToken=b77a5c561934e089],[System.String, mscorlib, Version=4.0.0.0, Culture=neutral, PublicKeyToken=b77a5c561934e089]]",
            "version": 0
        },
        {
            "type": "Microsoft.Xna.Framework.Content.StringReader",
            "version": 0
        }
    ],
    "content": {
        "2123243/e 2111194": "EmilyTheme/-1000 -1000/farmer -2000 -2000 0 Emily 7 6 2 Lewis 3 7 1 Clint 11 9 3 Shane 8 8 0 Abigail 7 8 0 Robin 2 9 1/skippable/specificTemporarySprite ClothingTherapy/viewport 5 7 true/pause 2000/speak Emily \"ยินดีต้อนรับสู่ 'เสื้อผ้าบำบัด (Clothing therapy)' จ้ะ!\"/faceDirection Abigail 1/emote Robin 8 true/faceDirection Shane 3/pause 500/faceDirection Shane 0/faceDirection Abigail 0/pause 500/speak Emily \"คุณอาจสงสัยใช่มั้ย... ว่าเสื้อผ้าบำบัด (clothing therapy) มันคืออะไร?#$b#ฉันจะอธิบายให้เอง\"/move Emily 0 1 2/speak Emily \"คือส่วนมากในตอนนี้อ่ะนะ เรากำลังดิ้นรนกับ ปัญหาส่วนตัวกัน... สิ่งนี้จะทำให้เรากลับมามีชีวิต ตามที่เราปรารถนาได้$u#$b#มันเป็นเรื่องสำคัญสำหรับฉัน ที่อยากจะให้ทุกคนมีชีวิต ที่อิสระและมีความสุข... ดังนั้นฉันจึงได้คิดค้น การบำบัดรูปแบบใหม่ เพื่อช่วยผู้คนให้บรรลุ เป้าหมายพวกนั้น$u\"/move Emily 0 -1 2/pause 500/speak Emily \"'มันจะขึ้นอยู่กับอำนาจ ที่น่าอัศจรรย์ของ การแสดงออกด้วยตัวเอง การแสดงออกด้วยตัวเอง เป็นเครื่องมือในการรักษา ที่ยอดเยี่ยมเลย คุณรู้ใช่มั้ย?\"/faceDirection Emily 3/pause 1000/speak Emily \"หลังม่านนี้คุณจะเห็นชั้นวาง เสื้อผ้าที่หลากหลายให้คุณ ได้เลือกสรรมากมายเลย\"/faceDirection Emily 2/speak Emily \"หน้าที่ของคุณก็คือ หาชุดที่เข้ากับตัวเอง และใส่มัน#$b#รู้สึกมั่นใจในตัวเองเข้าไว้ ด้วยสิ่งที่คุณ เลือกมาด้วยตัวเอง คุณทุกคนมีสไตล์ที่เป็น เอกลักษณ์เพื่อแบ่งปันมัน ให้กับคนทั่วโลก! #$b# อย่างเธอเป็นคนแรก!$h\"/specificTemporarySprite curtainOpen/pause 1500/showFrame Shane 18/jump Shane/pause 1400/showFrame Shane 0/pause 1000/textAboveHead Shane \"ตกลง\"/move Shane 0 -1 0/move Shane -3 0 0/move Shane 0 -2 2/pause 1000/specificTemporarySprite curtainClose/pause 1000/playSound doorClose/warp farmer 4 11/move farmer 0 -1 0/speak Emily \"อ่าห์ @ คุณมาทันเวลาพอดีเลย คอยสังเกตและเปิดใจไว้... โอเคนะ?\"/pause 1000/move farmer -1 0 0/warp Shane -1000 -1000/addTemporaryActor ClothesTherapyCharacters 16 32 5 5 2 true character/pause 3000/specificTemporarySprite curtainOpen/pause 1000/faceDirection Emily 3/move ClothesTherapyCharacters 0 2 2/textAboveHead Robin \"วู้ววว...\"/pause 1000/move ClothesTherapyCharacters 0 2 2/faceDirection Abigail 3/textAboveHead Abigail \"เจ๋งมาก\"/pause 1000/faceDirection Emily 2/speak Emily \"นี่คืออีกด้านนึงของเชน ที่เราไม่เคยรู้จัก มันยอดเยี่ยมมากเลย!#$b#ตอนนี้ออกไปข้างนอก ด้วยความภาคภูมิใจ และแสดงให้โลกเห็นซะ!\"/pause 1000/emote ClothesTherapyCharacters 40/pause 500/textAboveHead ClothesTherapyCharacters \"แน่ใจนะ\"/move ClothesTherapyCharacters 0 2 2/warp ClothesTherapyCharacters -1000 -1000/playSound doorClose/pause 2000/speak Emily \"เอาล่ะ ทุกคนเปิดทางให้ พระเอกหน่อย!\"/faceDirection Abigail 0 true/move Robin 3 0 0/faceDirection Clint 2 true/textAboveHead Clint \"โอ้ ไม่นะ...\"/move Robin 0 -4 2/pause 1000/specificTemporarySprite curtainClose/pause 3000/warp Robin -1000 -1000/warp ClothesTherapyCharacters 5 5/changeYSourceRectOffset ClothesTherapyCharacters 128/textAboveHead ClothesTherapyCharacters \"ฮิฮิ\"/pause 1000/specificTemporarySprite curtainOpen/pause 1000/textAboveHead Lewis \"โอ้ ตายล่ะ!\"/move ClothesTherapyCharacters 0 3 2/textAboveHead Emily \"ดูดีมาก!\"/pause 1000/showFrame ClothesTherapyCharacters 5/specificTemporarySprite heart 5 8/pause 2000/textAboveHead ClothesTherapyCharacters \"ต่อไป มาดูสิ่งที่ดิมีเทรียสคิดกัน...\"/pause 1000/move ClothesTherapyCharacters 0 3 2/warp ClothesTherapyCharacters -1000 -1000/playSound doorClose/pause 2000/textAboveHead Lewis \"ทำไมกัน ไม่นะ...\"/move Lewis 2 0 0/move Lewis 0 -2 2/pause 1000/specificTemporarySprite curtainClose/faceDirection Emily 3/pause 2000/warp Lewis -1000 -1000/playSound shwip/warp ClothesTherapyCharacters 5 5/changeYSourceRectOffset ClothesTherapyCharacters 64/pause 1000/textAboveHead ClothesTherapyCharacters \"ฮิฮิ... ไม่เลว!\"/pause 2000/specificTemporarySprite curtainOpen/pause 1000/move ClothesTherapyCharacters 0 3 2/textAboveHead Emily \"ล่ำ' เร้าใจ!\"/faceDirection Emily 2/pause 3000/move ClothesTherapyCharacters 0 3 2/playSound doorClose/warp ClothesTherapyCharacters -1000 -1000/textAboveHead Abigail \"ต่อไปตาฉัน!\"/move Abigail -2 0 0/move Abigail 0 -3 2/pause 2000/specificTemporarySprite curtainClose/pause 2000/warp Abigail -1000 -1000/warp ClothesTherapyCharacters 5 5/changeYSourceRectOffset ClothesTherapyCharacters 32/pause 3000/specificTemporarySprite curtainOpen/pause 1000/move ClothesTherapyCharacters 0 3 2/textAboveHead Emily \"เยี่ยมมาก!\"/pause 2000/showFrame ClothesTherapyCharacters 16/playSound clank/pause 1000/textAboveHead ClothesTherapyCharacters \"ดูเหงื่อชุ่มไปหมดเลยนะ...\"/pause 3000/move ClothesTherapyCharacters 0 3 2/warp ClothesTherapyCharacters -1000 -1000/playSound doorClose/pause 1000/faceDirection Emily 3/pause 500/faceDirection Emily 2/pause 1000/speak Emily \"คลินท์? คนต่อไป!\"/pause 500/jump Clint/shake Clint 4000/pause 1000/textAboveHead Clint \"ฉ...ฉันเหรอ?\"/pause 2000/speak Clint \"*อึก*... ก็ได้ เอมิลี่ฉันจะทำมัน$4\"/pause 1000/move Clint -6 0 0/move Clint 0 -4 2/pause 1000/faceDirection Emily 3/specificTemporarySprite curtainClose/pause 4000/warp Clint -1000 -1000/warp ClothesTherapyCharacters 5 5/changeYSourceRectOffset ClothesTherapyCharacters 96/pause 1000/specificTemporarySprite curtainOpen/pause 2000/move ClothesTherapyCharacters 0 3 2/faceDirection Emily 2/textAboveHead Emily \"อร๊ายยย น่ารัก!\"/pause 1600/showFrame ClothesTherapyCharacters 10/pause 800/speak Clint \"อ๋า? น่ารัก? ...*ถอนหายใจ*...$7\"/pause 2000/move ClothesTherapyCharacters 0 3 2/warp ClothesTherapyCharacters -1000 -1000/playSound doorClose/move Emily 0 3 3/move farmer 0 -1 1/move farmer 1 0 1/speak Emily \"ดีๆ นั่นดีมาก!#$b#ฉันแค่หวังว่าประสบการณ์นี้ จะช่วยให้ทุกคนเลิกอายและ กล้าที่จะลองทำสิ่งแปลกใหม่ ขึ้นมาอีกนิดนะ\"/move Emily -2 0 3 true/pause 200/positionOffset Emily 0 4/pause 300/positionOffset Emily 0 4/pause 300/positionOffset Emily 0 4/pause 300/positionOffset Emily 0 4/pause 2500/speak Emily \"@... อืม...$4\"/showFrame ClothesTherapyCharacters 11/playSound doorClose/warp ClothesTherapyCharacters 5 11/speak Clint \"ฉันทำมันไม่ได้! ฉันไม่ได้อยากจะ ลองทำสิ่งใหม่ๆ!!$6\"/faceDirection Emily 2 true/jump Emily/showFrame Emily 26/faceDirection farmer 2 true/pause 1600/showFrame Emily 0/speak Clint \"...โอ้ ... ฉันเดาว่า ฉันคงจะมาขัดจังหวะ บางอย่างสินะ?$7\"/pause 1000/showFrame ClothesTherapyCharacters 0/pause 1500/showFrame ClothesTherapyCharacters 10/pause 1700/speak Clint \"ฉันเข้าใจแล้ว ฉันจะออกไปเดี๋ยวนี้...ยินดีด้วยนะ @ $7\"/pause 1000/playSound doorClose/warp ClothesTherapyCharacters -1000 -1000/pause 1000/faceDirection Emily 3/emote Emily 8/pause 2000/end"
    }
}
