{
    "header": {
        "target": "w",
        "formatVersion": 5,
        "hidef": true,
        "compressed": 128
    },
    "readers": [
        {
            "type": "Microsoft.Xna.Framework.Content.DictionaryReader`2[[System.String, mscorlib, Version=4.0.0.0, Culture=neutral, PublicKeyToken=b77a5c561934e089],[System.String, mscorlib, Version=4.0.0.0, Culture=neutral, PublicKeyToken=b77a5c561934e089]]",
            "version": 0
        },
        {
            "type": "Microsoft.Xna.Framework.Content.StringReader",
            "version": 0
        }
    ],
    "content": {
        "901756/f Abigail 2500/t 1700 2400/o Abigail": "Upper_Ambient/18 7/farmer -1000 -1000 0 Abigail 18 11 0/skippable/move Abigail 0 -3 1/move Abigail 5 0 2/pause 500/animate Abigail false false 150 26 24 25 25 25 25/pause 450/playSound sandyStep/stopAnimation Abigail/showFrame Abigail 25/pause 2000/playSound batFlap/pause 500/playSound batFlap/pause 500/playSound batFlap/pause 500/emote Abigail 8/pause 1000/specificTemporarySprite abbyOneBat/playSound batScreech/showFrame Abigail 32/shake Abigail 2000/pause 2000/showFrame Abigail 0/pause 600/animate Abigail false true 100 28 29/pause 1200/stopAnimation Abigail/pause 1000/specificTemporarySprite abbyManyBats/showFrame Abigail 32/shake Abigail 2000/pause 2000/speed Abigail 8/move Abigail 0 -4 0/speed Abigail 8/move Abigail 2 0 0/animate Abigail false false 100 21 20 20/pause 200/showFrame Abigail 20/shake Abigail 10000/pause 2000/warp farmer 18 13/move farmer 0 -5 0/pause 1000/faceDirection farmer 1/pause 300/emote farmer 16/speed farmer 8/move farmer 6 0 0/speed farmer 8/playMusic desolate/move farmer 0 -4 1/speak Abigail \"$q 776589 null#*ฮึก*$s#$r 776589 20 Event_Cave2_1#เกิดอะไรขึ้นน่ะ?#$r 776589 40 Event_Cave2_2#เธอเป็นอะไรมั้ย?\"/pause 500/animate Abigail false false 100 21 0 0/pause 200/stopAnimation Abigail/faceDirection Abigail 3/pause 500/speak Abigail \"รู้อะไรไหม ฉันฝึกทักษะการใช้ดาบ มานานพอสมควรแล้ว...$...$9#$b#จนกระทั่งวันนี้ ฉันตัดสินใจว่า จะลองเสี่ยงเข้าไป ในถ้ำดูบ้าง...$8\"/pause 500/faceDirection Abigail 1/pause 1000/speak Abigail \"...แต่พอถึงเวลาจริงๆ ฉันกลับกลัวขึ้นมา กลัวจนทำอะไรไม่ได้เลย$8\"/pause 500/faceDirection Abigail 3/speak Abigail \"$q 34 null#ฉันคิดว่าฉันน่ะ แข็งแกร่งมาก แต่พอเอาเข้าจริงๆ มันกลับไม่ใช่ แบบนั้นเลย...$8#$r 34 20 Event_Cave_1#ฉันจะปกป้องเธอเอง#$r 34 40 Event_Cave_2#ฉันเองก็เคยกลัวเหมือนกัน#$r 34 -50 Event_Cave_3#เธอร้องไห้เหมือนกับเด็กเล็ก เลยนะ หยุดร้องเถอะ\"/faceDirection Abigail 3/stopMusic/pause 1500/playMusic sadpiano/pause 1800/speak Abigail \"@ ฉะ... ฉันรักคุณมากนะ... และไม่ใช่ใน ฐานะเพื่อนด้วย คุณเองก็รู้ ใช่ไหม?$l\"/pause 1000/speak Abigail \"ฉันไม่อยาก จะเชื่อเลยว่า ในที่สุดฉันก็ พูดคำๆ นี้ออกมา... แต่ฉันไม่อยาก เก็บมันไว้อีกแล้ว เพราะฉันรู้สึก แบบนี้มานาน มากแล้ว$l\"/pause 1800/speak Abigail \"ไม่ต้อง พูดอะไรหรอก ฉันขอแค่เรา อยู่ด้วยกันแบบนี้ ไปอีกสักพักนะ...$l^ฉันไม่เคยรู้ มาก่อนเลยว่า ฉันจะรู้สึก แบบนี้กับคนอื่น... จนกระทั่งฉัน ได้มาเจอเธอ\"/playMusic Upper_Ambient/pause 1000/showFrame Abigail 33/showFrame 101/pause 2500/globalFade/viewport -1000 -1000/end",
        "100162/t 600 2600": "MarlonsTheme/21 9/farmer -100 -100 0 Marlon 23 6 2/addQuest 14/skippable/pause 1000/move Marlon 0 2 2/pause 500/showFrame Marlon 4/pause 1000/speak Marlon \"ฮืมมมม...  \"/pause 500/warp farmer 18 13/playSound stoneStep/move farmer 0 -3 1/move farmer 5 0 0/pause 500/showFrame Marlon 0/pause 500/speak Marlon \"...ข้าแค่กำลังมองลงไป ในเหมืองเก่าๆ นี่น่ะ#$b#มันถูกทิ้งร้าง มานับทศวรรษได้แล้ว\"/pause 500/showFrame Marlon 4/speak Marlon \"แต่ยังไงก็เถอะ ข้างล่างนั้น ยังมีแร่ดีๆ อีกมากมายเชียว#$b#แต่ขณะเดียวกัน สถานที่มืดมิดซึ่งไม่มี ใครรบกวนมาเป็น เวลานาน... ข้าเกรงว่า ข้างล่างนั้น แร่จะไม่ใช่สิ่งเดียว ที่เจ้าจะเจอน่ะสิ...\"/pause 500/showFrame Marlon 0/pause 500/speak Marlon \"เอานี่ไปสิ เจ้าอาจจะต้องใช้มัน\"/pause 500/playSound dwop/faceDirection farmer 1 true/pause 50/faceDirection farmer 2/itemAboveHead sword/pause 3300/awardFestivalPrize sword/pause 300/faceDirection farmer 1 true/pause 100/faceDirection farmer 0/pause 500/speak Marlon \"ยังไงก็เถอะ ข้าชื่อมาร์ลอน ข้าเป็นเจ้าของ สมาคมนักผจญภัย ที่ตั้งอยู่นอกถ้ำ ทางด้านขวานี้เอง#$b#ข้าจะจับตาดูเจ้าไว้นะ พิสูจน์ตัวเองสิ แล้วข้าอาจจะให้เจ้า ได้เข้าร่วมเป็น หนึ่งในสมาชิกของสมาคม เราก็ได้\"/pause 500/end",
        "PlayerKilled": "none/-100 -100/farmer 19 10 2 {0} 18 10 1/pause 1500/showFrame 5/message \" ...{2}?\"/pause 1000/message \" {2} ตื่นสิ!\"/viewport 19 10 true/pause 1000/speak {0} {1}/move {0} 0 3 2/warp {0} -100 -100/showFrame 0/pause 1000/emote farmer 28/minedeath/end"
    }
}
