{
    "header": {
        "target": "w",
        "formatVersion": 5,
        "hidef": true,
        "compressed": 128
    },
    "readers": [
        {
            "type": "Microsoft.Xna.Framework.Content.DictionaryReader`2[[System.String, mscorlib, Version=4.0.0.0, Culture=neutral, PublicKeyToken=b77a5c561934e089],[System.String, mscorlib, Version=4.0.0.0, Culture=neutral, PublicKeyToken=b77a5c561934e089]]",
            "version": 0
        },
        {
            "type": "Microsoft.Xna.Framework.Content.StringReader",
            "version": 0
        }
    ],
    "content": {
        "2/f Abigail 1000/w rainy/t 1200 1900/z winter": "AbigailFlute/-1000 -1000/farmer 34 32 1 Abigail 47 31 2/skippable/ambientLight 160 140 10/specificTemporarySprite abbyAtLake/animate Abigail false true 612 16 17 18 19/viewport 46 31 clamp true/pause 17900/move farmer 13 0 0/stopMusic/playMusic rain/pause 500/stopAnimation Abigail/faceDirection Abigail 2/emote Abigail 16/speak Abigail \"$q 32 null#@! เธอออกมาทำอะไร กลางฝนแบบนี้น่ะ?$7#$r 32 0 Event_Rain_1#แค่ออกมาทำงานน่ะ#$r 32 50 Event_Rain_2#ฉันชอบ สภาพอากาศแบบนี้น่ะ#$r 32 10 Event_Rain_3#ฉันเองก็อยากจะทำแบบเธอ เหมือนกัน\"/faceDirection Abigail 1/pause 1250/speak Abigail \"...ฉันมาที่นี่เพื่อใช้เวลา อยู่ตัวคนเดียว$8\"/pause 1000/faceDirection farmer 1/pause 1600/faceDirection Abigail 2/speak Abigail \"แต่ฉันไม่ว่าอะไรหรอก ถ้าเธอจะมาอยู่ที่นี่ ด้วยกันน่ะ!\"/pause 500/emote Abigail 40/speak Abigail \"เธอเปียกหมดแล้วนะ... เข้ามาอยู่ใต้ต้นไม้นี่สิ\"/move farmer -1 0 0/move farmer 0 -1 2/faceDirection Abigail 1/pause 3000/speak Abigail \"มันยากที่จะอธิบายมากเลย... กับความรู้สึกที่ได้ เฝ้ามองม่านฝนที่กำลัง ส่งเสียงเบาๆ อยู่เหนือทะเลสาบ ที่เงียบสงบ$8\"/pause 650/faceDirection farmer 1/pause 500/faceDirection farmer 2/pause 600/playSound dwop/showFrame 98/pause 500/faceDirection Abigail 3/emote Abigail 16/pause 800/speak Abigail \"เฮ้! นั้นมันพิณจิ๋วนี่นา!$h#$b#เธอนี่มีแต่ เรื่องชวนตกใจเสมอเลยนะ @ ฉันละทึ่งจริงๆ\"/faceDirection farmer 1/pause 900/emote farmer 56/faceDirection Abigail 3/pause 700/faceDirection Abigail 2/faceDirection farmer 2/pause 500/showFrame Abigail 16/pause 500/showFrame 98/pause 2000/playMusic AbigailFluteDuet/pause 1250/animate Abigail false true 612 16 17 18 19/animate farmer false true 308 99 98 98 99 100 100/pause 10000/viewport move 1 0 18000/pause 20000/globalFade/viewport -1000 -1000/pause 2000/end",
        "8/f Maru 1500/w sunny/t 2100 2340": "nightTime/-1000 -1000/farmer 23 29 3 Maru 14 29 3/skippable/bgColor 0 0 0/changeToTemporaryMap NightSceneMaruMap false/ambientLight 0 0 0/viewport 14 23 true/pause 2000/playSound leafrustle/pause 200/faceDirection Maru 1/pause 400/emote Maru 8/pause 800/move farmer -5 0 3/speak Maru \"@! มาทำอะไรแถวนี้ดึกๆ ดื่นๆ เนี่ย?\"/faceDirection Maru 3/pause 1000/speak Maru \"ท้องฟ้ายามค่ำคืน นี่มันช่างน่าอัศจรรย์จริงๆ\"/faceDirection Maru 1/speak Maru \"มานี่สิ ฉันมีอะไรบางอย่าง อยากจะให้เธอดู\"/move farmer -3 0 3/speak Maru \"นี่แหละ ลองส่องดูสิ\"/move Maru 0 1 0/move farmer -1 0 3/pause 200/animate farmer true true 100 35/pause 1200/playMusic spaceMusic/speak Maru \"$q 40 null#เห็นอะไรบ้างล่ะ?#$r 40 30 Event_Space1#ดวงดาวที่งดงาม#$r 40 -30 Event_Space2#หุบเหวมืดมิดไร้ขอบเขต ที่ให้ความรู้สึกเยือกเย็น\"/stopAnimation farmer/faceDirection farmer 2/pause 1000/speak Maru \"ถ้ามีวันใดสักวันนึง ที่ดวงดาวพวกนั้นมา เยี่ยมเยือนพวกเราล่ะก็ ถึงตอนนั้นพวกเราคงจะ ไม่อยู่กันแล้วล่ะมั้ง...$8\"/emote farmer 28/pause 400/speak Maru \"นั้นเป็นปัญหาสำหรับ การเกิดมาเป็นมนุษย์สินะ ใช่ไหม?\"/faceDirection Maru 0/pause 1200/faceDirection Maru 2/emote Maru 40/pause 500/faceDirection Maru 0/speak Maru \"@ คือว่า...$8\"/pause 500/faceDirection Maru 2/pause 1500/speak Maru \"เปล่า.. ไม่มีอะไร...$s\"/pause 500/faceDirection Maru 0/pause 800/speak Maru \"มานี่สิ ฉันจะโชว์ระบบดาวคู่ ให้เธอดู...\"/pause 500/faceDirection farmer 3 true/animate farmer true true 100 35/pause 800/specificTemporarySprite maruTelescope/viewport move 0 -1 16000/pause 16000/globalFade .003/viewport -1000 -1000/pause 500/message \"เป็นคืนที่สวยงามมากๆ มารุได้แสดงให้ฉันเห็น ถึงสิ่งใหม่ๆ เยอะแยะเลย...\"/pause 1000 /stopAnimation farmer/changeLocation Mountain/end",
        "26/f Linus 1000/w sunny/t 2000 2400": "nightTime/-1000 -1000/farmer 18 8 1 Linus 29 8 2/skippable/specificTemporarySprite linusCampfire/viewport 29 7 clamp true/move farmer 8 0 1/faceDirection Linus 3/emote Linus 32/speak Linus \"@! มานี่สิ มานั่งข้างกองไฟดีกว่า มันจะทำให้รู้สึกดีนะ\"/pause 400/move farmer 2 0 2/move farmer 0 1 1/move Linus 1 0 2/move Linus 0 1 3/pause 1500/speak Linus \"ฉันกำลังหวังว่า เธอจะแวะมาเยี่ยมบ้าง อยู่พอดีเลย\"/pause 500/emote Linus 28/pause 500/faceDirection Linus 2/pause 500/showFrame Linus 19/pause 500/speak Linus \"แล้วฉันก็อยากจะบอกว่า.. ฉันขอโทษ ที่ตอนแรก ฉันเข้าใจเธอผิดไปน่ะ$s#$b#คนส่วนใหญ่ ไม่ได้ทำตัวดีกับฉัน มากเท่าไหร่ ฉันเลยต้องระวังตัวไว้ก่อน$s\"/pause 500/showFrame Linus 0/faceDirection Linus 3/speak Linus \"แต่เธอกลับดีกับฉัน เธอ.. แตกต่าง ไม่เหมือนกับคนอื่นๆ$h#$b#...และฉันก็คิดว่า เธอจะเป็นเพื่อนที่ดีได้\"/pause 500/faceDirection Linus 3/emote farmer 32/pause 1000/faceDirection Linus 3/move Linus 0 -1 3/move Linus -1 0 0/speak Linus \"เฮ้ ฉันอยากให้เธอดูอะไรหน่อย เข้ามาข้างในสิ\"/move farmer 0 -1 1/move Linus 0 -1 0/playSound grassyStep/warp Linus -10 -10/move farmer 1 0 0/move farmer 0 -1 0/playSound grassyStep/warp farmer -10 -10/playMusic none/pause 1500/playSound fishSlap/pause 500/playSound fishSlap/pause 500/playSound fishSlap/pause 500/playSound fishSlap/pause 800/playSound dirtyHit/pause 1200/playSound slimeHit/pause 300/playSound slimeHit/pause 300/playSound slimeHit/pause 300/playSound slimeHit/pause 600/playSound slimedead/pause 1000/speak Linus \"อา.. เสร็จแล้ว เห็นไหม นี่เป็นเหยื่อแบบพิเศษ ที่ฉันคิดขึ้นเองน่ะ#$b#เป็นของชั้นหนึ่งเชียว.. แม้แต่ฉันก็ยังอยากกินมันเลย!#$b#และนี่ ฉันอยากให้เธอทำมันเป็นนะ\"/pause 500/playSound coin/pause 500/faceDirection farmer 2/warp farmer 29 7/playSound grassyStep/move farmer 0 1 2/pause 1000/showFrame 84/playSound reward/addCraftingRecipe Wild Bait/message \"เรียนรู้การสร้าง 'เหยื่อล่อแบบธรรมขาติ (Wild Bait)'\"/pause 900/end",
        "BadAnswer": "speak Maru \"$q 18982 null#คุณจะต้องมี เหตุผลบางอย่างแน่ๆ เลย ถึงได้พูดแบบนั้น...$a#$r 18982 50 event_robot_explain1#มาริลด้า (MarILDA) เป็นเพียงเศษชิ้นส่วน หนึ่งของเครื่องจักร ที่ถูกโปรแกรม ให้มีท่าทางเหมือนกับมนุษย์#$r 18982 50 event_robot_explain2#ฉันล้อเล่นน่า แม้แต่มาริลด้า (MarILDA) เอง ก็ต้องมีอิสระภาพเหมือนกัน#$r 18982 -50 event_robot_explain3#ฉันควรจะจับเธอ ลงไปทำงานในฟาร์ม\"/faceDirection Maru 1/emote Maru 12/pause 300/faceDirection Maru 3/speak Maru \"อืม ฉันไปดีกว่า ขอบคุณมากนะ ที่มาใช้เวลากับฉันด้วยกัน ในวันนี้$8\"/globalFade/viewport -3000 -3000/changeLocation ScienceHouse/end",
        "384883/f Sebastian 1000/t 1100 1700": "spring_day_ambient/-1000 -1000/farmer 12 27 1 Sebastian 18 26 2/skippable/specificTemporarySprite sebastianGarage/showFrame Sebastian 33/animate Sebastian false true 100 32 32 32 36 32 32 36 36 36 36/positionOffset Sebastian 24 16/viewport 18 25 clamp true/move farmer 5 0 0/playSound clank/move farmer 0 -1 1/pause 100/playSound clank/pause 600/playSound clank/pause 300/playSound clank/pause 800/stopAnimation Sebastian/showFrame Sebastian 35/animate Sebastian false false 100 32 33 34 35/playSound dwoop/pause 500/speak Sebastian \"โอ้ ว่าไง @$8\"/pause 800/faceDirection farmer 0/emote farmer 8/pause 400/speak Sebastian \"ห้ะ คุณยังไม่เคยเห็น มอเตอร์ไซค์ ของผมงั้นหรอ? ฮืมมมม... แปลว่าผมยังไม่เคย ให้คุณดูล่ะสิ$8\"/pause 900/showFrame Sebastian 32/animate Sebastian false false 100 35 34 33 32/pause 500/faceDirection farmer 1/animate Sebastian false true 200 32 32 32 36 32 32 36 36 36/pause 600/playSound clank/pause 600/playSound clank/pause 300/pause 800/playSound parry/pause 800/playSound clank/playMusic echos/pause 2000/glow 80 70 255 true/pause 1000/speak Sebastian \"บางครั้งหลังพระอาทิตย์ตก ผมก็เอามันออกไปขับ ข้างนอกหมู่บ้าน...$8\"/pause 800/speak Sebastian \"มันไม่มีอะไรเลย นอกจากถนนยาวๆ โล่งๆ และแสงสลัวๆ จากเมือง...$9\"/pause 200/playSound clank/pause 500/playSound clank/pause 200/speak Sebastian \"พอผมมีเงินเก็บจำนวนนึง ผมจะออกไปอยู่ตัวคนเดียว... ในเมือง มันจะมีแค่ผม กับมอเตอร์ไซค์ ของผมเท่านั้น$9\"/pause 900/playSound clank/pause 900/stopAnimation Sebastian/playSound Milking/pause 1500/stopGlowing/playMusic spring_day_ambient/speak Sebastian \"เราจะไปเปลี่ยนถ่าย น้ำมันเครื่องที่นั่น$8\"/pause 1200/showFrame Sebastian 35/animate Sebastian false false 100 32 33 34 35/playSound dwoop/pause 1900/speak Sebastian \"$q -1 null#เฮ้... บางทีฉันจะให้นาย ยืมขับได้นะ ถ้านายต้องการ$8^เฮ้... บางที ฉันอาจจะพาเธอไป ขับรถเล่นก็ได้นะ$8#$r -1 10 event_garage1#ฟังดูน่าสนุกดีนี่#$r -1 -10 event_garage2#ไม่เป็นไร มันดูเป็นความคิดที่แย่มาก#$r -1 0 event_garage3#ฉันกลัวมอเตอร์ไซค์อ่ะ\"/pause 900/viewport move 1 -1 8000/pause 4000/globalFade/viewport -1000 -1000/end",
        "384882/f Sebastian 2500/t 2000 2400": "nightTime/-1000 -1000/farmer 18 35 0 Sebastian -100 -100 0/skippable/specificTemporarySprite sebastianOnBike/viewport 17 28 clamp true/pause 1000/move farmer 0 -5 0/speak Sebastian \"เฮ้ @ ผมกำลังจะออกไป พอดีเลย#$b#ขึ้นมาเลย ผมมีอะไรจะให้ดู\"/pause 1000/move farmer 0 -1 0/move farmer 1 0 0 true/globalFade/viewport -1000 -1000/warp farmer -100 -100/changeToTemporaryMap SebastianRide/ambientLight 0 0 0/specificTemporarySprite sebastianRide/viewport 15 8 true/pause 8000/globalFade/viewport -1000 -1000/changeToTemporaryMap SebastianMountain/ambientLight 0 0 0/warp farmer 15 18/warp Sebastian 16 18/positionOffset farmer 0 16/playMusic spaceMusic/viewport 15 14 true/pause 10000/faceDirection Sebastian 3/speak Sebastian \"นั่นเห็นไกลๆ นั่นไหม นั่นแหละเมืองซูซู\"/pause 600/faceDirection Sebastian 0/speak Sebastian \"ผมมาที่นี่ตลอดเวลา ผมไม่อยากทำอะไรเลย... นอกจากนั่งคิดอะไรเฉยๆ\"/pause 1000/faceDirection Sebastian 1/pause 600/animate Sebastian false true 110 16 17 18 19 20 21 21 21 21 21 21 21 21 22 23 16 16 16 16 16 16 16 16 16 16 16 16 16 16 16 16 16 16/pause 1000/faceDirection farmer 1/pause 1800/faceDirection farmer 0/pause 800/speak Sebastian \"$q -1 null#แล้วนายคิด อะไรล่ะ?#$r -1 0 event_city1#เมืองมันสวยดีนะ#$r -1 10 event_city2#มันทำให้ฉันรู้สึกเศร้าแปลกๆ#$r -1 -10 event_city3#น่าเกลียดอ่ะ#$r -1 0 event_city4#นายควรจะเลิกสูบบุหรี่นะ\"/stopAnimation Sebastian/pause 600/faceDirection Sebastian 0/pause 3000/speak Sebastian \"เมืองนี้มันเคยดึงดูดผมนะ... แต่ตอนนี้ผมว่า ผมมีความสุขที่บ้านใน หุบเขามากกว่า\" /pause 500/pause 900/speak Sebastian \"@...?$s#$b#เอ่อ... คือว่าผม... ผมไม่เคยรู้สึกอย่างนี้ กับผู้ชายมาก่อน... แต่กับนายแล้ว มันแตกต่าง$l^ผมไม่เคยพา ผู้หญิงที่ไหน มาที่นี่เลย... นอกจากเธอ คนเดียว$l#$b#คุณรู้ใช่ไหมว่า ผมพยายาม จะพูดอะไร ใช่ไหม?$l\"/pause 700/faceDirection farmer 1/emote Sebastian 40/pause 800/faceDirection Sebastian 3/pause 2000/showFrame Sebastian 40/pause 600/positionOffset Sebastian -2 0/pause 100/positionOffset Sebastian -2 0/pause 100/positionOffset Sebastian -2 0/pause 100/positionOffset Sebastian -2 0/pause 100/positionOffset Sebastian -2 0/pause 100/positionOffset Sebastian -2 0/pause 100/positionOffset Sebastian -2 0/pause 100/positionOffset Sebastian -2 0/pause 100/positionOffset Sebastian -2 0/pause 100/positionOffset Sebastian -2 0/pause 100/positionOffset Sebastian -2 0/pause 100/positionOffset Sebastian -2 0/pause 100/showFrame 101/pause 4000/viewport move 1 -1 6000/pause 6000/globalFade/viewport -1000 -1000/changeLocation Mountain/pause 4000/end position 18 26",
        "404798/Hn ccFishTank": "spring_day_ambient/-1000 -1000/farmer 42 11 0 Willy 47 7 0/specificTemporarySprite dickBag/viewport 47 5 clamp true/emote Willy 8/move farmer 0 -4 1/move farmer 4 0 1/faceDirection Willy 3/pause 500/speak Willy \"ว่าไง @\"/pause 500/faceDirection Willy 0/speak Willy \"มันแปลกๆนะ... ก้อนหินตรงนี้ มันหายไปได้ไง\"/pause 500/faceDirection farmer 0/pause 500/speak Willy \"สายน้ำสายนี้ ไหลมาจากส่วนลึก ของภูเขาเลยนะเนี่ย\"/pause 1000/specificTemporarySprite dickGlitter/playSound slosh/pause 500/faceDirection Willy 2/faceDirection farmer 2/pause 500/jump Willy/pause 800/emote Willy 16/speak Willy \"เฮ้! เธอเห็นอะไรที่มันแวววาว อยู่ในน้ำไหม?\"/pause 800/showFrame Willy 24/pause 250/showFrame Willy 25/pause 1000/speak Willy \"ใช่แล้ว โอ้โห! นี่มันแร่ คุณภาพดีเลยนี่$h\"/showFrame Willy 24/pause 200/showFrame Willy 0/pause 500/faceDirection Willy 3/speak Willy \"น้ำพวกนี้ต้องพามัน มาจากภูเขาแน่เลย\"/pause 500/faceDirection farmer 1/pause 500/speak Willy \"คุณรู้ใช่ไหม มันหมายความว่าไง?\"/pause 900/jump Willy/pause 800/speak Willy \"ใช่แล้ว พวกเราจะสามารถ ร่อนแร่ได้!$h\"/faceDirection Willy 2/faceDirection Willy 3/speak Willy \"นี่ๆ ฉันมีตะแกรงอีกอัน ในกระเป๋า... ทำไมไม่เอาไปล่ะ?\"/pause 800/faceDirection Willy 1/pause 800/showFrame Willy 26/pause 500/playSound coin/pause 500/showFrame Willy 4/pause 500/showFrame Willy 12/faceDirection Willy 3/awardFestivalPrize Pan/null/pause 800/faceDirection Willy 2/speak Willy \"ถ้าคุณเห็นอะไร แวววาวในน้ำล่ะก็ ใช้ตะแกรงนี่ร่อนเลยนะ แล้วเจอกัน\"/faceDirection farmer 2/itemAboveHead pan/null/pause 1000/end",
        "371652/f Linus 2000/w sunny/t 600 1700/a 12 26": "sweet/18 32/farmer -1000 -1000 2 Robin -1000 -1000 2 Linus 23 33 1/skippable/animate Linus false true 250 20 21/pause 3000/doAction 24 33/pause 500/doAction 24 33/pause 800/doAction 24 33/pause 1000/stopAnimation Linus/move Linus -2 0 0/move Linus 0 -1 1/animate Linus false true 250 20 21/pause 500/doAction 22 32/pause 900/doAction 22 32/pause 200/doAction 22 32/pause 1200/stopAnimation Linus/move Linus -6 0 0/move Linus 0 -5 0 true/viewport move 0 -1 4000/move false/move Linus -2 0 3/warp Robin 12 26/playSound doorClose/pause 400/showFrame Robin 19/textAboveHead Robin \"ฮิป!\"/shake Robin 500/pause 500/faceDirection Linus 0/showFrame Robin 0/pause 1 500/warp farmer 11 26/playSound doorClose/faceDirection Linus 3/pause 500/move farmer 0 1 1/pause 1000/speak Robin \"โอ้...นั่นลีนัส ใช่แล้ว?$s\"/emote Robin 40/speak Robin \"คุณหิวหรือเปล่า? ฉันสามารถทำมื้อกลางวัน ให้คุณได้นะ... พอมีสตูว์แครอทเหลืออยู่น่ะ?\"/pause 500/speak Linus \"คุณมีน้ำใจมาก แต่ไม่ล่ะ ขอบคุณมาก! ในการหาอาหารในแต่ละวัน ฉันโชคดีมากแล้ว $h\"/pause 1000/speak Robin \"ฮ้า....ก็ได้$5\"/pause 500/faceDirection Robin 3/pause 500/speak Robin \"@? คุณดูเหมือน มีอะไรจะพูดหรือเปล่า...\"/pause 500/question fork0 \"#ฉันยินดีมากนะกับการที่ ลีนัสทำดี...#ฉันอยากเชิญลีนัส ไปอาศัยอยู่ในฟาร์มของฉัน...\"/pause 100/fork linusWell/faceDirection Robin 2 true/textAboveHead Robin \"วู้วว!\"/showFrame Linus 22/jump Linus/pause 2000/showFrame Linus 0/pause 1000/showFrame Linus 0/faceDirection Robin 2/speak Robin \"นั่นใจดีมากๆ เลยนะ! เป็นความคิดที่ยอดเยี่ยม! ฉันสามารถ สร้างบ้านให้ลีนัสได้นะ$h\"/move Robin 0 1 1/speak Robin \"ลีนัสในที่สุดคุณก็จะได้ ใช้น้ำร้อน จะได้มีบ้านอยู่อาศัยแล้ว ล่ะนะ คุณล่ะคิดว่าไง?\"/playMusic spring_day_ambient/pause 1000/showFrame Linus 19/pause 1000/speak Linus \"เอ่อ...$s#$b#อืม... ไม่ล่ะ ขอบคุณ$s\"/playSound thudStep/showFrame Robin 19/positionOffset Robin 0 -8/pause 40/positionOffset Robin 0 -8/pause 40/positionOffset Robin 0 -8/pause 40/positionOffset Robin 0 -8/pause 40/positionOffset Robin 0 -8/pause 40/positionOffset Robin 0 -8/pause 40/positionOffset Robin 0 -8/pause 40/positionOffset Robin 0 -8/playSound woodWhack/textAboveHead Robin \"อะไรนะ..?\"/pause 1000/emote farmer 8/emote Linus 28/playMusic echos/speak Linus \"ขอบคุณในความเมตตา...ของคุณจริงๆ...$s#$b#แต่...ฉันเคยบอกมาก่อนแล้ว...ว่าฉันเลือกจะใช้ชีวิตแบบนี้...\"/pause 500/showFrame Linus 0/move Linus 0 1 2/pause 500/speak Linus \"ฉันชอบอยู่คนเดียวมาตลอด... ฉันชอบความเงียบสงบ.... การขยับไปตามจังหวะ ของธรรมชาติ...#$b#มันเป็นชีวิตที่ฉันพอใจ ฉันไม่เคย อยากเปลี่ยนแปลงสิ่งนี้\"/showFrame Linus 0/pause 500/move Linus 0 -1 3/faceDirection Linus 3/showFrame Robin 0/pause 1000/speak Robin \"ฉันคิดว่าฉันไม่เคย คิดแบบนั้นเลย...$5\"/move Linus 0 1 3/move Linus -2 0 0/faceDirection farmer 2/playMusic spring_day_ambient/speak Linus \"@... ฉันรักมิตรภาพของเรา เป็นอย่างมากเลยล่ะนะ และฉันก็รู้ว่า คุณเองก็เหมือนกัน $h#$b#แต่... คุณไม่จำเป็นต้อง พยายามที่จะ 'ช่วย' ฉันหรอกนะ... ฉันรู้ดีว่าฉัน จะใช้ชีวิตยังไง... โอเคไหม?\"/move Linus -2 0 3/faceDirection farmer 3/faceDirection Robin 3/emote farmer 60/speak Linus \"...คุณได้กลิ่นนั่นมั้ย? กลิ่นหอมหวานของ ผลเบอร์รี่สุก...$h\"/jump Linus/speed Linus 4/move Linus -4 0 3/move Linus 0 -10 0 true/fade/viewport -2000 -2000/pause 2000/end",
        "linusWell": "pause 100/friendship Linus 250/move Linus 0 1 3/move Linus -2 0 0/faceDirection farmer 2/faceDirection Robin 2/playMusic spring_day_ambient/speak Linus \"ขอบคุณนะ @ คุณทำให้ฉันเป็นห่วง ตอนอยู่ที่นั่น... ฉันคิดว่า คุณคงจะขอให้ฉัน ย้ายไปอยู่กับคุณ! *ขยิบตา*#$b#คุณรู้สินะ ฉันคิดว่าคุณเป็นเพื่อนสนิท ของฉันในหุบเขานี้แล้วล่ะ... คุณไม่เคยพยายามที่จะ 'กำหนด' เส้นทางให้ฉันเลย... ฉันเคารพในวิถีชีวิต  ของฉันเอง แม้ว่าคุณจะยังไม่เข้าใจก็ตาม$h#$b# ฉันรู้สึกขอบคุณจริงๆ\"/move Linus -2 0 3/faceDirection farmer 3/faceDirection Robin 3/emote farmer 32/speak Linus \"อ่าห์... คุณได้กลิ่นพวกนั้นมั้ย? กลิ่นหอมหวาน ของเบอร์รี่สุก...$h\"/jump Linus/speed Linus 4/move Linus -4 0 3/move Linus 0 -10 0 true/fade/viewport -2000 -2000/pause 500/speak Robin \"อ่าา....สิ่งหอมหวานเย้ายวนใจ...$h\"/pause 1000/end",
        "5183338/e 3917666/O Maru/w sunny/t 2200 2500": "nightTime/-1000 -1000/farmer 23 29 3 Maru 14 29 3/skippable/changeToTemporaryMap NightSceneMaruMap2 false/bgColor 0 0 0/ambientLight 0 0 0/viewport 14 25 true clamp/pause 1000/move farmer -8 0 3/faceDirection Maru 1/pause 800/showFrame Maru 32/pause 700/showFrame Maru 4/speak Maru \"เฮ้ @ เธอมาได้ทันเวลาพอดี... ดาวหางกำลังจะ ปรากฏออกมาแล้ว\"/pause 500/faceDirection Maru 2/pause 1000/faceDirection farmer 2/pause 1000/speak Maru \"เป็นคืนที่สวยงามใช่มั้ยล่ะ?\"/pause 2000/faceDirection Maru 1/faceDirection farmer 3/pause 1000/speak Maru \"จำครั้งแรกที่เรา ทำแบบนี้ได้มั้ย? มันก็ผ่านมาพักนึงแล้วเนอะ...\"/faceDirection Maru 2/speak Maru \"ฉันเกือบจะ เปิดเผยความรู้สึกที่แท้จริง ของฉันในคืนนั้น แต่ฉันกลัวว่า คุณอาจจะปฏิเสธฉัน\"/faceDirection Maru 1/speak Maru \"ใครจะไปรู้ล่ะว่า หลังจากนั้นไม่นาน เราก็แต่งงานกัน!$h\"/pause 500/emote farmer 20/pause 500/jump Maru/pause 400/speak Maru \"โอ้! ได้เวลาแล้ว...\"/faceDirection Maru 3/faceDirection farmer 3 true/showFrame Maru 28/emote Maru 40/pause 1000/textAboveHead Maru \"ว้าว!\"/pause 3000/showFrame Maru 12/move Maru 0 1 0/speak Maru \"ดูสิ!\"/pause 500/move farmer -1 0 3/pause 1000/animate farmer true true 100 35/pause 1000/fade/viewport -1000 -1000/pause 1000/playMusic spaceMusic/warp Maru 15 29/faceDirection Maru 3/cutscene marucomet/pause 1000/viewport 14 25 true clamp/pause 3000/stopAnimation farmer/pause 1000/faceDirection farmer 1/pause 500/speak Maru \"หลังจากที่เห็นดาวหาง มันเป็นธรรมเนียม ที่จะต้องขอพร...\"/pause 500/quickQuestion เธอจะขออะไร? #ลูกคนใหม่ #ขอให้เราได้แก่ไปด้วยกั น#ขอให้รวยกว่านี้ (break)jump Maru\\pause 500\\speak Maru \"โอ้! พวกเราลองดูได้อยู่แล้ว...$l\"\\emote Maru 20(break)emote Maru 20\\speak Maru \"นั่นมัน... น่ารักจังเลย!$l#$b#I have the same wish.$l\"(break)speak Maru \"เงิน? โอ้...$s#$b$ก็ดีนะ ฉันคิดว่ามันก็เอามาใช้ได้จริง นั่นแหละ...$8\"\\emote Maru 28\\speak Maru \"คำอธิษฐานของ ฉันมันโรแมนติก กว่านั้นนิดหน่อย...\"/pause 2000/animate Maru false true 100 28/animate farmer false true 100 101/positionOffset farmer 16 0/specificTemporarySprite heart 15 29/pause 2000/specificTemporarySprite maruTelescope/viewport move 0 -1 13000/pause 16000/fade/viewport -1000 -1000/pause 3000/end newDay",
        "9333219/O Sebastian/f Sebastian 3500/w rainy/t 600 1900": "rain/48 36/farmer 49 31 2 Sebastian 50 36 3/makeInvisible 44 31 5 5/addConversationTopic sebastianFrog 0/skippable/move farmer 0 4 2/faceDirection Sebastian 0/speak Sebastian \"เฮ้ @... ด๊ใจจังที่คุณมา\"/emote farmer 8/faceDirection Sebastian 3/speak Sebastian \"มันมีกบบาดเจ็บ อยู่ในพุ่มไม้นั่น... ผมจะไปช่วยเขา!\"/emote farmer 28/faceDirection Sebastian 0/speak Sebastian \"ผมต้องการ ความช่วยเหลือของคุณ คุณอ้อมพุ่มไม้นั่นไป แล้วลองทำให้ เค้ามาทางผมที ผมจะรอจับเค้า ตรงนี้แหละ\"/pause 500/faceDirection Sebastian 3/move farmer -5 0 2/pause 500/showFrame Sebastian 54/playSound grassyStep/pause 500/speak Sebastian \"โอเค... คุณพร้อมนะ?\"/emote farmer 56/textAboveHead Sebastian \"ตอนนี้แหละ!\"/pause 500/doAction 44 36/pause 1000/doAction 44 36/pause 1000/doAction 44 36/playSound croak/specificTemporarySprite sebastianFrog/pause 10000/playSound coin/showFrame Sebastian 55/jump Sebastian/textAboveHead Sebastian \"ได้ตัวเขาแล้ว!\"/move farmer 5 0 2/move farmer 0 1 1/speak Sebastian \"เจ้าตัวน้อยที่น่าสงสาร... ขาของเขาคงจะเจ็บสินะเนี่ย $s\"/emote farmer 28/quickQuestion #เราจะทำยังไงกับเขาดี? #เขาจะเป็นลูกชาย คนใหม่ของเรา... #ฉันไม่คิดว่าจะ รักษาหายนะ #รักษาเขาจนกลับ มาสุขภาพดีกันเถอะ!(break)speak Sebastian \"ตอนนี้ผมจะพาเขา กลับไปบ้านและทำให้ เขารู้สึกสบาย #$b# ผมว่าผมต้องหาข้อมูล เกี่ยวกับการดูแลกบซักหน่อย ไม่แน่ว่ามานีอาจจะ รู้วิธีดูแลกบก็ได้\"(break)speak Sebastian \"ฮ่า ใช่แล้ว ฉันว่าอย่างนั้นแหละ $h#$b# เขาได้ความสนใจของคุณ ไปเต็มๆเลย... $7\"\\faceDirection farmer 2 true\\jump farmer\\showFrame farmer 94\\startJittering(break)emote Sebastian 12\\speak Sebastian \"เอาล่ะ ขอโทษนะถ้าผมไม่ได้ สนใจคำพูดของคุณ... ผมอยากจะมอบโอกาส ให้เจ้าตัวน้อยที่น่าสงสารนี่\"(break)speak Sebastian \"พวกเราจะทำให้ดีที่สุด แต่จะไม่ผูกพันธ์กับมันมากไป...\"/pause 300/stopJittering/stopAnimation farmer/faceDirection farmer 1/pause 500/speak Sebastian \"พาเขากลับบ้านกันเถอะ\"/pause 500/playSound croak/pause 2000/end"
    }
}
