{
    "header": {
        "target": "w",
        "formatVersion": 5,
        "hidef": true,
        "compressed": 128
    },
    "readers": [
        {
            "type": "Microsoft.Xna.Framework.Content.DictionaryReader`2[[System.String, mscorlib, Version=4.0.0.0, Culture=neutral, PublicKeyToken=b77a5c561934e089],[System.String, mscorlib, Version=4.0.0.0, Culture=neutral, PublicKeyToken=b77a5c561934e089]]",
            "version": 0
        },
        {
            "type": "Microsoft.Xna.Framework.Content.StringReader",
            "version": 0
        }
    ],
    "content": {
        "528052/f Harvey 2500/t 900 1700/n harveyBalloon": "playful/26 38/Harvey 24 41 0 farmer 24 50 0/skippable/move farmer 0 -8 0/faceDirection Harvey 2/speak Harvey \"มาแล้วเหรอ... ทันเวลาพอดีเลย!$l\"/faceDirection Harvey 0/jump Harvey/pause 800/speak Harvey \"ดูสิ มันมานั่นแล้ว!$8\"/emote farmer 8/move Harvey -1 0 1/move farmer -2 0 0/move farmer 0 -1 1/addTemporaryActor Marcello 16 32 25 19 2 true/positionOffset Marcello 36 558/animate Marcello false true 400 16 17/specificTemporarySprite marcelloLand/null/pause 1000/stopAnimation Marcello/pause 500/message \"บริการให้เช่าบอลลูน ของมาร์เซลโล!\"/pause 1000/positionOffset Marcello -4 0/pause 20/positionOffset Marcello -4 0/pause 20/positionOffset Marcello -4 0/pause 20/positionOffset Marcello -4 0/pause 20/positionOffset Marcello -4 0/pause 20/positionOffset Marcello -4 0/pause 20/positionOffset Marcello -4 0/pause 20/positionOffset Marcello -4 0/pause 20/positionOffset Marcello -4 0/pause 20/jump Marcello 12/move Marcello 0 3 3/move Marcello -2 0 0/faceDirection Harvey 2/faceDirection farmer 2/message \"มาร์เซลโล: พวกคุณมีเวลา 2 ชั่วโมงนะ\"/faceDirection Marcello 3/faceDirection Marcello 2/message \"มาร์เซลโล: ตอนนี้... เดี๋ยวฉันจะไปหาจุดขาย เครื่องดื่มแถวนี้สักหน่อย?\"/move Marcello 0 9 1/warp Marcello -100 -100/faceDirection farmer 1/faceDirection Harvey 3/pause 500/speak Harvey \"ผมเห็นโฆษณาบอลลูนให้เช่า ในหนังสือพิมพ์ และผมก็รู้เลยว่า มันน่าจะทำให้ เธอประหลาดใจมากแน่ๆ\"/pause 800/question fork1 \"#มันดูน่าสนุกนะ! ไปกันเถอะ!#...ว่าแต่ คุณกลัวความสูงหรือเปล่า?\"/fork afraid/pause 500/speak Harvey \"โอเค... เชิญคุณก่อน$l\"/pause 400/move farmer 0 1 1/faceDirection Harvey 1/move farmer 3 0 0/move farmer 0 -1 0/jump farmer 14/move farmer 0 -1 2/move Harvey 0 1 1/move Harvey 3 0 0/move Harvey 0 -1 0/jump Harvey 14/move Harvey 0 -1 2/pause 1000/showFrame Harvey 29/pause 300/playSound openBox/pause 300/showFrame Harvey 0/pause 400/playSound furnace/playMusic none/cutscene balloonDepart/viewport move 0 -1 6000/pause 2000/showFrame Harvey 30/jump Harvey 5/shake Harvey 7000/pause 7000/globalFade/viewport -2000 -2000/playMusic 50s/pause 2000/cutscene clearTempSprites/changeToTemporaryMap HarveyBalloon/cutscene balloonChangeMap/warp farmer 22 36/warp Harvey 22 36/positionOffset farmer 24 570/positionOffset Harvey 96 554/positionOffset farmer -8 -8/positionOffset Harvey -24 -8/showFrame Harvey 32/pause 1000/shake Harvey 19000/viewport 23 39 clamp true/viewport move 0 -1 17000/pause 18000/faceDirection farmer 1/showFrame Harvey 33/pause 1000/jump Harvey/showFrame Harvey 30/pause 800/showFrame Harvey 12/animate Harvey false true 100 12 13 14 15/positionOffset Harvey -4 2/pause 30/positionOffset Harvey -4 2/pause 30/positionOffset Harvey -4 2/pause 30/positionOffset Harvey -4 2/pause 30/positionOffset Harvey -4 2/pause 30/positionOffset Harvey -4 2/pause 30/positionOffset Harvey -4 2/pause 30/positionOffset Harvey -4 2/pause 30/stopAnimation Harvey/showFrame Harvey 31/positionOffset Harvey -4 0/playSound fishSlap/eyes 1 -2000/pause 2000/speak Harvey \"พวกเรา...  พวกเราอยู่สูงมาก... *กลืนน้ำลาย*$8\"/shake Harvey 2000/pause 800/speak Harvey \"ผมต้องการให้คุณ รู้สึกประทับใจ ด้วยสิ่งนี้... แต่ดูผมสิ ผมตัวสั่นไปหมดแล้ว.$7\"/emote Harvey 28/pause 500/speak Harvey \"เอาล่ะ, คุณทำให้ผมกล้าพอ ที่จะสู้กับทุกอย่าง  @...นั่นเป็น... นั่นเป็นส่วนหนึ่งที่ทำไม ผมถึงชอบคุณยังไงล่ะ$11\"/pause 1000/speak Harvey \"โอเค เดี๋ยวผมจะเปิดตาแล้วลอง มองลงไปข้างล่างนะ... อย่าปล่อยมือผมล่ะ$4\"/pause 800/positionOffset Harvey 4 -2/pause 30/positionOffset Harvey 4 -2/pause 30/positionOffset Harvey 4 -2/pause 30/positionOffset Harvey 4 -2/pause 30/positionOffset Harvey 4 0/pause 30/positionOffset Harvey 4 0/pause 30/faceDirection farmer 2/showFrame Harvey 0/pause 500/showFrame Harvey 33/pause 500/shake Harvey 4000/pause 500/showFrame Harvey 30/pause 2000/showFrame Harvey 33/pause 3500/speak Harvey \"ผม... ผมคิดว่าผมทำมันได้แล้วนะ$8\"/specificTemporarySprite balloonBirds/faceDirection farmer 2/pause 3000/faceDirection Harvey 1/faceDirection farmer 1/emote farmer 16 true/emote Harvey 16/pause 4000/faceDirection farmer 0/faceDirection Harvey 2/pause 10000/speak Harvey \"เฮ้ นี่มันเหลือเชื่อจริงๆ! ผมคิดว่าผมเห็นเลวิส ยืนอยู่แถวๆกลางเมืองนะ!$h\"/faceDirection farmer 2/pause 3000/speak Harvey \"โอ้ ที่รัก... เวลาของเรา ใกล้จะหมดแล้วล่ะ$s\"/pause 400/faceDirection Harvey 3/faceDirection farmer 1/playMusic none/pause 500/speak Harvey \"อืม... @? ตอนนี้เราก็รู้จักกันมากขึ้น แล้วด้วย และผม... ผม... เอ่ออ...$11\"/playMusic musicboxsong/pause 400/faceDirection Harvey 2/pause 500/faceDirection Harvey 3/speak Harvey \"...$11\"/specificTemporarySprite balloonBirds 2/pause 1000/showFrame Harvey 31/pause 500/showFrame 101/positionOffset Harvey -1 0/pause 30/positionOffset Harvey -1 -2/pause 30/positionOffset Harvey -1 -2/pause 30/positionOffset Harvey -1 0/pause 30/positionOffset Harvey -1 0/pause 30/positionOffset Harvey -1 0/pause 30/positionOffset Harvey -1 0/pause 30/positionOffset Harvey -1 0/pause 30/pause 5000/globalFade/viewport -1000 -1000/pause 2000/speak Harvey \"ว้าว... เราใช้เวลาเกิน ไปครึ่งชั่วโมงแล้ว รีบลงไปข้างล่างกันดีกว่า $l\"/pause 2000/end dialogue Harvey \"ผมไม่เคยมีความสุขแบบนี้ มาก่อนในชีวิตเลย$l\"",
        "afraid": "pause 500/speak Harvey \"ผมเหรอ... กลัวสิ$s#$b#แต่ผมตั้งใจไว้แล้ว ว่าจะไม่หยุดทำ สิ่งที่อยากจะทำต่อจากนี้ กับคุณหรอกนะ$l#$b#ผมจะพยายามไม่กลัวมันละกัน\"/pause 400/move farmer 0 1 1/faceDirection Harvey 1/move farmer 3 0 0/move farmer 0 -1 0/jump farmer 14/move farmer 0 -1 2/move Harvey 0 1 1/move Harvey 3 0 0/move Harvey 0 -1 0/jump Harvey 14/move Harvey 0 -1 2/pause 1000/showFrame Harvey 29/pause 300/playSound openBox/pause 300/showFrame Harvey 0/pause 400/playSound furnace/cutscene balloonDepart/playMusic none/viewport move 0 -1 6000/pause 2000/showFrame Harvey 30/jump Harvey 5/shake Harvey 7000/pause 7000/globalFade/viewport -2000 -2000/playMusic 50s/pause 2000/cutscene clearTempSprites/changeToTemporaryMap HarveyBalloon/cutscene balloonChangeMap/warp farmer 22 36/warp Harvey 22 36/positionOffset farmer 24 570/positionOffset Harvey 96 554/positionOffset farmer -8 -8/positionOffset Harvey -24 -8/showFrame Harvey 32/pause 1000/shake Harvey 19000/viewport 23 39 clamp true/viewport move 0 -1 17000/pause 18000/faceDirection farmer 1/showFrame Harvey 33/pause 1000/jump Harvey/showFrame Harvey 30/pause 800/showFrame Harvey 12/animate Harvey false true 100 12 13 14 15/positionOffset Harvey -4 2/pause 30/positionOffset Harvey -4 2/pause 30/positionOffset Harvey -4 2/pause 30/positionOffset Harvey -4 2/pause 30/positionOffset Harvey -4 2/pause 30/positionOffset Harvey -4 2/pause 30/positionOffset Harvey -4 2/pause 30/positionOffset Harvey -4 2/pause 30/stopAnimation Harvey/showFrame Harvey 31/positionOffset Harvey -4 0/playSound fishSlap/eyes 1 -2000/pause 2000/speak Harvey \"พวกเรา...  พวกเราอยู่สูงมาก... *กลืนน้ำลาย*$8\"/shake Harvey 2000/pause 800/speak Harvey \"ผมแค่ต้องการให้คุณประทับใจ ด้วยสิ่งนี้... แต่ดูผมสิ ผมนี่ตัวสั่นไปหมดแล้ว$7\"/emote Harvey 28/pause 500/speak Harvey \"เอาล่ะ, คุณทำให้ผมกล้าพอ ที่จะสู้กับทุกๆ อย่าง  @...นั่นเป็น... นั่นเป็นส่วนหนึ่ง ที่ทำไมผมถึงชอบคุณไงล่ะ$11\"/pause 1000/speak Harvey \"โอเค ผมจะเปิดตาแล้วลอง มองลงไปข้างล่างนะ... อย่าปล่อยมือผมล่ะ$4\"/pause 800/positionOffset Harvey 4 -2/pause 30/positionOffset Harvey 4 -2/pause 30/positionOffset Harvey 4 -2/pause 30/positionOffset Harvey 4 -2/pause 30/positionOffset Harvey 4 0/pause 30/positionOffset Harvey 4 0/pause 30/faceDirection farmer 2/showFrame Harvey 0/pause 500/showFrame Harvey 33/pause 500/shake Harvey 4000/pause 500/showFrame Harvey 30/pause 2000/showFrame Harvey 33/pause 3500/speak Harvey \"ฉผม... ผมคิดว่าผมทำมันได้แล้วนะ$8\"/specificTemporarySprite balloonBirds/faceDirection farmer 2/pause 3000/faceDirection Harvey 1/faceDirection farmer 1/emote farmer 16 true/emote Harvey 16/pause 4000/faceDirection farmer 0/faceDirection Harvey 2/pause 10000/speak Harvey \"เฮ้, นี่มันเหลือเชื่อจริงๆ! ผมคิดว่าผมเห็นเลวิส ยืนอยู่แถวๆกลางเมืองนะ!$h\"/faceDirection farmer 2/pause 3000/speak Harvey \"โอ้ ที่รัก... เวลาของเรา ใกล้จะหมดแล้ว$s\"/pause 400/faceDirection Harvey 3/faceDirection farmer 1/playMusic none/pause 500/speak Harvey \"อืม... @? ตอนนี้เราก็รู้จักกันมากขึ้น แล้วและผม... ผม... เอ่ออ...$11\"/playMusic musicboxsong/pause 400/faceDirection Harvey 2/pause 500/faceDirection Harvey 3/speak Harvey \"...$11\"/specificTemporarySprite balloonBirds 2/pause 1000/showFrame Harvey 31/pause 500/showFrame 101/positionOffset Harvey -1 0/pause 30/positionOffset Harvey -1 -2/pause 30/positionOffset Harvey -1 -2/pause 30/positionOffset Harvey -1 0/pause 30/positionOffset Harvey -1 0/pause 30/positionOffset Harvey -1 0/pause 30/positionOffset Harvey -1 0/pause 30/positionOffset Harvey -1 0/pause 30/pause 5000/globalFade/viewport -1000 -1000/pause 5000/globalFade/viewport -1000 -1000/pause 2000/speak Harvey \"ว้าว... เราใช้เวลาเกิน ไปครึ่งชั่วโมงแล้วล่ะ ลงไปข้างล่างกันดีกว่า$l\"/pause 2000/end dialogue Harvey \"ผมไม่เคยมีความสุขแบบนี้ มาก่อนในชีวิตเลย$l\"",
        "529952/C": "WizardSong/54 36/Wizard 54 36 0 farmer 50 40 1/addQuest 28/skippable/move farmer 1 0 0/move farmer 0 -4 1/faceDirection Wizard 3 true/move farmer 1 0 1/pause 800/faceDirection Wizard 0/pause 600/emote Wizard 40/pause 500/speak Wizard \"อา... @ ข้ารอเจ้าอยู่\"/pause 800/faceDirection Wizard 3/pause 400/faceDirection Wizard 0/pause 400/speak Wizard \"ข้าเคยบอกเจ้า ไปรึยังนะว่า ข้าเคยแต่งงานมาก่อนน่ะ?\"/pause 800/faceDirection Wizard 3 true/pause 50/faceDirection Wizard 2/pause 800/showFrame Wizard 18/pause 800/speak Wizard \"เป็นเรื่องที่แปลกสินะ ข้ารู้... สำหรับคนอย่างข้าน่ะนะ แต่มันก็เป็นเรื่องจริง\"/pause 500/showFrame Wizard 0/pause 800/faceDirection Wizard 3/speak Wizard \"ข้ากับภรรยา อยู่ด้วยกันมาหลายปี จนกระทั่งข้า ได้ทำพลาดครั้งใหญ่ลงไป ด้วยการขับไล่นางออกไป\"/pause 400/faceDirection Wizard 0/speak Wizard \"ความโกรธและริษยาของนาง รุนแรงมากจนเปลี่ยน ให้ผิวของนางเป็นสีเขียว และเริ่มบินไปรอบๆ เมืองพร้อมสาปแช่ง ทุกอย่างที่นางบินผ่าน...\"/pause 1000/speak Wizard \"ตอนที่ข้าได้มาพบที่นี่ ข้าก็ได้ปิดผนึก ทางเข้าบ้านของนางไป... ด้วยเกรงว่า ชาวเมืองผู้บริสุทธิ์ อาจจะต้องตกเป็นเหยื่อ มนต์ดำของนางเข้า\"/move Wizard -1 0 3/speak Wizard \"แต่ตอนนี้ ข้าจะต้องเปิดผนึกมันออก... เพราะตอนที่เราแยกทางกัน นางเอาหมึกเวทมนตร์ ของข้าไปด้วย! ข้าต้องการ หมึกเวทมนตร์กลับมา!$h#$b#ข้าคิดจะทำมันด้วยตัวเอง แต่ว่าข้า... ข้าไม่อยากพบเจอนางอีก นั่นจึงเป็นเหตุผลที่ข้า ต้องการความช่วยเหลือ จากเจ้า\"/move Wizard 1 0 0/speak Wizard \"เพื่อจะเปิดเส้นทางนี้ เจ้าต้องมียันต์แห่งความมืด (Dark talisman) ไปคุยกับโครบัส ในท่อระบายน้ำสิ.... เขาจะรู้ว่า ควรหามันได้จากไหน\"/pause 500/faceDirection Wizard 3/speak Wizard \"ข้าจะขอบคุณเจ้า เป็นอย่างมากเลย... ถ้าเจ้าสามารถนำ หมึกเวทมนตร์ของข้า กลับมาได้ ข้าขอให้สัญญา ข้าจะให้รางวัลที่คุ้มค่า กับเจ้า... ตอนนี้ไปได้แล้ว!\"/pause 500/faceDirection Wizard 2/pause 500/showFrame Wizard 16/pause 500/playSound wand/warp Wizard -3000 -3000/specificTemporarySprite wizardWarp2/faceDirection farmer 2 true/showFrame farmer 94/pause 3000/showFrame farmer 0/specificTemporarySprite witchFlyby/pause 4000/end"
    }
}
