{
    "header": {
        "target": "w",
        "formatVersion": 5,
        "hidef": true,
        "compressed": 128
    },
    "readers": [
        {
            "type": "Microsoft.Xna.Framework.Content.DictionaryReader`2[[System.String, mscorlib, Version=4.0.0.0, Culture=neutral, PublicKeyToken=b77a5c561934e089],[System.String, mscorlib, Version=4.0.0.0, Culture=neutral, PublicKeyToken=b77a5c561934e089]]",
            "version": 0
        },
        {
            "type": "Microsoft.Xna.Framework.Content.StringReader",
            "version": 0
        }
    ],
    "content": {
        "40/f Elliott 1000/p Gus/t 1500 2200": "playful/11 20/farmer 14 24 0 Elliott -30 -30 0 Clint 18 22 2 Marnie 9 22 3 Pam 7 18 1 Lewis 8 22 1 Pierre 4 22 2 Demetrius 3 23 1 Gus 14 18 2 Emily 16 18 3/skippable/move farmer 0 -3 3/faceDirection Pierre 1 true/move farmer -3 0 0/faceDirection Pierre 2 true/move farmer 0 -1 0/faceDirection Marnie 0 true/faceDirection Gus 3/speak Gus \"ไง ฉันจะไปรับออเดอร์ อีกซักแปบนะ\"/faceDirection Gus 2/move Emily 2 0 1/faceDirection Marnie 3 true/pause 800/move Emily -2 0 0/pause 1000/faceDirection Clint 3 true/move Emily 2 0 1/warp Elliott 14 24/playSound doorClose/pause 500/move Elliott 0 -3 3/faceDirection farmer 2 true/move Elliott -2 0 0/move Elliott 0 -1 0/faceDirection farmer 1/faceDirection Elliott 3/speak Elliott \"สวัสดี @! น่าแปลกใจอะไรแบบนี้!#$b#ฉันมาหยุดพักหลังจาก เขียนนิยายมา 8 ชั่วโมงติด $h\"/pause 400/faceDirection Elliott 1/speak Elliott \"บาร์เทนเดอร์! ขอเบียร์ที่ดีที่สุด 2 แก้ว!^บาร์เทนเดอร์! ขอเบียร์ที่ดีที่สุดให้ผม และขอไวน์สำหรับคุณผู้หญิง!\"/faceDirection Gus 3/faceDirection farmer 0/speak Gus \"...$u\"/move Gus 3 0 0/move Gus 0 -1 0/faceDirection Emily 2/playSound openBox/pause 400/playSound Milking/move Pam -6 0 0/move Gus 0 1 3/move Gus -5 0 2/faceDirection Elliott 0/pause 500/speak Gus \"อะ ของที่สั่งครับ$u\"/pause 500/faceDirection Elliott 3/faceDirection farmer 1/speak Elliott \"$q 28376 null#เดี๋ยวก่อน ผมขอเสนอขนมปังปิ้ง! สำหรับ...#$r 28376 25 event_toast4#สำหรับเมืองเพลิแกน!#$r 28376 50 event_toast2#สำหรับความสัมพันธ์ของเรา!#$r 28376 -10 event_toast1#สำหรับสุขภาพที่ดีของฉัน!#$r 28376 -50 event_toast3#สำหรับ เคราะห์กรรมของนาย!\"/faceDirection Elliott 2/faceDirection farmer 2/pause 900/showFrame Elliott 16/animate Elliott false false 120 16 17 18 19 19 18 18 19 19 18 18 19 19 18 18 19 19 18 18 17 16/pause 500/farmerEat 346/pause 900/pause 1100/stopAnimation farmer/faceDirection farmer 1/speak Elliott \"*เอิ๊ก*... เบียร์ดีนี่หน่า...$h\"/pause 800/animate Elliott false false 400 20 21 22 21 20 21 22 21 20 21 22 21 20 21 22 21 16/pause 1000/faceDirection farmer 1/pause 800/faceDirection farmer 2/animate farmer false true 100 102 103/pause 1000/globalFade/viewport -1000 -1000/pause 600/stopAnimation farmer/end warpOut",
        "96/f Gus 1000/f Pam 500/p Gus": "jaunty/10 21/farmer -100 -100 0 Gus 10 21 2 Pam -101 -101 0/skippable/pause 200/emote Gus 28/pause 500/playSound doorClose/warp farmer 14 24/pause 500/faceDirection Gus 1 true/move farmer 0 -3 3/speak Gus \"โอ้ สวัสดี พรรคพวก^สวัสดี @ \"/pause 500/faceDirection Gus 2/move farmer -3 0 2/pause 800/faceDirection farmer 3/pause 400/emote farmer 8/pause 700/speak Gus \"*เฮ้ออ*...ฉันกำลังนั่งดูรายรับ ของเดือนที่แล้ว... และมันดูไม่ค่อยดีเลย @ $s#$b#สิ่งที่แย่ที่สุด... ฉันไม่ชอบเลย ที่จะบอกว่ามันเป็นเพราะ เพื่อนของฉัน... แพมไง! เธอยังไม่คืนเงิน ของสัปดาห์นี้ ที่ค้างฉันเลย ! $s#$b#...แต่ฉันก็ไม่กล้าทวงเธอ ฉันรู้ว่าเธอมีปัญหา ที่ต้องแบกรับ และฉันก็ไม่อยากทำร้าย ความรู้สึกของเธอ $s\"/pause 600/faceDirection Gus 1/speak Gus \"@ เธอช่วยฉันหน่อยได้ไหม! $s\"/stopMusic/pause 500/playSound doorClose/warp Pam 14 24/move Pam 0 -3 3/faceDirection Gus 1 true/faceDirection farmer 1/emote Gus 16/speak Pam \"สวัสดี!$h#$b#กัส... ฉันกระหายน้ำมาก คงรู้นะว่าฉันหมายถึงอะไร\"/emote Gus 28/speak Gus \"เอิ่มม... โอเคแพม $s\"/emote Gus 28/pause 700/emote Pam 8/pause 400/speak Pam \"$q 207 null#@ มีอะไรเหรอ?#$r 207 -50 event_credit1#เธอต้องจ่ายหนี้ของเธอ มาเดี๋ยวนี้!#$r 208 15 event_credit2#สถานะการเงินของที่นี่ ไม่ค่อยดีเลย\"/pause 400/faceDirection Pam 1/emote Pam 12/speak Pam \"....$u#$b#*ถอนหายใจ* ...อืม ฉันคิดว่าฉันจะพยายาม จ่ายหนี้ให้เร็วกว่านี้ $s\"/move Pam -2 0 0/move Pam 0 -1 3/move Pam -2 0 2/faceDirection Gus 0/faceDirection farmer 3/playSound money/pause 500/speak Gus \"ขอบคุณมากแพม!$h\"/pause 500/faceDirection Gus 1/speak Gus \"และขอบคุณ @ $u\"/pause 500/faceDirection Gus 0/speak Gus \"เอาล่ะ นี่สำหรับเธอแพม $h\"/friendship Gus 50/end dialogue Gus \"ขอบคุณที่ช่วยนะ @ เงินนี่ช่วยร้านได้มากจริงๆ\"",
        "97/f Clint 750/t 1900 2300/d Tue Wed Thu Fri Sat Sun": "none/4 18/farmer 14 24 0 Clint 4 19 2 Emily 10 11 0 Gus 15 18 1 Shane 7 18 1/skippable/move farmer 0 -3 3/emote Clint 28/pause 500/move Clint 0 -1 3/move Clint -3 0 0/pause 500/playSound openBox/pause 150/playSound shiny4/pause 400/playMusic desolate/move Clint 3 0 2/move Clint 0 1 2/move farmer -3 0 0/move farmer 0 -1 3/faceDirection Shane 2 true/move farmer -3 0 3/faceDirection Shane 1 true/move farmer -3 0 3/faceDirection Clint 1/speak Clint \"สวัสดี @... จะเป็นไรไหม ถ้าจะมาร่วมโต๊ะกับฉัน?\"/pause 400/faceDirection farmer 0/pause 800/faceDirection farmer 3/faceDirection Clint 2/speak Clint \"ฟังฉันหน่อยนะ ฉันอยากจะระบายอะไร กับเธอหน่อย $u#$b#ฉันโชคไม่ค่อยดีเรื่องผู้หญิง @...*เฮ่อออ*$s#$b#ฉันก็เป็นคนดีคนนึงนะ ถ้าได้มารู้จักฉันจริงๆ สาบานได้เลย!$u\"/pause 500/faceDirection farmer 0/emote farmer 28/pause 500/faceDirection farmer 3/speak Clint \"ดูเหมือนสาวๆ ในเมืองจะชอบแต่นายนะ @...^เธอเป็นผู้หญิงนี่ @...\"/speak Clint \"$q 211 null#มีเคล็ดลับบ้างไหม?^มีคำแนะนำอะไร ให้กับฉันไหม?#$r 211 25 event_advice1#ใช้ความแข็งแรงและเสน่ห์ สร้างความประทับใจให้ผู้หญิง#$r 211 25 event_advice1#ทำตัวบ๊องๆ ไว้ เพื่อให้คนทั่วไป ต้องคาดเดาเธออยู่เสมอ#$r 211 0 event_advice2#ทำตัวตามธรรมชาติ... เป็นอย่างที่เธอเป็น#$r 211 25 event_advice1#ทำกับผู้หญิงเหมือนผู้ชาย ทั่วไปแหละ\"/speed Emily 4/move Emily -6 0 2/speed Emily 2/move Emily 0 4 2/doAction 4 16/playSound openBox/stopMusic/move Emily 0 3 1/move Emily 1 0 2/move Emily 0 1 3/pause 400/pause 700/speak Emily \"ไงคลินท์ จะให้ฉันทำอะไรให้กินดีคืนนี้?$h\"/pause 600/faceDirection Clint 1/pause 200/speak Clint \"ใช่ๆ!\"/pause 300/speak Clint \"เอ่อออ.. ฉันหมายความว่า ฉันขอเป็น บิ๊ก แอนด์ ชีสสี่ (Big n' Cheesy) เพิ่มซอส ละกัน$s#$b#...$u\"/faceDirection Clint 3/faceDirection Emily 2/pause 300/faceDirection Clint 2/speak Emily \"ไง @\"/pause 300/faceDirection farmer 0/faceDirection Clint 1/speak Clint \"เอ่อ... *อะแฮ่ม* ข...ขอบใจนะเอมิลี่  ที่... มารับเมนู#$b# เอมิลี่? ฉัน... ฉันสงสัยว่า...$h\"/pause 300/faceDirection Emily 3/emote Emily 8/pause 400/speak Emily \"ว่าไงคลินท์?$u\"/pause 500/emote Clint 28/pause 1200/speak Clint \"...เอิ่มมม ไม่มีอะไร$s\"/faceDirection Clint 0/playMusic sadpiano/pause 300/faceDirection Emily 2/pause 300/faceDirection Emily 3/pause 500/move Emily 0 -1 1/move Emily 1 0 1/faceDirection Shane 3/speak Emily \"ไงเชน! นี่เครื่องดื่มของนาย$h\"/pause 300/faceDirection Shane 1/pause 400/addObject 8 17 346 1/playSound woodyStep/pause 400/faceDirection Shane 3/pause 300/faceDirection Clint 1/speak Shane \"ขอบคุณนะเอมิลี่!$h#$b#แล้วก็... มาคุยกับฉันหน่อยได้มั้ย?\"/speak Emily \"ได้สิ! ยินดีเลยเชน!$h#$b#เธอมีเรื่องเล่าเกี่ยวกับไก่ มาบอกฉันอีกแล้วเหรอ?\"/pause 600/emote Clint 28/pause 500/faceDirection Clint 2/pause 800/speak Clint \"*เฮ้ออ*$s#$b#จบแล้วฉัน...$s\"/end warpOut",
        "911526/f Alex 2500/t 1900 2200/n joshMessage": "gusviolin/-1000 -1000/farmer 5 5 1 Gus 10 6 2 Alex 9 5 3 Emily 9 17 2/skippable/showFrame 117/showFrame Alex 39/positionOffset farmer 12 8/positionOffset Alex -12 0/animate Gus false true 723 16 17/viewport 7 4 true/pause 23000/stopAnimation Gus/pause 1000/faceDirection Gus 3/speak Alex \"ขอบคุณนะกัส มันเยี่ยมมากเลย\"/move Gus 0 1 1/move Gus 1 0 2/move Gus 0 1 2/doAction 11 9/move Gus 0 3 1/move Gus 12 0 3 true/speak Alex \"มันเยี่ยมมาก... ฉันไม่เคยมาทานอะไร ที่นี่มาก่อน\"/pause 1000/emote Alex 40/speak Alex \"ยังไงก็ตาม... ฉันจองห้องส่วนตัวไว้แล้ว เพื่อเราจะได้คุยกัน...$l\"/warp Emily 11 11 true/playSound woodyStep/move Emily 0 -4 3/move Emily -4 0 0/move Emily 0 -1 0/speak Emily \"พาสต้าซอสเห็ดสำหรับคุณ @ ^สลัดผักและผลไม้ สำหรับคุณผู้หญิง#$b#...และสเต็กเนื้อย่าง สำหรับอเล็กซ์^...และสเต็กเนื้อย่าง สำหรับคุณผู้ชาย\"/playSound woodyHit/specificTemporarySprite joshDinner/speak Alex \"ขอบคุณมาก\"/move Emily 4 0 2/move Emily 0 5 1/move Emily 11 0 1 true/speak Alex \"เอาล่ะ ฉันมีอะไรที่ อยากจะพูดหน่อย...$9\"/playMusic musicboxsong/speak Alex \"*กลืนน้ำลาย*$s\"/pause 600/speak Alex \"คือ... เมื่อตอนเราเจอกันครั้งแรก ตัวฉันถูกดึงดูด เข้าหานายทันที มันสับสนมาก... มันไม่เคยเป็นแบบนี้มาก่อน ไม่ว่ากับใคร$l^เมื่อตอนเราเจอกันครั้งแรก ฉันคิดว่า เธอนั้นโคตรน่ารักเลย$l#$b#ฉันได้แต่บอกตัวเองว่า 'นายคงไม่รู้สึกแบบนี้ กับผู้ชายคนอื่นหรอก'$l^ปกติแล้ว เมื่อฉันสนใจใครซักคน ความรู้สึกมันมัก จางหายไปเร็วเสมอ...$l\"/pause 800/speak Alex \"...แต่หัวใจ มันบอกอะไรบางอย่าง กับฉัน^...แล้วกับเธอ มันก็ค่อยๆ เติบโตขึ้นเรื่อยๆ$l\"/pause 400/emote Alex 40/pause 600/question fork1 \"#ฉันก็รู้สึกแบบนั้นเหมือนกัน#ฉันขอโทษ... ฉันไม่ได้รู้สึกอะไรแบบนั้น กับเธอ\"/pause 400/fork rejectJosh/speak Alex \"...$l#$b#ฉันไม่อยากเชื่อเลย! นั่นคือทั้งหมดที่อยากจะพูด กับคนที่ฉันรัก$l\"/emote Alex 32/pause 800/animate Alex false false 400 40 41 41 40 41 41 40 41 41 40 41 41 40/pause 800/playSound eat/pause 800/playSound eat/pause 800/playSound eat/pause 800/playSound gulp/pause 400/speak Alex \"ง่ำๆ... สเต็กนี่รสชาติดีจริงๆ เธอได้กลิ่นหอมนี่ไหม?$10\"/eyes 1 -4000/animate Alex false false 400 40 41 41 40 41 41 40/pause 1000/specificTemporarySprite alexDiningDog/playSound dogWhining/pause 1000/globalFade/viewport -1000 -1000/pause 6000/end dialogue Alex \"...$l\"",
        "rejectJosh": "pause 100/playMusic none/shake Alex 2000/emote Alex 28/speak Alex \"...อ๊ะ...$s#$b#ผ...ผมขอโทษ ที่ทำให้คุณไม่สบายใจ...$s\"/pause 2000/speak Alex \"ผมไม่ค่อยหิวแล้วล่ะ...$s\"/viewport move 1 1 5000/globalFade/viewport -1000 -1000/pause 4000/end dialogue Alex \"...$l\"",
        "195099/f Shane 2500/f Sebastian 2500/f Sam 2500/f Harvey 2500/f Alex 2500/f Elliott 2500/o Abigail/o Penny/o Leah/o Emily/o Maru/o Haley/o Shane/o Harvey/o Sebastian/o Sam/o Elliott/o Alex/e 911526/e 528052/e 9581348/e 43/e 384882/e 233104/i 446/k 195013": "playful/-1000 -1000/farmer 27 19 1 Sam 36 20 1 Sebastian 37 19 2 Harvey 39 19 2 Shane 40 17 2 Elliott 41 19 2 Alex 42 20 3/animate Shane false true 200 20 20 20 20 20 20 20 20 20 20 21 22 23 24 24 24 24 23 22 21 20 20 20 20/pause 1000/message \"ด้วยเหตุผลบางอย่าง คุณตัดสินใจที่จะเอามือ ล้วงเข้าไปในกระเป๋า...\"/pause 500/message \"คุณสัมผัสถูกเท้ากระต่าย (rabbit's foot) และรู้สึกโล่งอก...\"/move farmer 5 0 1 true/viewport 37 19 true/move false/pause 500/faceDirection Sam 3 true/faceDirection Elliott 3 true/faceDirection Harvey 3 true/faceDirection Alex 3 true/faceDirection Shane 3 true/faceDirection Sebastian 3 true/textAboveHead Sam \"เฮ้!\"/textAboveHead Alex \"ว่าไง?\"/textAboveHead Shane \"โอ้ เฮ้\"/pause 2000/move farmer 3 0 1/emote farmer 32/pause 500/speak Harvey \"คุณมาปรากฏตัวทัน การแข่งขันแทงพูล 8-ball ครั้งแรกของเมืองเพลิแกน พอดีเลย!\"/pause 500/speak Elliott \"ไม่ต้องห่วงนะ ผมก็ไม่เคยเล่นมาก่อน เหมือนกัน$h\"/pause 500/speak Shane \"มันไม่ยากนะ คุณก็แค่ต้องบีบมัสตาร์ด ลงบนลูกพูลซักหน่อย...$h\"/pause 500/fade/viewport -1000 -1000/pause 1500/message \"คุณแทงพูลกับพวกหนุ่มๆ 1 ตา\"/pause 1000/message \"เซบาสเตียนชนะ แหงอยู่แล้ว... แต่มันก็ยังเป็นเกมที่ สนุกมากๆอยู่!\"/pause 500/end",
        "195013/f Shane 2500/f Sebastian 2500/f Sam 2500/f Harvey 2500/f Alex 2500/f Elliott 2500/o Abigail/o Penny/o Leah/o Emily/o Maru/o Haley/o Shane/o Harvey/o Sebastian/o Sam/o Elliott/o Alex/e 911526/e 528052/e 9581348/e 43/e 384882/e 233104/k 195099": "playful/-1000 -1000/farmer 27 19 1 Sam 36 20 1 Sebastian 37 19 2 Harvey 39 19 2 Shane 40 17 2 Elliott 41 19 2 Alex 42 20 3/animate Shane false true 200 20 20 20 20 20 20 20 20 20 20 21 22 23 24 24 24 24 23 22 21 20 20 20 20/move farmer 5 0 1 true/viewport 37 19 true/move false/pause 500/startJittering/faceDirection farmer 2 true/animate farmer false true 100 94/jump farmer/pause 2000/stopAnimation farmer/showFrame farmer 0/stopJittering/playSound thudStep/faceDirection farmer 3 true/showFrame farmer 7 true/startJittering/faceDirection Sam 3 true/faceDirection Elliott 3 true/faceDirection Harvey 3 true/faceDirection Alex 3 true/faceDirection Shane 3 true/faceDirection Sebastian 3 true/textAboveHead Sam \"จะรีบไปไหน!\"/textAboveHead Alex \"รอเดี๋ยว!\"/textAboveHead Shane \"หยุด!\"/pause 3000/stopJittering/showFrame farmer 6 true/pause 500/faceDirection farmer 1/move farmer 3 0 1/playMusic none/emote farmer 28/pause 500/speak Sam \"ไม่เคยคิดล่ะสิว่าจะมาเจอ 'แฟนหนุ่ม' ทุกคนของคุณอยู่ในห้อง ด้วยกันทั้งหมดน่ะ หื้ม @?$a\"/pause 500/speak Harvey \"คุณหลอกให้พวกเราทุกคน หลงรักคุณ...$s^@... ผมคิดว่าคุณอยากจะแต่งงาน และสร้างครอบครัวกับผม... ผมทำอะไรผิดหรอ?$s\"/pause 500/speak Shane \"เศษเสี้ยวแห่งความหวัง เศษสุดท้ายที่ผมมีเหลืออยู่ ถูกทำลายจนสิ้นซาก... ขอบใจนะ @ ตอนนี้คุณพอใจแล้วรึยัง?$s\"/pause 500/speak Alex \"@? ผมเข้าใจว่า... ผมเข้าใจว่าพวกเรา 'เป็นคนพิเศษ' ของกันและกัน... แต่คุณแค่หลอกใช้ผมใช่มั้ย?$s^คุณจะมอง *ผม* เพื่อ? คุณคิดว่าผมจะช่วยคุณรึยังไง?$a\"/pause 500/speak Elliott \"นี่เป็นครั้งแรกที่ ผมไม่รู้จะพูดอะไร... $a\"/pause 500/playMusic wedding/speak Sam \"เอาล่ะ พวกเราจะไม่ทนกับ ความใจไม้ไส้ระกำของคุณ อีกต่อไป!$a^ตอนนี้พวกเรารู้ความจริง ทั้งหมดแล้ว! และพวกเราจะ ไม่ทนอีกต่อไป!$a\"/textAboveHead Alex \"ใช่แล้ว!\"/pause 500/speak Sebastian \"ไงล่ะ? มีอะไรจะแก้ตัวมั้ย?$a\"/pause 1000/question fork1 \"#ฉันขอโทษ... ฉันทำผิดไปแล้ว.#พวกนายใจเย็นๆ กันก่อนนะ! ฉันอธิบายได้...\"/fork choseToExplain/pause 500/textAboveHead Alex \"จ้า...\"/pause 500/speak Shane \"เป็นความพยายามที่ดีนะ แต่มันไม่ช่วยอะไรเลย...$a\"/pause 1000/playMusic none/speak Sam \"...เพราะงั้น พวกเราก็เลย ตัดสินใจได้แล้ว... ใช่มั้ย พวกนาย?$u\"/pause 500/speak Harvey \"...ใช่$s\"/speak Elliott \"แน่นอนอยู่แล้ว$a\"/pause 1000/jump Sam/jump Sebastian/jump Elliott/jump Shane/jump Alex/jump Harvey/pause 1000/speak Sam \"พวกเราจะไม่สนใจใยดีคุณ อีกต่อไป!$a\"/faceDirection farmer 2 true/animate farmer false true 100 94/jump farmer/playSound slimedead/pause 2000/fade/viewport -2000 -2000/dump guys 3/end warpOut",
        "choseToExplain": "pause 100/textAboveHead Shane \"ผมไม่คิดว่ามัน น่าเชื่อสักเท่าไหร่นะ...\"/pause 500/resetVariable/question fork2 \"#เธอข่มฉันเกินไปแล้วนะ! เธอทำให้ฉันพูดคำว่า *ไม่* ออกมาไม่ได้หรอก!#ปีแอร์กดดันฉันมา! เขาอยากจะขายช่อดอกไม้ ให้ได้เยอะๆ!#(Start crying)\"/pause 100/fork crying/textAboveHead Sam \"คนโกหก!\"/textAboveHead Alex \"ใช่!\"/speak Elliott \"คุณทำผิดเอง อย่าโทษคนอื่นเลย! นี่คุณกำลังทำให้ ความน่าเชื่อถือของตัวเอง ลดลงไปอีกนะ...$a\"/pause 1000/faceDirection Sam 2/playMusic none/speak Sam \"...ฉันคิดว่าพวกเรามาถึง บทสรุปของเรื่องนี้แล้วล่ะ... ใช่มั้ยพวกเรา?$u\"/pause 500/speak Harvey \"...ใช่$s\"/speak Sebastian \"แน่นอนอยู่แล้ว$a\"/faceDirection Sam 3/pause 1000/jump Sam/jump Sebastian/jump Elliott/jump Shane/jump Alex/jump Harvey/pause 1000/jump Sam/jump Sebastian/jump Elliott/jump Shane/jump Alex/jump Harvey/pause 1000/jump Sam/jump Sebastian/jump Elliott/jump Shane/jump Alex/jump Harvey/pause 1000/speak Sam \"พวกเราจะไม่สนใจใยดี คุณอีกต่อไป!$a\"/faceDirection farmer 2 true/animate farmer false true 100 94/jump farmer/playSound slimedead/pause 2000/fade/viewport -2000 -2000/dump guys 4/end warpOut",
        "crying": "pause 100/faceDirection farmer 0/emote farmer 28/pause 1000/emote Harvey 12 true/emote Sebastian 12 true/emote Shane 12 true/emote Sam 12 true/emote Elliott 12 true/emote Alex 12 true/speak Harvey \"มันไม่สำเร็จหรอกนะ! ครั้งนี้คุณจะไม่ได้รับ ความเห็นอกเห็นใจ จากพวกเราหรอก!$a\"/speak Alex \"ผมจะถือว่านี่เป็น การแสดงละครอีกฉากหนึ่ง แล้วกันนะ...$a^ฉากปกติธรรมดา...$a\"/pause 100/speak Sebastian \"คุณจะต้องรับผิดชอบ ในสิ่งที่คุณทำลงไป...$a\"/pause 1000/faceDirection Sam 2/playMusic none/speak Sam \"...ผมคิดว่าพวกเราได้ บทสรุปแล้วล่ะ... ใช่มั้ย พวกเรา?$u\"/pause 500/speak Harvey \"...ใช่.$s\"/speak Sebastian \"แน่นอนอยู่แล้ว$a\"/faceDirection Sam 3/pause 1000/jump Sam/jump Sebastian/jump Elliott/jump Shane/jump Alex/jump Harvey/pause 1000/jump Sam/jump Sebastian/jump Elliott/jump Shane/jump Alex/jump Harvey/pause 1000/jump Sam/jump Sebastian/jump Elliott/jump Shane/jump Alex/jump Harvey/pause 1000/speak Sam \"พวกเราจะไม่สนใจใยดี คุณอีกต่อไป!$a\"/faceDirection farmer 2 true/animate farmer false true 100 94/jump farmer/playSound slimedead/pause 2000/fade/viewport -2000 -2000/dump guys 4/end warpOut",
        "wewereworried": "emote farmer 40/faceDirection Marnie 1/pause 1000/faceDirection Shane 2/emote Shane 12/speak Shane \"ผมเป็นสามีของคุณ... คุณจะต้องเชื่อมั่นในตัวผมนะ ผมมีปัญหาอะไรผม ก็บอกคุณตลอด$a#$b#ฟังนะ... ผมรู้ว่าผมน่ะ ไม่สามารถเลิกขาดได้ทันที... แต่ผมกำลังพยายามที่สุด เท่าที่ผมจะพยายามได้... แล้วผมก็แข็งแรงขึ้นมาก แล้วด้วย#$b#ตอนนี้ชีวิตของผม ดีกว่าที่มันเคยเป็น ผมไม่ได้อยู่ในความมืดมิด อีกต่อไปแล้ว...\"/pause 500/emote Marnie 20 true/emote farmer 20 true/pause 1300/faceDirection Shane 0/speak Shane \"คุณรู้มั้ย เวลาที่ผมเล่นเกมนี้ ผมเพ่งความสนใจไปที่เกม จนไม่ได้คิดเรื่องอื่นเลย มันช่วยได้มากในเวลาที่ผมถูก 'กระตุ้น'...\"/faceDirection Shane 2/speak Shane \"ยังไงก็ตาม... ผมแค่จะ... เอ่อ... เล่นอีกตาแล้วกลับบ้าน โอเคนะ?\"/pause 500/emote farmer 32/pause 1000/end dialogue Shane \"พวกนายต้องสับสนมากแน่ๆ ตอนที่พวกนายเข้ามา แล้วเห็นฉันอยู่หน้าตู้เกมส์!$h\"",
        "3917590/n saloonSportsRoom/O Alex": "distantBanjo/-100 -100/farmer 31 20 0 Alex 32 7 0 Shane 33 8 0 Gus 34 8 0 Kent 35 8 0 George 36 7 0/skippable/specificTemporarySprite gridballGameTV/viewport 34 7 true/move farmer 0 -13 1 true/pause 1000/textAboveHead Alex \"เป็นเกมที่เยี่ยมไปเลย!\"/pause 600/jump Gus/pause 2000/textAboveHead George \"ได้แต้ม!\"/pause 400/textAboveHead Alex \"ลุยเลย!\"/faceDirection Kent 3 true/faceDirection Gus 1 true/animate Gus false true 100 22/animate Kent false true 100 17/shake Gus 500/shake Kent 500/pause 500/textAboveHead George \"แจ๋วเลยหนุ่มๆ!\"/pause 1000/stopAnimation Gus/stopAnimation Kent/faceDirection Kent 0 true/faceDirection Gus 0/pause 1000/faceDirection Alex 3/pause 400/speak Alex \"เฮ้ @! เธอทำสำเร็จ!$h\"/faceDirection Alex 1/speak Alex \"แล้ว... เธอคิดว่ายังไง?\"/pause 500/emote farmer 8/faceDirection Alex 3/speak Alex \"ผมกำลังคิดว่า... คุณรู้ว่าผมเคยฝันว่า อยากจะเป็นนักกีฬา ในซักวันหนึ่งใช่มั้ย?#$b#นั่นแหละ แต่สุดท้ายชีวิตของผมก็ ไม่ได้เป็นไปอย่างนั้น... $9#$b#ผมมีความสุขนะ อย่าเข้าใจผมผิดล่ะ!$h#$b#...ผมแค่คิดว่ามันคงจะเจ๋ง ถ้ามันมีสถานที่ที่พวกเรา สามารถไปเที่ยว แล้วดูเกมส์การแข่ง ในวันอาทิตย์ด้วยกัน กัสชอบความคิดนี้มาก เขาเสนอบางส่วนของ ห้องข้างหลังให้ผมด้วยนะ!#$b#ด้วยวิธีนี ผมเลยสามารถ เก็บรักษาบางส่วนของ 'ความฝัน' ให้ยังคงอยู่ได้\"/pause 500/emote farmer 32/pause 600/faceDirection George 3/speak George \"นายทำดีแล้ว ลูกชาย ฉันสามารถนั่งดูมันที่บ้านได้ แต่การมาที่นี่ทำให้ ฉันรู้สึกเป็นหนุ่มอีกครั้ง!$h\"/faceDirection Alex 1/speak Alex \"ขอบคุณครับตา\"/pause 500/speak Kent \"ผมมีความสุขที่ได้รับอนุญาต ให้ออกจากบ้านได้แล้ว แถมก็หยุดคิดถึงสิ่งต่างๆ ได้อีกด้วย\"/faceDirection Alex 2/pause 100/textAboveHead Shane \"เหมือนกัน\"/pause 1200/speak Gus \"ฉันสนุกมาก แล้วมันก็ดีกับธุรกิจด้วย!$h#$b#ถึงแม้ว่าจะไม่ค่อยดีกับ ตับของเชนอ่ะนะ...$s\"/pause 100/faceDirection Shane 2 true/animate Shane false true 100 18/jump Shane/pause 500/textAboveHead Shane \"เฮ้!\"/pause 500/emote Alex 32/pause 2000/fade/viewport -1000 -1000/pause 400/message \"ดูเหมือนว่าพวกนายจะ มีกิจกรรมใหม่ ให้ทำในวันอาทิตย์นะ\"/pause 1000/message \"เป็น 5,000g ที่คุ้มสุดๆ ไปเลย!\"/pause 1000/end dialogue Alex \"ขอบคุณอีกครั้งสำหรับ เงินพวกนั้นนะ @ มันเป็นโปรเจกต์ที่สนุกมาก แล้วทุกคนก็ดูสนุกไปกับมัน!\""
    }
}
