{
    "header": {
        "target": "w",
        "formatVersion": 5,
        "hidef": true,
        "compressed": 128
    },
    "readers": [
        {
            "type": "Microsoft.Xna.Framework.Content.DictionaryReader`2[[System.String, mscorlib, Version=4.0.0.0, Culture=neutral, PublicKeyToken=b77a5c561934e089],[System.String, mscorlib, Version=4.0.0.0, Culture=neutral, PublicKeyToken=b77a5c561934e089]]",
            "version": 0
        },
        {
            "type": "Microsoft.Xna.Framework.Content.StringReader",
            "version": 0
        }
    ],
    "content": {
        "67/m 10": "none/4 5/farmer 4 9 0 Sandy 2 5 2/skippable/move farmer 0 -2 0/emote Sandy 8/speak Sandy \"หืม...ลูกค้างั้นเหรอ?\"/speed Sandy 4/move Sandy 2 0 2/speed Sandy 4/move Sandy 0 1 2/emote Sandy 16/speak Sandy \"สวัสดี ยินดีต้อนรับสู่ 'โอเอซิสของแซนดี้ (Sandy's Oasis)'!#$b#เอ้ะ เธอดูเหมือนจะเป็น ชาวไร่คนใหม่ที่เอมิลี เขียนจดหมายมาเล่า ให้ฉันฟังเลย!#$b#ถ้างั้น... รถบัสจากสตาร์ดิวแวลลี่ ก็กลับมาใช้งานได้ซักทีสินะ!$h#$b#โอ้ ฉันล่ะดีใจจริงๆ!$h\"/emote Sandy 32/move Sandy 0 -1 0/move Sandy -2 0 2/emote Sandy 32/end dialogue Sandy \"ไว้แวะมาใหม่นะ ฉันอยู่ที่นี่ จนเบื่อจะตายอยู่แล้ว\""
    }
}
