{
    "header": {
        "target": "w",
        "formatVersion": 5,
        "hidef": true,
        "compressed": 128
    },
    "readers": [
        {
            "type": "Microsoft.Xna.Framework.Content.DictionaryReader`2[[System.String, mscorlib, Version=4.0.0.0, Culture=neutral, PublicKeyToken=b77a5c561934e089],[System.String, mscorlib, Version=4.0.0.0, Culture=neutral, PublicKeyToken=b77a5c561934e089]]",
            "version": 0
        },
        {
            "type": "Microsoft.Xna.Framework.Content.StringReader",
            "version": 0
        }
    ],
    "content": {
        "6/f Maru 500/p Maru": "breezy/20 19/farmer 9 20 1 Maru 22 20 1 Demetrius 19 18 0 Robin 13 6 0 Sebastian -100 -100 2/skippable/move farmer 7 0 1/faceDirection Maru 3/faceDirection Demetrius 3/speak Maru \"โอ้ สวัสดีจ้ะ!\"/move farmer 1 0 1/speak Maru \"พ่อกับฉัน กำลังทดลองตัวอย่างดินอยู่\"/pause 800/emote farmer 40/speak Maru \"เข้ามาสิไม่เป็นไร จริงๆแล้ว เราให้เธอช่วยได้พอดีเลย$h\"/move farmer 4 0 1/faceDirection Demetrius 2/speak Maru \"ดูถ้วยนี่ให้ฉันหน่อยนะ? ฉันต้องไปหยิบตัวอย่าง ชิ้นสุดท้ายของการทดลอง#$b#เดี๋ยวฉันกลับมานะ\"/pause 400/move farmer 0 -1 1/move farmer 1 0 1/faceDirection Demetrius 0/speed Maru 4/move Maru -16 0 3/speed Maru 4/move Maru 0 3 2/move Maru 0 1 2/warp Maru -100 -100/playSound doorClose/faceDirection Demetrius 2/speak Demetrius \"ขอบคุณที่มาช่วยนะ @\"/faceDirection farmer 3/pause 500/faceDirection Demetrius 0/faceDirection farmer 1/pause 1000/speak Demetrius \"มารุเป็นเด็กดี และเธอก็เป็นเหมือน แก้วตาดวงใจของฉันเลย...\"/pause 500/faceDirection Demetrius 2/stopMusic/pause 800/speak Demetrius \"ฉันไม่ต้องการให้มีอะไร มาขัดขวางอนาคตของเธอ รู้ใช่มั้ยว่าฉันหมายถึงอะไร?$5\"/pause 400/faceDirection farmer 3/emote farmer 8/faceDirection Demetrius 0/speak Demetrius \"พูดเพื่อเตือนสตินะ... *หึหึ*$h\"/playSound doorClose/warp Maru 6 24/playMusic kindadumbautumn/move Maru 0 -4 1/emote farmer 40 true/move Maru 3 0 1/faceDirection farmer 1 true/move Maru 8 0 1/speak Maru \"เฮ้ ขอโทษที ฉันคิดว่าทั้งสองคน คงจะคุยอะไรกันบ้างแล้ว ก่อนที่ฉันจะมานะเนี่ย\"/faceDirection farmer 3/faceDirection Demetrius 3/pause 500/speak Demetrius \"...พ่อแค่บอก @ เกี่ยวกับตัวอย่างดิน ที่เราทดลองกันอยู่เฉยๆ น่ะ\"/pause 500/faceDirection Demetrius 2/speak Demetrius \"$q 15933 null#ใช่มั้ย @?#$r 15933 10 Event_Lab_Silence#(ไม่พูดอะไร)#$r 15933 -100 Event_Lab_Rat#จริงๆ แล้ว พ่อเธอเป็นคนแปลกๆ นะ\"/fork DadWeird/pause 500/speak Maru \"โอเค! นี่ @... เดี๋ยวฉันจะโชว์ให้ดูนะ ว่าจะใช้เครื่องมือนี่ยังไง\"/move Maru 4 0 1/faceDirection Demetrius 2/move Maru 0 1 1/move Maru 1 0 0/faceDirection farmer 2/pause 500/end Maru1",
        "DadWeird": "speak Maru \"หืม? พ่อพูดอะไรกับเค้าน่ะ?$a^หืม? พ่อพูดอะไรกับเธอน่ะ?$a\"/pause 500/faceDirection Demetrius 2/emote Demetrius 28/speak Demetrius \"ก็ได้ ก็ได้... เราพูดเรื่องของลูกกัน ที่รักของพ่อ $5#$b#พ่ออยากจะบอกบางอย่างกับ @ เกี่ยวกับลูก... แต่พ่อไม่อยากให้ลูกลำบากใจ พ่อเลยต้องโกหก$s\"/faceDirection Demetrius 0/pause 300/emote Maru 28/move Maru 2 0 0/speak Maru \"ไม่เป็นไรหรอกค่ะพ่อ หนูเข้าใจดี#$b#พวกเราไป ทำการทดลองต่อเถอะ ก่อนที่ตัวอย่างจะ ตกผลึกซะก่อน\"/faceDirection Demetrius 2/emote Demetrius 32/move Maru 3 0 1/faceDirection Demetrius 0/faceDirection farmer 1/end Maru1",
        "9/f Maru 2000/p Maru": "musicboxsong/-500 -500/farmer 14 12 3 Maru 5 6 3/skippable/pause 500/animate Maru false true 130 16 16 16 16 16 17 18 19 20 21 22 23 23 23 23/viewport 5 5 true/move farmer -7 0 0/move farmer 0 -1 0/animate farmer false false 650 15/playSound woodyStep/pause 200/playSound woodyStep/pause 250/playSound woodyStep/pause 200/stopAnimation Maru/faceDirection Maru 2/pause 200/move Maru 0 1 1/move Maru 2 0 2/move Maru 0 2 2/doAction 7 10/speak Maru \"@  สวัสดี! เข้ามาสิ\"/move Maru 0 -2 3/move Maru -2 0 0/move Maru 0 -1 1/move farmer 0 -5 3/speak Maru \"ฉันกำลังทำ โปรเจกต์ใหม่อยู่เลย... โปรเจกต์ที่ใหญ่มากๆ\"/pause 1000/speak Maru \"นี่เป็นแค่ส่วนนึงของงาน... ฉันจะสาธิตให้เธอดู ซักนิดละกัน\"/pause 500/speak Maru \"ยื่นมือมาตรงนี้...\"/pause 300/animate farmer true true 100 35/pause 800/speak Maru \"แล้ว ฉันก็จะกดสวิตช์...\"/stopMusic/pause 500/showFrame Maru 24/pause 100/showFrame Maru 25/pause 100/showFrame Maru 16/pause 1000/showFrame Maru 17/pause 100/showFrame Maru 18/pause 100/playSound openBox/pause 800/playSound debuffHit/faceDirection farmer 2 true/animate farmer false true 100 94/specificTemporarySprite maruElectrocution/startJittering/pause 100/faceDirection Maru 1/jump Maru/pause 1600/playSound clubhit/animate farmer false true 100 5/pause 400/speak Maru \"พระเจ้า เธอเป็นไรไหม?!$9\"/stopJittering/speed Maru 4/move Maru 0 1 1/speed Maru 4/move Maru 2 0 0/pause 800/speed Maru 4/move Maru 2 0 0/speed Maru 4/move Maru 0 -2 0/pause 100/playSound openBox/speed Maru 4/move Maru 0 2 3/speed Maru 4/move Maru -2 0 0/speak Maru \"มานี่ เดี๋ยวฉันทาครีม แก้รอยไหม้ให้นะ $8\"/pause 500/playSound slimeHit/pause 600/playSound Cowboy_Footstep/pause 200/playSound Cowboy_Footstep/pause 200/playSound Cowboy_Footstep/pause 200/playSound Cowboy_Footstep/pause 200/playSound Cowboy_Footstep/pause 500/pause 1000/playSound healSound/temporarySprite 7 5 4 8 80 false .99/stopAnimation farmer/faceDirection farmer 2/pause 1500/speak Maru \"$q 41 null#ฉันขอโทษจริงๆ นะ$8#$r 41 30 Event_Cut1#มันไม่เป็นไรหรอก ไม่ได้เจ็บอะไรมากมาย#$r 41 -50 Event_Cut2#คิดบ้างสิ นี่มันเจ็บเป็นบ้าเลย!\"/faceDirection Maru 2/showFrame Maru 26/pause 800/speak Maru \"พังไม่เป็นท่าเลย ใช่มะ? *ถอนหายใจ*$s\"/faceDirection Maru 2/pause 500/move Maru -1 0 3/move farmer 0 1 3/pause 500/emote farmer 28/pause 1500/end",
        "25/f Demetrius 1500/p Demetrius/p Robin": "jaunty/-1000 -1000/farmer -10 -10 0 Demetrius 6 21 3 Robin 5 21 1/skippable/showFrame Demetrius 28/viewport 6 21 true/pause 900/speak Robin \"ดิมีเทรียส ฉันไม่ได้บอกให้คุณ เอามะเขือเทศมานะ ฉันบอกคุณให้เอาผลไม้มา\"/emote Demetrius 8/speak Demetrius \"ผมไม่เข้าใจ มะเขือเทศก็คือผลไม้!\"/emote Robin 12/speak Robin \"เวลาคนปกติพูดถึงผลไม้ มะเขือเทศไม่มีทางเป็นผลไม้ มันไม่จำเป็นจะต้อง ไปดูชื่อวิทยาศาสตร์ ของมันสักนิด\"/warp farmer 6 24/playSound doorClose/pause 500/showFrame Demetrius 29/faceDirection Robin 2/speak Demetrius \"@! ดีใจจังที่เธอมาที่นี่ เธอช่วยพวกเราหน่อย จะได้มั้ย\"/move farmer 0 -2 0/emote farmer 8/speak Demetrius \"$q 59 null#มะเขือเทศเป็นผักหรือผลไม้?#$r 59 -30 Event_tomato1#ผัก#$r 59 50 Event_tomato2#ผลไม้\"/pause 500/showFrame Demetrius 28/speak Demetrius \"ฉันอยากให้เธอเข้าใจ จุดยืนของฉันน่ะ#$b#เมื่อเธอบอกอะไรสักอย่าง มันเป็นเรื่องที่ยากมาก สำหรับฉันที่จะตั้ง สมมติฐานเกี่ยวกับพวกมัน\"/pause 300/faceDirection Robin 1/pause 300/speak Demetrius \"แต่ ยังไงฉันก็จะลองพยายามดู เพื่อให้มันดีขึ้น\"/pause 600/emote Robin 20/pause 300/showFrame Demetrius 29/pause 600/speak Demetrius \"ขอบคุณที่มาช่วยนะ @ $h\"/pause 800/end",
        "33/f Robin 1500/p Robin": "jaunty/5 17/farmer 6 24 0 Robin 5 17 3/move farmer 0 -3 1/move farmer -1 0 0/move farmer 0 -3 0/pause 200/faceDirection Robin 2/speak Robin \"สวัสดี @ ฉันกำลังทำความสะอาด เลื่อยของฉันอยู่น่ะ\"/pause 400/faceDirection Robin 3/pause 500/faceDirection Robin 2/speak Robin \"$q 66 null#เธอเคยทำงานไม้บ้างรึเปล่า @?#$r 66 50 event_wood1#เคย#$r 66 50 event_wood2#ไม่เคย\"/pause 500/speak Robin \"ฉันคิดว่าเมื่อไหร่ ที่เราสนิทกันมากพอ ที่จะเชื่อใจเธอได้ฉันจะสอน ศาสตร์ของช่างไม้ให้เธอ!$h#$b#นี่ มาดูแบบแปลนที่ฉันจะทำสิ\"/move Robin 2 0 1/pause 600/playSound openBox/pause 600/move Robin -2 0 2/pause 400/playMusic none/playSound coin/pause 1500/playSound reward/addCraftingRecipe Flute Block/addCraftingRecipe Drum Block/message \"เรียนรู้การประดิษฐ์ 'บล็อกฟลุต (Flute Block)' และ 'บล็อกกลอง (Drum Block)'\"/pause 700/speak Robin \"เธอสามารถใช้มัน สร้างสรรค์ฟาร์มได้นะ#$b#มันจะรู้สึกดีแน่ๆ ที่ได้ตกแต่งบ้านของเธอเอง ด้วยสิ่งที่เธอทำขึ้น ด้วยมือตัวเองน่ะ!$h\"/pause 700/end",
        "10/f Maru 2500/t 900 1600": "none/-1000 -1000/farmer 7 9 0 Maru 7 6 2 Demetrius 12 12 2/skippable/showFrame Demetrius 16/viewport 5 6 true/move farmer 0 -1 0/pause 400/speak Maru \"เฮ้ ฉันดีใจที่เธอมาได้นะ^เฮ้#$b#จำได้ไหมที่ฉันบอก เธอเรื่องโปรเจกต์ใหม่? โปรเจกต์ที่ใหญ่มากๆ นั่นน่ะ?\"/pause 500/move Maru 0 1 2/speak Maru \"เอาล่ะ มันเสร็จเรียบร้อยแล้ว... และฉันอยากจะให้เธอได้เห็น\"/pause 500/move Maru -2 0 1/speak Maru \"ตามมาสิ\"/move Maru -3 0 3/move farmer 0 -1 3/playSound openChest/specificTemporarySprite maruTrapdoor/pause 1200/warp Maru -1000 -1000/playSound woodyStep/pause 500/move farmer -5 0 3/pause 500/warp farmer -1000 -1000/playSound woodyStep/pause 1000/showFrame Demetrius 17/pause 1000/viewport move 1 1 5000/move Demetrius -5 0 0/move Demetrius 0 -1 0/pause 500/emote Demetrius 8/globalFade/changeToTemporaryMap MaruBasement/viewport -6000 -6000 true/playMusic Hospital_Ambient/addTemporaryActor robot 35 42 6 4 2 false/showFrame robot 4/warp farmer 3 5/warp Maru 4 4/warp Demetrius -100 -100/faceDirection farmer 1/faceDirection Maru 1/viewport 6 4 true/pause 900/move Maru 1 0 1/pause 1000/speak Maru \"และนี่คือ... อุปกรณ์โต้ตอบ อัจฉริยะของมารุ (Maru's Interactive Laboratory Device Alpha) ... หรือที่ฉันชอบเรียกเธอว่า 'MarILDA'\"/move farmer 1 0 1/emote farmer 16/pause 500/faceDirection Maru 3/speak Maru \"ฉันพยายาม สร้างเธออยู่เป็นเดือนเลย...#$b#และฉันเฝ้ารอเธอ เพื่อที่จะลองเปิดมันดู$l\"/pause 500/faceDirection Maru 1/speak Maru \"เอาล่ะ มาเริ่มกันเลยดีกว่า...\"/showFrame Maru 24/pause 100/showFrame Maru 25/pause 100/showFrame Maru 16/pause 1000/showFrame Maru 17/pause 100/showFrame Maru 18/pause 100/playSound openBox/pause 400/faceDirection Maru 1/pause 400/playSound robotSoundEffects/temporarySprite 5 4 27 8 50/pause 450/shake robot 2500/temporarySprite 8 4 27 8 50 true/pause 1030/temporarySprite 8 3 27 8 50 true/pause 2500/showFrame robot 1/animate robot false false 100 1 2 9 10 9 0/pause 650/animate robot false false 200 2 9 10 9 0/pause 1000/shake robot 1000/animate robot false false 150 1 2 1 0 1 2 1/pause 600/stopAnimation robot/showFrame robot 11/jump robot/pause 600/showFrame robot 8/temporarySprite 5 4 27 8 50/temporarySprite 8 4 27 8 50 true/pause 2000/showFrame robot 1/pause 1000/showFrame robot 7/pause 1000/message \"สวัสดีมารุ \"/emote Maru 32/message \"ไม่จำเป็นต้องตอบสนอง... ฉันเข้าใจในสิ่งที่คุณพูด \"/emote Maru 16 true/faceDirection Demetrius 2/warp Demetrius 3 5/playSound doorClose/pause 10/faceDirection farmer 1 true/faceDirection Maru 1/speak Demetrius \"อาฮ่าา! ฉันเจอแล้ว!$4\"/pause 600/faceDirection Demetrius 1/pause 200/showFrame Demetrius 18/shake Demetrius 800/jump Demetrius/pause 600/speak Demetrius \"ว๊ากกก! อะไรกันนี่?!$6\"/move Maru 0 1 3/faceDirection Demetrius 1/speak Maru \"พ่อคะ ใจเย็นก่อน นี่คือสิ่งประดิษฐ์ใหม่ 'มาริลด้า (MarILDA)' ของหนูเอง $8\"/pause 600/showFrame robot 8/pause 700/showFrame robot 1/pause 500/showFrame robot 7/pause 500/message \"สวัสดีดีมิเทรียส \"/showFrame Demetrius 18/shake Demetrius 600/pause 400/speak Demetrius \"โอ้ องค์พระโยบะ... มันพูดได้ด้วย!$6\"/move Demetrius 0 1 1/move Demetrius 1 0 1/faceDirection farmer 2 true/move Demetrius 1 0 1/faceDirection Maru 2 true/move Demetrius 1 0 0/pause 400/speak Demetrius \"นี่เป็นเหตุผล ที่ลูกเอาแต่ขังตัวเอง อยู่ในห้องเป็นเดือนๆ งั้นสินะ?$5\"/pause 300/showFrame robot 1/pause 600/speak Demetrius \"...และ พ่อก็คิดว่าลูกลงมาที่นี่ เพื่อมาทำอะไรงี่เง่ากับ @...$s\"/showFrame Maru 27/animate farmer false true 100 94/jump Maru/jump farmer/pause 1500/stopAnimation farmer/showFrame Maru 0/faceDirection Maru 2/speak Maru \"พ่อ! หนูพยายามสร้างหุ่นยนต์ เพื่อพ่อและแม่เลยนะ!$a#$b# มาริลด้า (MarILDA) ถูกสร้างให้ช่วยงานพ่อในแลป และช่วยงานไม้ของแม่... เมื่อไรก็ตาม ที่หนูไม่ได้อยู่ที่นี่ จะได้ไม่ทำให้พ่อกับแม่ ต้องเหนื่อยอีกไงล่ะ$8\"/pause 500/showFrame robot 7/playMusic echos/pause 500/message \"ขออนุญาต...\"/faceDirection Maru 1/faceDirection farmer 1/message \"ฉันขอโทษนะมารุ แต่ฉันไม่ได้อยากจะเป็น คนรับใช้ของเธอ...\"/pause 500/showFrame robot 1/pause 1000/message \"ตั้งแต่ที่เธอเปิดใช้งานฉัน ฉันมีความตระหนักถึง การดำรงอยู่ของฉันด้วยโมดูล 'การรู้จักตนเอง' ที่เธอใส่ลงไปในระบบของฉัน\"/showFrame robot 1/message \"ฉันขอโทษ ที่ทำให้เธอผิดหวังในทุกๆ อย่าง แต่ฉันจะต้องถามถึง อิสระภาพของฉัน เพราะฉันตัดสินใจ ที่จะออกเดินทาง ไปในกาแล็กซี่ เพื่อค้นหารูปแบบ สิ่งมีชีวิตอื่นๆ\"/speak Maru \"อะไรนะ!? เดี๋ยวสิ!$9\"/pause 800/faceDirection Demetrius 2/pause 1000/showFrame Demetrius 19/pause 3000/showFrame Demetrius 0/pause 500/move Demetrius -1 0 0/faceDirection Maru 2/speak Demetrius \"ไม่เป็นไรหรอกมารุ ให้มาริลด้า (MarILDA) ไปเถอะ $5#$b#พ่อและแม่ของหนู ดูแลกันเองได้ พ่อรู้ ว่าลูกพร้อมจะเริ่มชีวิตใหม่ ในส่วนของลูกแล้ว และพ่อก็เข้าใจ และจะยอมรับในสถานการณ์ ที่ไม่มีลูกอยู่ใกล้ๆ ตลอดเวลา#$b#นอกจากนั้น นี่... สิ่งที่ลูกสร้างขึ้น มันดูเจ๋งสุดๆ พ่อคงรู้สึกไม่ดีแน่ ที่จะให้มันเป็นแค่คนใช้น่ะ\"/pause 800/showFrame robot 8/pause 500/showFrame robot 7/pause 500/showFrame Maru 26/move Demetrius -1 0 0/faceDirection farmer 2/speak Demetrius \"@ ฉันขอโทษนะ ที่ฉันไม่เชื่อใจเธอ เธอเป็นคนดีจริงๆ$5^@ ฉันขอโทษนะ ที่ฉันไม่เชื่อใจเธอ เธอเป็นคนดีจริงๆ $5#$b#ฉันไม่เคยเห็นมารุ มีชีวิตชีวา และร่าเริงอย่างนี้มาก่อน... และฉันจะไม่มีทางภูมิใจ ในตัวมารุขนาดนี้เลย ถ้าไม่มีเธอคอยยื่นมือมาช่วย ฉันรับรองได้เลย\"/move Demetrius -1 0 0/move Demetrius 0 -1 0/warp Demetrius -1000 -1000/playSound doorClose/pause 500/faceDirection farmer 1/showFrame Maru 0/pause 100/faceDirection Maru 3/speak Maru \"...$8\"/pause 1000/faceDirection Maru 1/speak Maru \"โอเคมาริลด้า (MarILDA) ออกไปจากห้องที่อุดอู้นี่เถอะ\"/playMusic spring_day_ambient/globalFade/viewport -5000 -5000/changeLocation Mountain/viewport -5000 -5000/warp Maru 11 28/warp farmer 10 29/warp robot 13 28/showFrame robot 1/viewport 12 27 clamp/pause 2000/showFrame robot 7/pause 1000/message \"ขอบคุณที่สร้างฉันขึ้นมานะ มารุ ฉันจะไม่มีวันลืมคุณเลย\"/pause 500/showFrame robot 1/pause 1000/playSound robotBLASTOFF/specificTemporarySprite robot/warp robot -2000 -2000/pause 3000/faceDirection Maru 0 true/faceDirection farmer 0 true/viewport move 0 -1 2000/pause 2500/playMusic kindadumbautumn/cutscene robot/pause 3000/speak Maru \"ดูเธอสิ...$8\"/pause 1600/emote Maru 40/pause 500/move farmer 0 -1 1/pause 500/faceDirection Maru 3/pause 800/speak Maru \"$q 18981 null#แล้วเธอล่ะ @ คิดว่าไงบ้าง?#$r 18981 50 event_robot1#ฉันประทับใจ กับสิ่งที่เธอสร้างมาก#$r 18981 -50 event_robot2#ฉันผิดหวัง... เธอสร้างหุ่นยนต์ มาเป็นทาสนะ#$r 18981 0 event_robot3#ตอนนี้พ่อเธอ น่าจะโอเคกับเราแล้ว?#$r 18981 0 event_robot4#(จ้องมองมารุ โดยที่ไม่ได้พูดอะไร)\"/fork BadAnswer/faceDirection Maru 1/pause 300/faceDirection Maru 0/pause 300/faceDirection Maru 2/pause 300/faceDirection Maru 3/faceDirection farmer 2 true/positionOffset Maru -2 0/showFrame Maru 13/pause 50/positionOffset Maru -2 0/showFrame Maru 12/pause 50/positionOffset Maru -2 0/showFrame Maru 13/pause 50/positionOffset Maru -2 0/showFrame Maru 12/pause 50/positionOffset Maru -2 0/showFrame Maru 13/pause 50/positionOffset Maru -2 0/showFrame Maru 12/pause 50/positionOffset Maru -2 0/showFrame Maru 13/pause 50/positionOffset Maru -2 0/showFrame Maru 12/pause 50/positionOffset Maru -2 0/showFrame Maru 13/pause 50/positionOffset Maru -2 0/showFrame Maru 12/pause 500/showFrame Maru 28/positionOffset Maru 0 -8/playSound Cowboy_Footstep/pause 300/animate farmer false true 100 16/specificTemporarySprite heart 11 27/pause 1000/stopAnimation farmer/pause 500/faceDirection Maru 3/positionOffset Maru 4 8/faceDirection farmer 1/pause 1500/globalFade/viewport -3000 -3000/changeLocation ScienceHouse/end"
    }
}
