{
    "header": {
        "target": "w",
        "formatVersion": 5,
        "hidef": true,
        "compressed": 128
    },
    "readers": [
        {
            "type": "Microsoft.Xna.Framework.Content.DictionaryReader`2[[System.String, mscorlib, Version=4.0.0.0, Culture=neutral, PublicKeyToken=b77a5c561934e089],[System.String, mscorlib, Version=4.0.0.0, Culture=neutral, PublicKeyToken=b77a5c561934e089]]",
            "version": 0
        },
        {
            "type": "Microsoft.Xna.Framework.Content.StringReader",
            "version": 0
        }
    ],
    "content": {
        "2794460/f Sebastian 500/p Sebastian": "Hospital_Ambient/-1000 -1000/farmer 1 1 2 Sebastian 9 4 3 Robin -100 -100 2/skippable/doAction 1 3/removeTile 1 3 Buildings/removeTile 1 2 Front/playSound keyboardTyping/showFrame Sebastian 24/animate Sebastian false true 100 26 27 26 27 26 27 26/viewport 6 6 true/move farmer 0 4 1/move farmer 5 0 1/pause 1000/speak Sebastian \"โอ้ ไง แปบนึงนะ\"/pause 500/playSound keyboardTyping/pause 1000/question fork1 \"#เขากำลังยุ่ง... ฉันไปดีกว่า#อยู่รอ\"/fork didntLeave/move farmer -2 0 3/speak Sebastian \"เธอจะไปไหน?$u\"/pause 300/faceDirection farmer 1/stopAnimation Sebastian/speak Sebastian \"โทษที... ฉันต้องทำให้เสร็จ ก่อนที่ความคิดฉันจะหยุดวิ่งน่ะ\"/pause 500/move farmer 2 0 1/switchEvent sebastianRoom",
        "didntLeave": "pause 5500/stopAnimation Sebastian/speak Sebastian \"โอเค ขอโทษที่ให้รอ ฉันแค่อยากจะทำงาน ให้เสร็จก่อนน่ะ\"/switchEvent sebastianRoom",
        "sebastianRoom": "resetVariable/move farmer 0 2 1/playSound mouseClick/move farmer 3 0 0/playSound mouseClick/move farmer 0 -1 0/playSound mouseClick/move farmer 0 -1 0/pause 500/faceDirection farmer 0/question fork1 \"#ถามว่าเขาทำงานอะไร#จัดแต่งห้องของเขา\"/fork decor/pause 500/stopAnimation Sebastian/speak Sebastian \"ฉันเป็น โปรแกรมเมอร์อิสระน่ะ\"/switchEvent enterRobin",
        "decor": "pause 500/stopAnimation Sebastian/speak Sebastian \"ตกแต่งห้องใหม่เหรอ?... โอ้ เยี่ยม... ขอบคุณนะ ฉันติดโปสเตอร์ ที่ผนังมาเป็นปีแล้ว ฉันว่าคงถึงเวลา ต้องเปลี่ยนมันแล้วล่ะ\"/switchEvent enterRobin",
        "enterRobin": "pause 500/playSound mouseClick/pause 100/playSound mouseClick/pause 500/playSound Pickup_Coin15/pause 300/emote Sebastian 40/speak Sebastian \"มีข้อความมาจากแซม... ฉันเดาว่าเขาจะ ชวนไปข้างนอก...#$b#วันนี้ฉันไม่ค่อยอยาก ออกไปไหนเลย $u\"/pause 500/playSound doorClose/warp Robin 1 1/move Robin 0 4 1/speak Robin \"โอ้ สวัสดี @\"/faceDirection farmer 3/move Robin 4 0 1/speak Robin \"เซบบี้ แม่รู้ว่าลูกไม่ค่อยชอบให้แม่ เข้ามาในห้อง... แต่แม่ไปเจออบิเกล ที่ร้านขายของมา เธอบอกว่ากำลังหาตัวลูกอยู่\"/pause 200/emote Sebastian 28/speak Sebastian \"แล้วได้บอกเธอไปรึเปล่า ว่าผมทำงานอยู่?\"/speak Robin \"บอกแล้วจ๊ะ... แต่เธอบอกว่า งั้นเธอจะไม่มากวนแล้ว\"/emote Sebastian 12/speak Sebastian \"*ถอนหายใจ*... ไม่มีใครคิดว่าฉันจริงจัง กับงานของฉันบ้างเลย $u#$b#ไม่เคยมีใครคิดแบบนี้กับมารุ เพราะเธอไปทำงานที่คลินิก... แต่กับฉันทุกคนคิดว่า ฉันเล่นเว็บทั้งวันน่ะนะ?\"/faceDirection farmer 0 true/move Robin -4 0 0/move Robin 0 -4 0/warp Robin -100 -100/playSound doorClose/pause 500/faceDirection farmer 0/resetVariable/question fork1 \"#ถามถึงจุดมุ่งหมาย ในอาชีพของเขา#ถามว่าทำไม เขาถึงไม่อยากไปเจอเพื่อน\"/fork noFriends/pause 500/speak Sebastian \"อืมม ฉันพยายามจะเก็บเงินซักก้อน เพื่อย้ายออกจากที่นี่ อาจจะไปอยู่ในเมือง หรืออะไรทำนองนั้น\"/emote Sebastian 40/speak Sebastian \"รู้ไหม ถ้าฉันอยากจะเข้ามหาลัย ฉันอาจจะต้องหาเงินให้ได้ เยอะๆ เพราะตอนนี้... ฉันก็ไม่อยากจะไปแข่งขัน อยู่ในบริษัทเล็กๆ หรอก#$b#และฉันคิดว่า ฉันจะรู้สึกสบายใจ ที่นั่งอยู่หลังคอมพิวเตอร์ มากกว่าออกไปพูดคุยกับผู้คน กันตัวต่อตัว $s\"/emote Sebastian 28/pause 600/playSound mouseClick/pause 100/playSound mouseClick/pause 300/speak Sebastian \"เอาล่ะ ฉันจะกลับไปทำงานแล้ว... ฉันอยากให้เสร็จภายในวันพรุ่งนี้\"/animate Sebastian false true 100 24 24 24 24 24 24 24 24 24 24 25 26 27 26 27 26 27 26 25 24 24/playSound keyboardTyping/pause 500/move farmer 0 2 3/move farmer -3 0 0/move farmer 0 -2 3/move farmer -5 0 0 true/globalFade/viewport -1000 -1000/pause 1000/end",
        "noFriends": "pause 500/emote Sebastian 28/speak Sebastian \"*ถอนหายใจ*... ฉันชอบที่จะมีเพื่อนนะ ฉันแค่ต้องการแบ่งเวลา ระหว่างอยู่คนเดียว กับอยู่กับคนอื่นบ้าง $s#$b#แต่กับแซม มันตรงข้ามกัน... เขาจะเป็นบ้า ถ้าอยู่คนเดียวนานๆ#$b#นั่นอาจจะเป็นเหตุผลนึงที่ฉัน ชอบคอมพิวเตอร์เอามากๆ... พวกมันน่ารัก ซื่อตรงและไม่เห็นแก่ตัว ตรงกันข้าม กับคนส่วนใหญ่ที่ฉันรู้จักเลย\"/pause 600/playSound mouseClick/pause 100/playSound mouseClick/pause 300/emote Sebastian 40/speak Sebastian \"เอาล่ะ ฉันจะกลับไปทำงานแล้ว... ฉันอยากให้มันเสร็จ ในวันพรุ่งนี้\"/pause 300/animate Sebastian false true 100 26 27/playSound keyboardTyping/pause 500/move farmer 0 2 3/move farmer -3 0 0/move farmer 0 -2 3/move farmer -5 0 0 true/globalFade/viewport -1000 -1000/pause 1000/end",
        "27/f Sebastian 1500/p Sebastian": "jaunty/-1000 -1000/farmer 1 1 2 Sebastian 5 9 3 Sam 3 7 2/skippable/showFrame Sam 24/showFrame Sebastian 28/doAction 1 3/viewport 5 5 true/move farmer 0 6 1/pause 500/showFrame Sebastian 29/pause 500/speak Sebastian \"เฮ้ @ $7\"/pause 500/speak Sebastian \"แซมกับฉันกำลังเล่น 'โซลาเรี่ยน โครนิเคิลส์: เดอะ เกมส์ (Solarion Chronicles: The Game)'... ทำไมไม่มาเล่นกับเราล่ะ?  มันจะดีกว่านะถ้าเล่น 3 คนน่ะ$7\"/move farmer 0 1 2/pause 500/playSound thudStep/faceDirection farmer 1 true/showFrame 117/positionOffset farmer 16 80/pause 600/speak Sebastian \"โอเค เริ่มกันเลย... ให้ฉันจับการ์ดเนื้อเรื่องละกัน$7\"/pause 900/showFrame Sebastian 30/playSound dwoop/pause 500/showFrame Sebastian 28/pause 500/speak Sebastian \"หืมมม... ดูเหมือนจะบอกว่า ภารกิจวันนี้ให้เราเข้าไปที่ หอคอยเนโครเมนเซอร์... เพื่อไปทวงคืน 'โซลาเรี่ยน' กลับมาจากเงื้อมมือ ของจ้าวแห่งความตาย 'ซาร์ท' \"/pause 600/speak Sam \"เจ๋งเลย... @ เธอพร้อมที่จะ เลือกตัวละครรึยัง?\"/pause 500/question chooseCharacter \"เลือกตัวละครของคุณ :#นักรบ ฉันชอบบุกทะลวงเข้าไป#ซัพพอร์ต ฉันชอบช่วยเหลือคนอื่น#ะพ่อมด ด้วยจิตใจที่กล้าหาญ มีพลังมากมาย ยิ่งกว่าคมมีดทั้งหมด\"/pause 500/speak Sebastian \"เฮ้! นั่นฉันกำลังจะเลือกเลยนะ!$h#$b#งั้นฉันคิดว่าฉันจะ เลือกเป็นซัพพอร์ต\"/pause 500/speak Sam \"เจ๋งเลย ฉันเลือกนักรบ เพราะเป็นตัวละครที่ฉันชอบ\"/addMailReceived choseWizard/switchEvent opening",
        "warrior": "pause 500/speak Sebastian \"เลือกได้ดีนี่นักรบน่ะ เป็นตัวละครที่ง่าย สำหรับผู้เริ่มต้นเลย$7#$b#งั้นฉันเลือกพ่อมด ก็แล้วกัน\"/emote Sam 28/speak Sam \"งั้นฉันก็ต้องเป็นซัพพอร์ต สินะ$s\"/addMailReceived choseWarrior/switchEvent opening",
        "healer": "pause 500/speak Sebastian \"ซัพพอร์ต อือหือ? มันเป็นตำแหน่ง ที่สำคัญนะ$7#$b# งั้นฉันเลือกพ่อมด ก็แล้วกัน\"/speak Sam \"เจ๋งเลย ฉันเลือกนักรบ เพราะเป็นตัวละครที่ฉันชอบ\"/addMailReceived choseHealer/switchEvent opening",
        "opening": "pause 500/speak Sebastian \"เริ่มกันเถอะ...\"/globalFade/viewport -1000 -1000/playMusic Crystal Bells/cutscene boardGame/pause 1700/message \"พระราชาวางได้ไว้วางใจ ให้คุณและสหายของคุณ กู้คืนโซลาเรี่ยน... หากงานเสร็จสมบูรณ์ดี จะทำให้คุณได้ไปสู่ ห้องแห่งตำนาน และรวมถึงโชคลาภ ทองคำและสมบัติต่างๆ\"/pause 800/message \"หลังจากหลายเดือน ที่ได้เดินทางผ่านดินแดน แห่งความสิ้นหวังมา คุณเดินไปยังหน้าผาเพื่อดู จุดหมายปลายทางซึ่งตั้งอยู่ ห่างไกลออกไป\"/pause 100/message \"ที่นั่น ที่ที่แสงจันทร์สาดส่อง หอคอยเนโครเมนเซอร์... ที่จ้าวแห่งความตายซาร์ท ได้ใช้พลังโขมยโซลาเรี่ยน ไปเก็บไว้ด้วยเหตุผล บางอย่าง \"/pause 500/pause 700/updateMinigame 1/resetVariable/pause 700/question fork1 \"หอคอยอยู่ตรงหน้าคุณแล้ว #เข้าทางข้างหน้า ด้วยความกล้าหาญที่ชัดเจน #หาทางเข้าด้านหลัง แล้วค่อยๆ ซ่อนตัวเข้าไป\"/fork backEntrance/pause 500/updateMinigame 3/pause 50/playSound skeletonStep/pause 100/playMusic bigDrums/pause 500/message \"โครงกระดูกได้ป้องกัน ทางเดินเอาไว้ ดูอันตรายมากเลย\"/pause 900/resetVariable/question fork1 \"ทำยังไงดี?#สู้กับมัน #วิ่งหนี\"/fork ranAway/pause 500/resetVariable/question fork0 \"โครงกระดูกพุ่งเข้ามาแล้ว!#ใช้อาวุธของคุณ #กางโล่ป้องกัน \"/fork swungWeapons/pause 600/playSound clubhit/updateMinigame -1/pause 500/message \"ป้องกันการโจมตีได้สำเร็จ โครงกระดูกถูกกระแทก ถอยไปข้างหลัง ทำให้มีเวลาพอ ที่จะโจมตีและฆ่าพวกมัน \"/pause 200/playSound swordswipe/pause 400/playSound skeletonDie/updateMinigame 5/updateMinigame -1/pause 1000/addMailReceived killedSkeleton/message \"คุณเดินไปตามโถงทางเดิน ระวังที่จะไม่เหยียบย่ ำซากโครงกระดูก \"/pause 900/switchEvent sewer",
        "swungWeapons": "pause 300/message \"โครงกระดูกนั้นเร็วเกินไป และเข้าโจมตีกลุ่มของคุณ ก่อนที่ใครจะ มีโอกาสโจมตีมัน!\"/playSound killAnimal/updateMinigame -1/pause 1000/message \"พลังจากลมนั้นได้ทำให้ พวกคุณปลิวไปข้างหลัง โดยไม่สามารถป้องกัน ได้ทันเวลา ก่อนที่คุณจะไหลไป ตามทางลาดชัน\"/pause 100/playSound dropItemInWater/pause 700/switchEvent sewer",
        "ranAway": "pause 300/message \"คุณหันกลับและ วิ่งไปตามทางสลัว ก้อนหินได้ไหลลงมา และหมุนไปมา อย่างไม่มีสิ้นสุด ในที่สุด คุณได้มายังพื้นที่ใหม่แล้ว \"/pause 400/switchEvent sewer",
        "backEntrance": "pause 300/playSound leafrustle/pause 500/playSound grassyStep/pause 400/playSound leafrustle/pause 500/updateMinigame 2/pause 600/message \"หลังจากตรวจสอบรอบๆ หอคอยแล้ว คุณก็พบประตูที่ซ่อนอยู่ หลังพุ่มไม้ ข้างใต้นั้นมีบันไดอยู่ ซึ่งทีมของคุณได้ไต่ลงไปแล้ว\"/pause 800/playSound woodyStep/pause 400/playSound woodyStep/pause 400/playSound woodyStep/pause 500/switchEvent sewer",
        "sewer": "updateMinigame 4/resetVariable/playMusic pool_ambient/pause 1600/message \"คุณพบว่าตัวเอง อยู่ในท่อระบายน้ำที่ ทอดยาวเหมือนโถงทางเดิน ด้านซ้ายของคุณ มีโถงทางเดินที่สว่างไป ด้วยแสงสีเขียวแปลกตา และทางขวามีบันไดที่ ปีนขึ้นไปสู่ความมืดมิด\"/pause 500/question fork1 \"คุณจะทำยังไง?#ไปโถงทางเดิน ทางด้านซ้าย #ปีนบันไดที่อยู่ทางด้านขวา \"/fork wizardDoor/switchEvent podRoom",
        "podRoom": "pause 500/updateMinigame 7/resetVariable/playMusic Hospital_Ambient/pause 1600/message \"คุณได้มาอยู่ในห้องๆ หนึ่ง ทางด้านซ้ายเป็นบันได และทางด้านขวา มีนักโทษที่ถูกใส่อยู่ใน แคปซูลแปลกๆ 3 หลอดที่เรืองแสงออกมา เหมือนจะอยู่ในขั้นตอน ของอะไรบางอย่าง\"/pause 500/message \"นี่จะใช่การทดลองที่ไม่ดี ของจ้าวแห่งความตาย หรือเปล่านะ?\"/pause 500/question fork0 \"คุณจะทำยังไง?#ออกไปให้ไวที่สุด เท่าที่จะทำได้ #ทำลายแคปซูล \"/fork leave/pause 500/pause 500/playSound swordswipe/pause 200/playSound breakingGlass/updateMinigame -1/pause 1000/message \"หลังจากส่งดวงวิญญาณ เหล่านั้นไปสู่สุขคติแล้ว, คุณและเพื่อนๆ ของคุณก็ได้ปีนขึ้นบันไดไป\"/pause 800/addMailReceived destroyedPods/playSound woodyStep/pause 400/playSound woodyStep/pause 400/playSound woodyStep/pause 500/switchEvent wizardDoor",
        "wizardDoor": "pause 500/updateMinigame 8/resetVariable/playMusic Lava_Ambient/pause 1600/message \"คุณมาถึงประตูที่ตั้งอยู่ สุดโถงทางเดิน\"/pause 800/message \"ถึงเวลาที่จะต้องเผชิญหน้ากับ จ้าวแห่งความตายซาร์ทแล้ว\"/pause 500/playSound openChest/pause 1000/switchEvent Necromancer",
        "Necromancer": "pause 500/updateMinigame 6/resetVariable/playMusic Lava_Ambient/pause 1600/message \"ซาร์ท: ผู้บุกรุกเหรอ? กล้าดียังไงถึงเข้ามาใน ห้องส่วนตัวของข้าน่ะ!\"/pause 800/message \"อ๋า มาตามหาโซลาเรี่ยน คืนไปสินะ...\"/pause 800/message \"ฮี่ฮี่ฮี่... พวกโง่ มาได้เวลาที่จะลองสู้กับ เหล่าทหารของข้าพอดีเลย!\"/pause 500/fork choseWizard finalBossWizard/fork choseWarrior finalBossWarrior/message \"ซาร์ทได้เสก สายฟ้าแห่งเงามาทางนี้!\"/pause 500/playSound flameSpell/pause 800/playSound flameSpellHit/updateMinigame -1/pause 1000/message \"คุณสามารถหลบมันได้ แต่เพื่อนของคุณ ได้รับบาดเจ็บ!\"/pause 500/question fork0 \"คุณจะทำยังไง?#ฮีลนักรบ (แซม) #ฮีลพ่อมด (เซบาสเตียน)\"/pause 500/fork healedSam/playSound healSound/pause 500/speak Sebastian \"ขอบใจ @ $7\"/speak Sam \"...$s\"/pause 1000/playMusic none/message \"เซบาสเตียนเสก 'สายฟ้าบริสุทธิ์ (Pure Bolt)'... โจมตี ถูกซาร์ทเข้าอย่างจัง จ้าวแห่งความตายได้กรีดร้อง และค่อยๆ สลายเป็นผุยผง \"/playSound debuffSpell/pause 500/playSound killAnimal/updateMinigame 9/updateMinigame -1/pause 800/message \"คุณหยิบโซลาเรี่ยนขึ้นมา และชูมันขึ้นสูง โลกใบนี้ได้กลับสู่ ความปกติอีกครั้ง\"/addMailReceived savedFriends/pause 1000/playSound getNewSpecialItem/updateMinigame -2/switchEvent end",
        "healedSam": "playSound healSound/pause 500/speak Sam \"ขอบคุณนะ @\"/speak Sebastian \"...$s\"/pause 1000/playMusic none/message \"แซมพุ่งเข้าไปโจมตี ซาร์ทได้สำเร็จ ปลดปล่อยโซลาเรี่ยน จากเงื้อมมือของซาร์ท และนำความสงบสุขกลับคืน มาสู่โลกใบนี้\"/pause 500/playSound swordswipe/pause 400/playSound killAnimal/updateMinigame 9/updateMinigame -1/pause 1000/playSound getNewSpecialItem/updateMinigame -2/switchEvent end",
        "finalBossWizard": "pause 500/resetVariable/message \"...\"/pause 500/question fork0 \"คุณจะทำยังไง?#เสก 'ลำแสงบริสุทธิ์ (Pure Beam)' ไปหาซาร์ท#วางโล่ 'ชิลด์ ชาร์ม (Shield Charm)' ให้เพื่อนคุณ\"/fork castBeam/pause 800/playSound debuffHit/message \"คุณวางโล่ 'ชีลด์ ชาร์ม (Shield Charm)' ให้แซม และเซบาสเตียน\"/pause 500/playSound debuffSpell/updateMinigame -1/pause 1000/message \"ซาร์ทได้ปล่อย พลังแห่งความมืด ลอยมาหลายลูก หนึ่งในนั้น ตรงมายังเซบาสเตียน และคุณได้ใช้โล่ 'ชิลด์ ชาร์ม (Shield Charm)' สะท้อนพลัง กลับไปยังซาร์ทเข้าจังๆ!\"/pause 800/playSound killAnimal/updateMinigame 9/updateMinigame -1/pause 800/message \"ซาร์ทได้พ่ายแพ้แล้ว และโซลาเรี่ยนก็ได้ ส่องแสงออกมา โลกใบนี้ได้กลับมาสู่ ความปกติอีกครั้ง\"/pause 1000/playSound getNewSpecialItem/addMailReceived savedFriends/updateMinigame -2/switchEvent end",
        "castBeam": "pause 500/message \"ก่อนที่คุณจะมีโอกาส เสกพลังออกไป ซาร์ทได้เสกพลัง ตรงไปทางเพื่อนของคุณ!\"/pause 500/playSound flameSpell/pause 500/playSound flameSpellHit/updateMinigame -1/pause 800/message \"แซมและเซบาสเตียนถูกทอด เป็นมันฝรั่งกรอบไปแล้ว...\"/pause 500/playSound yoba/pause 800/message \"พลังของคุณโจมตีโดนซาร์ท เข้าอย่างจัง\"/pause 500/playSound killAnimal/updateMinigame 9/updateMinigame -1/message \"ซาร์ทกรีดร้องออกมา และค่อยๆ สลายกลายเป็นผุยผง คุณหยิบโซลาเรี่ยนขึ้นมา และชูมันขึ้นสูง ความสงบสุข และความเป็นระเบียบ ได้กลับคืนสู่โลกใบนี้แล้ว\"/pause 1000/playSound getNewSpecialItem/updateMinigame -2/switchEvent end",
        "chargeAhead": "pause 500/message \"คุณพุ่งไปข้างหน้า แต่ซาร์ทก็ได้ลอยผ่านคุณไป และเสกพลัง ตรงไปทางเพื่อนของคุณ!\"/pause 500/playSound flameSpell/pause 500/playSound flameSpellHit/updateMinigame -1/pause 800/message \"เซบาสเตียนและแซมถูกทอด เป็นมันฝรั่งกรอบไปแล้ว...\"/pause 800/message \"คุณได้ฟันดาบลงไป อีกครั้งหนึ่ง ซาร์ทกรีดร้องออกมา และค่อยๆ สลายกลายเป็นผุยผง\"/playSound swordswipe/pause 400/playSound killAnimal/updateMinigame 9/updateMinigame -1/pause 800/message \"คุณหยิบโซลาเรี่ยนขึ้นมา และชูมันขึ้นสูง ความสงบสุข และความเป็นระเบียบ ได้กลับคืนสู่โลกใบนี้แล้ว\"/pause 1000/playSound getNewSpecialItem/updateMinigame -2/switchEvent end",
        "finalBossWarrior": "pause 500/resetVariable/message \"ซาร์ทกำลังเสกคาถาอยู่...\"/pause 500/question fork0 \"คุณจะทำยังไง?#ชาร์จพลัง และใช้ดาบของคุณ #ใช้โล่ป้องกันเพื่อนของคุณ \"/fork chargeAhead/pause 1200/message \"ซาร์ทได้เสก 'สายฟ้าแห่งเงา (Shadow Bolt)' ใส่เซบาสเตียน... แต่คุณสามารถกางโล่ ได้ทันเวลาเพื่อกัน การโจมตี!\"/pause 500/playSound debuffSpell/pause 400/playSound parry/updateMinigame -1/pause 1000/message \"ระหว่างที่ซาร์ทติดคูลดาวน์ คุณพุ่งไปข้างหน้า และโจมตีเขาด้วยดาบของคุณ\"/playSound swordswipe/pause 500/playSound killAnimal/updateMinigame 9/updateMinigame -1/pause 1000/message \"โซลาเรี่ยนได้ส่องแสงออกมา คุณหยิบมันชูขึ้นสูง โลกใบนี้ได้กลับมาสู่ ความปกติอีกครั้งแล้ว!\"/pause 1000/playSound getNewSpecialItem/addMailReceived savedFriends/updateMinigame -2/switchEvent end",
        "leave": "pause 500/message \"เลิกสนใจสายตาของ เหล่านักโทษที่มา รบกวนจิตใจของคุณ คุณและเพื่อนของคุณ ปีนขึ้นบันไดอย่างรวดเร็ว\"/pause 800/playSound woodyStep/pause 400/playSound woodyStep/pause 400/playSound woodyStep/pause 500/switchEvent wizardDoor",
        "end": "playMusic Hospital_Ambient/pause 9000/viewport 5 5 true/pause 800/showFrame Sebastian 29/speak Sebastian \"เฮ้ย ไม่เลวเลย!$7#$b#ฉันชอบจริงๆนะ เราพยายามจบเกมมา 3-4 ครั้งแล้ว $7\"/emote farmer 32/pause 1000/speak Sebastian \"ขอบใจที่มาเล่นด้วยนะ... ไว้เจอกัน $7\"/globalFade/viewport -1000 -1000/pause 1000/end"
    }
}
