{
    "header": {
        "target": "w",
        "formatVersion": 5,
        "hidef": true,
        "compressed": 128
    },
    "readers": [
        {
            "type": "Microsoft.Xna.Framework.Content.DictionaryReader`2[[System.String, mscorlib, Version=4.0.0.0, Culture=neutral, PublicKeyToken=b77a5c561934e089],[System.String, mscorlib, Version=4.0.0.0, Culture=neutral, PublicKeyToken=b77a5c561934e089]]",
            "version": 0
        },
        {
            "type": "Microsoft.Xna.Framework.Content.StringReader",
            "version": 0
        }
    ],
    "content": {
        "1/f Abigail 500/p Abigail/d Sat": "none/-9999 -4/farmer 13 6 3 Abigail 3 6 2/skippable/showFrame Abigail 20/specificTemporarySprite abbyvideoscreen/viewport 9 4 true/pause 1000/playSound Cowboy_gunshot/pause 150/emote Abigail 52/pause 800/playSound Cowboy_gunshot/pause 150/playSound Cowboy_gunshot/pause 150/playSound Cowboy_gunshot/temporarySprite 2 4 27 8 50/shake Abigail 500/pause 150/playSound Cowboy_gunshot/pause 150/temporarySprite 4 4 27 8 50 true/playSound Cowboy_gunshot/pause 450/playSound Cowboy_monsterDie/pause 550/playSound Cowboy_gunshot/pause 150/playSound cowboy_dead/pause 850/emote Abigail 28/playMusic distantBanjo/showFrame Abigail 21/pause 80/showFrame Abigail 22/pause 80/move farmer -1 0 3/move farmer -3 0 3/faceDirection Abigail 1/pause 200/emote Abigail 16/pause 600/speak Abigail \"@?\"/move farmer -3 0 3/speak Abigail \"ตกใจหมดเลย มาไม่ให้ซุ่มให้เสียงหน่อยล่ะ!\"/faceDirection Abigail 0/speak Abigail \"*ถอนหายใจ*... คือฉันเล่น 'ราชาทุ่งหญ้าผจญภัย' มาเป็นชั่วโมงแล้วน่ะ แต่ก็ยังไม่ชนะด่านแรกเลย$s#$b#ไม่คิดว่า จะยากขนาดนี้เลยนะเนี่ย!$a#$b#หรือไม่ก็.. ฉันอาจจะแค่ เล่นเกมไม่เก่งล่ะมั้ง$s\"/faceDirection Abigail 1/pause 1000/emote Abigail 16/pause 300/speak Abigail \"เฮ้ อยากลองเล่นด่านนี้ดูไหม เล่นด้วยกันเลยน่ะ ฉันว่าถ้าเล่นสองคน มันน่าจะผ่านง่ายขึ้นนะ\"/faceDirection farmer 3/farmerAnimation 97/pause 1000/faceDirection Abigail 0/move farmer 0 1 3/move farmer -4 0 0/move farmer 0 -1 0/faceDirection farmer 0/pause 500/globalFade/cutscene AbigailGame/pause 500/faceDirection Abigail 3/stopMusic/faceDirection farmer 1/fork beatGame/pause 600/emote Abigail 28/pause 400/speak Abigail \"อ๊า.. พอแล้ว ฉันยอมแพ้ล่ะ แม้แต่ด่านแรก ก็ยังไม่ผ่านเลย$s#$b#อ๊ะ แต่ก็.. ขอบคุณที่พยายามช่วยฉันนะ\"/faceDirection farmer 2/showFrame 96/emote farmer 40/pause 1000/end",
        "beatGame": "playMusic jaunty/speak Abigail \"เฮ้ ตะกี้สนุกมากเลย!$h#$b#ขอบใจนะ @ ดูเธอเชี่ยวชาญ การใช้จอยสติ้กสินะ? ฉันว่ามันสมเหตุสมผลดีละนะ $h^ขอบคุณ @ ฉันไม่เคยคิดว่าเธอ จะใช้จอยสติ้ก ได้เชี่ยวชาญขนาดนี้ แต่เธอทำให้ฉัน เห็นแล้วว่าเธอนี่ เทพมาเองเลย$h\"/pause 500/emote Abigail 32/pause 1000/end",
        "3/f Abigail 2000/p Abigail/t 2000 2200/n abbySpiritBoard": "echos/-1000 -1000/farmer 13 6 3 Abigail 6 8 1/skippable/specificTemporarySprite abbyOuijaCandles/viewport 7 5/speak Abigail \"ไง! กำลังอยากเจอเลย นี่ ฉันมีอะไรอยากจะให้ดูล่ะ\"/move farmer -5 0 0/move farmer 0 2 3/faceDirection Abigail 2/speak Abigail \"เห็นนี่ไหม? มันเรียกว่ากระดานวิญญาณ เคยเล่นรึเปล่า?\"/emote farmer 8/move Abigail 0 2 1/move farmer 0 2 3/pause 500/speak Abigail \"เอามือมาวางบนแผ่นไม้ ตรงนี้ข้าง ๆ ฉันนะ...$l\"/showFrame Abigail 30/pause 200/animate farmer true true 9999 89/pause 600/speak Abigail \"แล้ววิญญาณก็จะ บอกพวกเราถึง...$h\"/showFrame Abigail 31/pause 500/speak Abigail \"เอ๊ะ มันขยับล่ะ ดูสิ!$7\"/emote farmer 16/speak Abigail \"คำแรก เป็น... 'ฉัน' ...\"/pause 600/speak Abigail \"ต่อมาเป็น... '<' ...\"/pause 800/speak Abigail \"ว้าว ดูมันขยับสิ อย่างไว มันสะกดเป็น... '%firstnameletter'...#$b#ฉัน < %firstnameletter...?\"/emote Abigail 16/showFrame Abigail 12/faceDirection Abigail 3/stopMusic/pause 200/stopAnimation farmer/faceDirection Abigail 1/pause 400/specificTemporarySprite abbyOuija/playSound swordswipe/pause 900/playSound seeds/pause 500/speak Abigail \"อุ้ย! มะ มือไปโดนล่ะ คว่ำหมดเลย ฮ่ะๆ ฮ่ะ.. $h#$b#มันเป็นแค่เกมไร้สาน่ะ ไม่มีความหมายอะไรหรอก$9\"/faceDirection Abigail 3/emote Abigail 60/faceDirection Abigail 1/speak Abigail \"คือ ฉันต้องทำอย่างอื่นต่อแล้วล่ะ เธอคงต้องกลับไปก่อน.. โทษทีนะ$9\"/faceDirection Abigail 2/emote farmer 28/pause 500/move farmer 0 -3 0/pause 800/faceDirection farmer 2/pause 1000/move farmer 5 0 1 true/globalFade/viewport -1000 -1000/end invisibleWarpOut Abigail",
        "16/f Pierre 1500/p Pierre": "Hospital_Ambient/20 5/farmer 20 12 0 Pierre 14 15 0/skippable/doAction 20 11/move farmer 0 -7 1/move farmer -1 0 0/move farmer 0 -1 0/pause 600/faceDirection farmer 1/pause 1000/showFrame 35/emote farmer 8/pause 1000/playSound secret1/stopAnimation farmer/message \"พบ 'ที่ซ่อนลับ' ของปีแอร์\"/pause 1000/speak Pierre \"เฮ้! ใครเข้ามาในห้องของฉัน?$4\"/warp Pierre 20 12 true/faceDirection Pierre 0/playMusic ragtime/move Pierre 0 -4 0 true/faceDirection farmer 2 true/showFrame 94/jump farmer/pause 1000/stopAnimation farmer/proceedPosition Pierre/emote Pierre 16/speed Pierre 4/move Pierre 0 -3 1 false/move Pierre -1 0 0/faceDirection farmer 2/speak Pierre \"อะ...? หามันเจอได้ยังไง ?!$4\"/faceDirection Pierre 2/pause 200/faceDirection Pierre 0/speak Pierre \"เร็วเข้า ส่งมันมาให้ฉัน!$u\"/showFrame 95/pause 300/playSound coin/pause 600/showFrame 0/pause 500/speak Pierre \"$q 50 null#สัญญามาก่อนว่า จะไม่บอกใครเกี่ยวกับสิ่งนี้#$r 50 70 Event_naga1#ความลับของคุณจะปลอดภัย#$r 50 -500 Event_naga2#ภรรยาของคุณ ต้องอยากรู้เรื่องนี้แน่\"/pause 500/speed Pierre 2/move Pierre 1 0 2/emote Pierre 12/speak Pierre \"*งึมงัมๆ*...ตอนนี้ฉันต้องหา ที่ซ่อนใหม่ซะแล้วสิ...*งึมงัมๆ*$u\"/move Pierre 0 8 0 true/globalFade/viewport -1000 -1000/end",
        "17/f Caroline 1500/p Caroline/p Abigail": "50s/35 9/farmer 31 13 0 Abigail 34 9 1 Caroline 35 9 3/skippable/move farmer 0 -1 0/pause 500/faceDirection farmer 0/speak Abigail \"หยุดบอกหนูว่า หนูควรจะทำตัว ยังไงได้แล้ว นี่มันชีวิตหนูนะ!$a\"/pause 500/speak Caroline \"นี่ หยุดเลยนะ พวกเรายังให้ลูกอยู่ที่นี่ แบบฟรี ๆ จนกว่าจะเรียนจบเลยนะ แค่นี้มันน้อยไปรึไง หัดสำนึกบ้างนะ!$u\"/emote Abigail 12/speak Abigail \"อย่ามาพูดให้หนูรู้สึกผิดนะ$a#$b#หนูสำนึกอยู่ตลอดว่า พ่อกับแม่น่ะช่วยหนูไว้ยังไง แต่มาคาดหวังให้หนู แต่งตัวแบบที่แม่ อยากเห็นเนี่ย หนูว่ามันไม่ใช่แล้วนะ$a#$b#หนูไม่ใช่เด็กเล็ก ๆ แบบนั้นอีกแล้วนะคะแม่$u\"/faceDirection Caroline 1/pause 1500/faceDirection Caroline 3/speak Caroline \"......มันก็ถูกของลูก แม่ขอโทษจ้ะ$s\"/pause 500/faceDirection farmer 2/playSound woodyStep/faceDirection Abigail 2 true/faceDirection Caroline 2/speak Abigail \"มีใครอยู่ตรงนั้นน่ะ?$7\"/faceDirection farmer 0/speed farmer 4/move farmer 0 1 3/speed farmer 4/move farmer -4 0 2 true/move Abigail -3 0 2 false/emote Abigail 8/speak Abigail \"หนูว่าบ้านนี้น่ะ มันต้องมีผีซักตัวสิงอยู่แน่ๆ\"/emote Caroline 40/pause 500/end dialogue Abigail \"เอ่อ...$a#$b#โทษที... เมื่อกี้ฉันทะเลาะกับแม่มาน่ะ$s\"",
        "58/f Harvey 1500/t 1100 1500": "aerobics/-1000 -1000/farmer 14 12 1 Harvey 23 20 0 Marnie 23 18 0 Emily 23 16 0 Robin 25 18 0 Pam 25 16 0 Caroline 24 14 2 Jodi 27 16 0 Leah 27 18 0/skippable/showFrame Harvey 26/viewport 24 17 true/pause 500/faceDirection Caroline 3 true/pause 500/screenFlash 1/showFrame Harvey 27 true/faceDirection Marnie 3 true/faceDirection Leah 3 true/faceDirection Jodi 3 true/faceDirection Pam 3 true/faceDirection Robin 3 true/faceDirection Emily 3 true/pause 500/faceDirection Leah 1 true/faceDirection Jodi 1 true/faceDirection Caroline 1/pause 500/showFrame Harvey 25 true/faceDirection Marnie 1 true/faceDirection Pam 1 true/faceDirection Robin 1 true/faceDirection Emily 1 true/pause 500/faceDirection Caroline 2/pause 500/faceDirection Leah 0 true/faceDirection Jodi 0 true/faceDirection Marnie 0 true/faceDirection Pam 0 true/faceDirection Robin 0 true/faceDirection Emily 0 true/pause 300/showFrame Harvey 26 true/pause 200/pause 500/faceDirection Caroline 3 true/pause 500/faceDirection Leah 3 true/faceDirection Jodi 3 true/faceDirection Marnie 3 true/faceDirection Pam 3 true/faceDirection Robin 3 true/faceDirection Emily 3 true/pause 350/showFrame Harvey 27 true/pause 150/faceDirection Caroline 1/pause 500/faceDirection Leah 1 true/faceDirection Jodi 1 true/showFrame Harvey 25 true/faceDirection Marnie 1 true/faceDirection Pam 1 true/faceDirection Robin 1 true/faceDirection Emily 1 true/pause 500/faceDirection Caroline 2/pause 500/faceDirection Leah 0 true/faceDirection Jodi 0 true/faceDirection Marnie 0 true/faceDirection Pam 0 true/faceDirection Robin 0 true/faceDirection Emily 0 true/showFrame Harvey 26 true/pause 500/faceDirection Marnie 0 true/faceDirection Pam 0 true/faceDirection Robin 0 true/faceDirection Emily 0 true/showFrame Harvey 26 true/faceDirection Caroline 0 true/pause 1000/faceDirection Leah 1 true/faceDirection Jodi 1 true/faceDirection Marnie 1 true/faceDirection Pam 1 true/faceDirection Robin 1 true/faceDirection Emily 1 true/showFrame Harvey 25 true/faceDirection Caroline 1 true/pause 1000/faceDirection Leah 2 true/faceDirection Jodi 2 true/faceDirection Marnie 2 true/faceDirection Pam 2 true/faceDirection Robin 2 true/faceDirection Emily 2 true/showFrame Harvey 24 true/faceDirection Caroline 2 true/pause 1000/faceDirection Leah 3 true/faceDirection Jodi 3 true/faceDirection Marnie 3 true/faceDirection Pam 3 true/faceDirection Robin 3 true/faceDirection Emily 3 true/showFrame Harvey 27 true/faceDirection Caroline 3 true/pause 1000/faceDirection Leah 0 true/faceDirection Jodi 0 true/faceDirection Marnie 0 true/faceDirection Pam 0 true/faceDirection Robin 0 true/faceDirection Emily 0 true/showFrame Harvey 26 true/faceDirection Caroline 0 true/pause 500/faceDirection Marnie 0 true/faceDirection Pam 0 true/faceDirection Robin 0 true/faceDirection Emily 0 true/showFrame Harvey 26 true/faceDirection Caroline 0 true/pause 1000/faceDirection Leah 1 true/faceDirection Jodi 1 true/faceDirection Marnie 1 true/faceDirection Pam 1 true/faceDirection Robin 1 true/faceDirection Emily 1 true/showFrame Harvey 25 true/faceDirection Caroline 1 true/pause 1000/faceDirection Leah 2 true/faceDirection Jodi 2 true/faceDirection Marnie 2 true/faceDirection Pam 2 true/faceDirection Robin 2 true/faceDirection Emily 2 true/showFrame Harvey 24 true/faceDirection Caroline 2 true/pause 1000/faceDirection Leah 3 true/faceDirection Jodi 3 true/faceDirection Marnie 3 true/faceDirection Pam 3 true/faceDirection Robin 3 true/faceDirection Emily 3 true/showFrame Harvey 27 true/faceDirection Caroline 3 true/pause 1000/faceDirection Leah 0 true/faceDirection Jodi 0 true/faceDirection Marnie 0 true/faceDirection Pam 0 true/faceDirection Robin 0 true/faceDirection Emily 0 true/showFrame Harvey 26 true/faceDirection Caroline 2 true/screenFlash 1/pause 2000/speak Caroline \"เอาล่ะ! คลาสเต้นแอโรบิก ของเราก็จบลงแต่ เพียงเท่านี้แล้วล่ะค่ะ!#$b#เป็นยังไงบ้าง ได้เหงื่อกันบ้างไหม?$h\"/pause 500/speak Harvey \"*แฮ่ก*... *แฮ่ก*... ครับ$7\"/move Pam -1 0 3 true/faceDirection Jodi 2/faceDirection Emily 1 true/viewport move 0 -1 3000/move farmer 3 0 1/faceDirection Robin 3/faceDirection Marnie 1 true/move Harvey -3 0 0/move Harvey 0 -8 3/emote Harvey 16/speak Harvey \"@! เมื่อกี้คุณดูอยู่เหรอ?$8#$b#...น่าอายชะมัด... ผมไม่อยากให้ใคร รู้ว่าผมมาที่นี่ โดยเฉพาะคุณน่ะ$s\"/move Harvey -2 0 3/speak Harvey \"ผมแค่พยายามรักษาสุขภาพน่ะ ยิ่งอายุมากเท่าไหร่ ก็ต้องพยายามมากขึ้นเท่านั้น#$b#ผมก็ไม่ได้ แข็งแรงขนาดนั้นด้วย เกือบตามพวกเขาไม่ทันแน่ะ$s\"/pause 400/faceDirection Harvey 1/faceDirection Harvey 3/speak Harvey \"$q -1 null#ฟังนะ... อย่าไปบอกคนอื่นว่าผมมา..เต้นแอโรบิคนี่ล่ะ ตกลงไหม?#$r -1 20 event_aerobics1#ได้สิ ไม่บอกหรอก#$r -1 -50 event_aerobics2#ไม่รับปากหรอกนะ\"/pause 500/end dialogue Harvey \"ว้าว แต่เมื่อกี้ก็เหนื่อย ใช้ได้เหมือนกันนะเนี่ย\"",
        "3102768/j 15/H": "playful/6 21/farmer 6 29 0 Pierre 4 17 2 Gus 9 26 1 Marnie 3 23 0 Jodi 11 20 0 Demetrius 9 17 3 Morris -100 -100 0/broadcastEvent/skippable/move farmer 0 -5 0/move Gus 0 1 1 true/move Jodi -1 0 0 true/move farmer 0 -5 0 false/pause 500/move Pierre 1 0 2/speak Pierre \"สวัสดีครับ 'ร้านปีแอร์' ยินดีต้อนรับ มีอะไรก็สอบถามได้นะครับ\"/pause 1000/playSound doorClose/warp Morris 6 29/pause 1000/emote Pierre 8/playSound dwop/faceDirection farmer 1 true/pause 50/faceDirection farmer 2/move Morris 0 -2 0/move Morris 0 -5 0/speak Morris \"อะแฮ่ม...\"/pause 1000/faceDirection Marnie 1/faceDirection Gus 0/pause 1000/move Morris 1 0 1/speak Morris \"มารับนี่ไปเลยครับทุกท่าน คูปองลด 50% จากร้านโจจ้า!\"/jump Pierre/textAboveHead Pierre \"50 เปอร์เซ็นต์!?!?\"/showFrame Pierre 16/shake Pierre 3000/faceDirection Demetrius 2/faceDirection Jodi 3/pause 1000/animate Morris false true 80 16 17 16 18/pause 1000/showFrame Pierre 0/speak Morris \"ว่าไงครับ? มีใครสนใจไหม?\"/pause 500/advancedMove Marnie false 4 0/advancedMove Gus false -2 0 0 -3 -1 0 0 -2/advancedMove Jodi false -3 0 0 1/advancedMove Demetrius false 0 5 -1 0/pause 1500/globalFade/viewport -1000 1000/playMusic none/pause 500/warp Marnie -100 -100/warp Demetrius -100 -100/warp Jodi -100 -100/warp Gus -100 -100/playSound doorClose/pause 1000/playSound doorClose/pause 1000/playSound doorClose/pause 500/playSound doorClose/pause 1000/speak Pierre \"แต่.. แต่ฉันขายราคานั้นไม่ได้นี่นา มันจะขาดทุนเอาน่ะสิ!$s\"/stopAnimation Morris/viewport 6 18 true/move Morris 0 -3 0/faceDirection farmer 1/pause 1000/speak Morris \"เห็นลูกค้าเดิมๆ หนีไปแบบนี้ คงจะทำใจยากสินะครับ#$b#แต่คุณโทษพวกเขา ไม่ได้หรอกนะ ในเมื่อบริษัทโจจ้าเป็น ทางเลือกที่ดีกว่าเห็นๆ แบบนี้$h#$b#และอีกไม่นาน.. ทั้งเมืองก็จะยอมรับมัน อีกไม่นานหรอก\"/faceDirection farmer 1/emote Pierre 28/playSound dwop/faceDirection Morris 3 true/pause 50/faceDirection Morris 2/move Morris 0 10 2 true/pause 1000/faceDirection farmer 2 true/globalFade/viewport -1000 -1000/end dialogue Pierre \"เฮ้อ...$s\""
    }
}
