{
    "header": {
        "target": "w",
        "formatVersion": 5,
        "hidef": true,
        "compressed": 128
    },
    "readers": [
        {
            "type": "Microsoft.Xna.Framework.Content.DictionaryReader`2[[System.String, mscorlib, Version=4.0.0.0, Culture=neutral, PublicKeyToken=b77a5c561934e089],[System.String, mscorlib, Version=4.0.0.0, Culture=neutral, PublicKeyToken=b77a5c561934e089]]",
            "version": 0
        },
        {
            "type": "Microsoft.Xna.Framework.Content.StringReader",
            "version": 0
        }
    ],
    "content": {
        "719926/t 900 1700/w sunny": "spring_day_ambient/-885 8/farmer -500 -500 0 Caroline 5 7 1/mail CarolineTea/skippable/specificTemporarySprite sunroom/viewport 5 8 true/pause 1000/showFrame Caroline 22/doAction 6 7/pause 500/doAction 6 7/pause 1000/showFrame Caroline 4/pause 500/warp farmer 5 13/playSound doorClose/move farmer 0 -4 0/faceDirection Caroline 2/pause 100/speak Caroline \"โอ้ สวัสดีจ้ะ @ ฉันดีใจที่เธอเข้ามานะ...#$b#ฉันตั้งใจที่จะพาเธอมาดูที่นี่... ห้องรับแสงห้องนี้ของฉัน\"/pause 500/pause 500/speak Caroline \"แล้ว เธอคิดว่ายังไงล่ะ?\"/pause 500/quickQuestion #มันสวยมาก!#มันให้อารมณ์ผ่อนคลาย#ในนี้มันร้อนเกินไปหน่อย...#ดีไม่เท่าฟาร์มของฉันหรอก!(break)pause 100\\speak Caroline \"ขอบใจจ้ะ! ฉันทุ่มเทกับมันมากเลย กว่ามันจะออกมา เป็นแบบนี้ได้...$h\"(break)pause 100\\speak Caroline \"ใช่แล้ว... เวลาที่ฉันเข้ามาในห้องนี้ ฉันรู้สึกสงบและ ผ่อนคลายทันทีเลยล่ะ มันให้การเยียวยาได้ดีจริงๆ!\"(break)pause 100\\speak Caroline \"โอ้? ฉันรู้สึกว่าความอบอุ่น ทำให้ฉันสงบลง$s#$b#มันจะดีกว่า ถ้าเธอไม่พูดออกมา\"(break)emote Caroline 16\\pause 100\\speak Caroline \"โอ้ แต่เธอเป็นผู้เชี่ยวชาญ... สำหรับฉัน นี่มันก็เป็นแค่ งานอดิเรกเท่านั้น แหละจ้ะ\"/pause 500/faceDirection Caroline 1/speak Caroline \"เธอเห็นแล้วสินะ ที่นี่เป็นสถานที่ ที่พิเศษของฉัน... ฉันสามารถหาความสงบ ได้จากที่นี่...\"/pause 300/faceDirection Caroline 2/speak Caroline \"แล้วมันก็สมบูรณ์แบบมาก ที่จะดื่มชาที่ฉันปลูกเอง! นี่จ้ะ ลองชิมดูแก้วนึงนะ...\"/pause 300/playSound coin/showFrame Caroline 20/pause 1000/playSound sipTea/showFrame Caroline 21/pause 500/showFrame Caroline 20/pause 500/playSound sipTea/showFrame Caroline 21/pause 500/showFrame Caroline 20/pause 500/playSound gulp/pause 1000/quickQuestion ลองดื่มดูมั้ย?#ลองดู#ไม่ลอง(break)farmerEat 614\\pause 1000(break)pause 100\\speak Caroline \"ได้จ้ะ ไม่มีปัญหา...\"/pause 500/faceDirection farmer 0/playSound sipTea/showFrame Caroline 21/pause 500/showFrame Caroline 20/textAboveHead Caroline \"อร่อยยยย\"/playMusic SunRoom/pause 1500/speak Caroline \"ฉันชอบมาที่นี่เพื่อ ดื่มชาสดใหม่ทุกวัน#$b#มันเป็น พิธีเล็กๆของฉันน่ะ... #$b#เอ้อ... ให้ฉันอธิบายหน่อยนะ...$h\"/fade/viewport -1000 -1000/pause 1000/cutscene greenTea/pause 1000/viewport 5 8 true/pause 1000/speak Caroline \"ฉันหวังว่ามันจะ ฟังดูเข้าท่านะ... #$b#ชีวิตน่ะ วุ่นวายได้พอสมควรเลยล่ะ เพราะฉะนั้น การมีงานอดิเรกแบบนี้ มันก็เลยดีมากเลย\"/pause 150/showFrame Caroline 0/pause 200/speak Caroline \"เธอสามารถมาที่นี่แล้ว ทำตัวตามสบายได้ทุกเวลา ที่ต้องการเลยนะจ้ะ ไม่ต้องเกรงใจนะ เข้าใจมั้ย?\"/emote farmer 32/pause 1000/move farmer 0 4 2 true/fade/viewport -5000 1000/pause 1000/end warpOut"
    }
}
