{
    "header": {
        "target": "w",
        "formatVersion": 5,
        "hidef": true,
        "compressed": 128
    },
    "readers": [
        {
            "type": "Microsoft.Xna.Framework.Content.DictionaryReader`2[[System.String, mscorlib, Version=4.0.0.0, Culture=neutral, PublicKeyToken=b77a5c561934e089],[System.String, mscorlib, Version=4.0.0.0, Culture=neutral, PublicKeyToken=b77a5c561934e089]]",
            "version": 0
        },
        {
            "type": "Microsoft.Xna.Framework.Content.StringReader",
            "version": 0
        }
    ],
    "content": {
        "503180/f Pam 2250/A pamHouseUpgrade/A pamHouseUpgradeAnonymous/Hn pamHouseUpgrade": "shaneTheme/-1000 -1000/farmer 18 11 1 Pam 25 9 1/skippable/specificTemporarySprite pamYobaStatue/viewport 25 9 true/move farmer 6 0 1/move farmer 0 -1 1/faceDirection Pam 2/pause 300/speak Pam \"ว่าไง เจ้าหนู...\"/faceDirection Pam 1/pause 500/speak Pam \"เธอเห็นฉัน สวดมนต์แล้วสินะ...\"/pause 500/move farmer 3 0 0/move farmer 0 -1 3/pause 500/speak Pam \"นี่คือรูปปั้น 'สัญลักษณ์แห่งร่างทรง' ใหม่ของฉัน#$b#...สั่งมาจากโจจ้าดอทคอม มีโปรส่งฟรีในสองวันด้วยนะ อย่าไปบอกปิแอร์ล่ะ\"/pause 1000/faceDirection Pam 2/pause 400/faceDirection Pam 3/pause 500/faceDirection Pam 2/pause 500/faceDirection Pam 1/speak Pam \"...ฉันน่ะกำลังจัดของ เข้าบ้านใหม่อยู่ มันเป็นที่ที่ดีมากเลย รู้สึกเหมือนบ้าน เรียบร้อยแล้วเนี่ย ฉันซาบซึ้งกับ ความสะดวกสบายใหม่ นี่มากเลย$h\"/pause 500/faceDirection Pam 2/pause 1000/showFrame Pam 25/pause 1000/animate Pam false true 250 26 27/pause 400/emote farmer 8/pause 500/textAboveHead Pam \"โอ้ โทษที...\"/pause 1000/stopAnimation Pam/pause 950/speak Pam \"*ฟืด*... มันแค่...$s#$b#...ฉันควรจะ มีความสุขสุดๆ ไปเลย...$s\"/showFrame Pam 0/faceDirection Pam 1/speak Pam \"...แต่ฉันเลิกเหล้า ไม่ได้สักที... ฉันนี่จะเมื่อไหร่ ก็ยังเหมือนเดิม... $s\"/pause 500/emote farmer 28/pause 500/speak Pam \"ฉันรู้สึกมานานแล้วล่ะ... ฉันรู้สึกเหมือนว่า ชีวิตฉันมันขาดอะไรไป @...$s#$b#ฉันคิดมาตลอดว่า มันคือเงิน... แค่เพราะฉันจนน่ะ... เข้าใจมั้ย? เพราะงั้นฉันเลยคิดว่า พอได้บ้านหลังนี้มาแล้ว ปัญหาทุกอย่าง ก็คงหมดไป แต่... มันไม่ใช่น่ะสิ$s#$b#เพราะงั้นนั่น... นั่นเลยเป็นเหตุผลว่า ทำไมฉันสั่งซื้อรูปปั้นนี่มา \"/pause 1000/question fork0 \"พูดอะไรสักอย่างกับแพม:#ฉันดีใจนะ ที่เห็นคุณมีความหวัง#ขอโทษที่ต้องบอกนะแพม แต่โยบะน่ะไม่มีจริงหรอก... \"/fork positive/friendship Pam -1000/pause 500/speak Pam \"นั่นมันไม่ตลกเลยนะ! ...ฉันเปิดใจคุย เล่าทุกอย่างให้เธอฟังขนาดนี้ แล้วนี่คือวิธีที่เธอ ตอบกลับมาเหรอ? เธอเป็นบ้าอะไรเนี่ย?$u\"/faceDirection Pam 3/shake Pam 10000/emote Pam 12/pause 1000/speak Pam \"ฉันไม่สนใจหรอกนะ ว่าเธอจะว่ายังไง... ฉันมีศรัทธาในโยบะ! พวกเราเยอะแยะก็มี! เพราะงั้นออกไปเลยนะ $4\"/pause 1000/move farmer 0 1 3/move farmer -6 0 3 true/end",
        "positive": "pause 100/emote farmer 56/pause 500/speak Pam \"หวา! ดูฉันสิ! แก่แล้วเฟอะฟะสุดๆ ไปเลยใช่มั้ยล่ะ? ...ฮะฮะฮะ$h\"/pause 1000/move Pam 0 1 1/move Pam 2 0 0/faceDirection farmer 2/viewport move 1 0 7000/textAboveHead Pam \" ขอบใจที่นั่งฟังป้าแก่ๆบ่นนะ เจ้าหนู\"/pause 5000/end"
    }
}
