{
    "header": {
        "target": "w",
        "formatVersion": 5,
        "hidef": true,
        "compressed": 128
    },
    "readers": [
        {
            "type": "Microsoft.Xna.Framework.Content.DictionaryReader`2[[System.String, mscorlib, Version=4.0.0.0, Culture=neutral, PublicKeyToken=b77a5c561934e089],[System.String, mscorlib, Version=4.0.0.0, Culture=neutral, PublicKeyToken=b77a5c561934e089]]",
            "version": 0
        },
        {
            "type": "Microsoft.Xna.Framework.Content.StringReader",
            "version": 0
        }
    ],
    "content": {
        "35/f Penny 1000/p Penny": "50s/-1000 -1000/farmer -30 30 0 Penny 12 7 0 Pam -100 -100 0/skippable/specificTemporarySprite pennyMess/viewport 12 7 true/pause 1000/speak Penny \"อ๊า... สกปรกจริง ๆ เลยสิน่า..$s\"/pause 500/warp farmer 12 9/playSound doorClose/pause 500/faceDirection Penny 2/pause 500/emote Penny 16/pause 300/speak Penny \"@! เอ่อ... โทษทีนะ อาจจะรกไปหน่อย ฉัน ฉันจะทำความสะอาด มันแล้วล่ะ$u\"/pause 500/move farmer 0 -1 0/pause 600/emote Penny 32/pause 300/speak Penny \"เห? จะช่วยฉันเหรอ? มันจะดีเหรอ?$h\"/pause 500/faceDirection Penny 1/faceDirection farmer 1/speak Penny \"ก็ได้ งั้นคุณทำตรงนั้น แล้วกันนะ ฉันจะจัดการในครัวเอง\"/move farmer 2 0 1/move farmer 0 -2 1/move farmer 1 0 1/move Penny -1 0 0/animate Penny false true 100 24 25/animate farmer false true 100 35/pause 200/playSound dwop/removeSprite 16 6/pause 200/move Penny -1 0 0/animate Penny false true 100 24 25/stopAnimation farmer/faceDirection farmer 0/pause 1200/stopAnimation Penny/removeSprite 10 5/playSound dwop/move Penny -1 0 0/animate Penny false true 100 24 25/pause 900/animate farmer false true 100 41/pause 300/playSound dwop/removeSprite 15 5/stopAnimation farmer/pause 1400/stopAnimation Penny/move Penny 1 0 0/pause 800/warp Pam 12 9/playSound doorClose/stopMusic/move Pam 0 -1 0/faceDirection Penny 2/faceDirection farmer 3/faceDirection Pam 1/pause 500/faceDirection Pam 3/speak Pam \"นี่เธอทำอะไร ของเธอเนี่ย?!$u\"/faceDirection Pam 1/faceDirection Pam 3/faceDirection Pam 0/speak Pam \"นี่ อย่าสิ! ฉันชอบให้มันอยู่ แบบนั้น!$u\"/move Penny 2 0 2/pause 500/emote Penny 28/pause 500/speak Penny \"แม่ค่ะ แต่นี่มันรกมาก ๆ เลยนะ @ กับหนูกำลังช่วยกัน ทำความสะอาดอยู่#$b#*ฟุดฟิด* *ฟุดฟิด* ...นี่แม่ไปซาลูนมาเหรอ? ตัวแม่มีกลิ่นเบียร์ด้วย.... $s\"/pause 300/move Pam -1 0 3/emote Pam 12/pause 400/speak Pam \"ฉันจะไปไหน ก็ไม่เกี่ยวกับแกซักหน่อย อย่ามายุ่ง!$4\"/pause 500/speak Penny \"เกี่ยวสิคะ!  แม่กำลังทำร้าย ตัวเองอยู่นะ!$a#$b#ไม่ว่าแม่จะทำอะไร มันก็ลำบาก มาถึงหนูทั้งนั้น! เลิกเห็นแก่ตัวได้แล้ว! $a\"/faceDirection Pam 0/shake Pam 5000/pause 600/speak Pam \"เห็นแก่ตัว? ใครเป็นคนให้ที่ ซุกหัวนอนกับแกกันหะ ใครกันเป็นคนหา เสื้อผ้าให้แกใส่? เรียกฉันว่า เห็น-แก่-ตัว เหรอ!?  นังลูกเนรคุ--...$u\"/pause 500/emote farmer 28/pause 500/faceDirection Pam 1/faceDirection Penny 1/move farmer -2 0 2/move farmer 0 2 3/pause 500/speak Pam \"เธอควรจะไปได้แล้ว ฉัน.. ไม่อยากให้เธอ มาเห็นอะไรแบบนี้ หรอกนะ ขอโทษด้วย$4\"/pause 500/move farmer -1 0 2/move farmer 0 1 2/pause 500/faceDirection farmer 0/faceDirection Penny 2/pause 700/faceDirection farmer 2/pause 500/warp farmer -40 -40/playSound doorClose/pause 500/move Pam 0 -1 1/pause 300/faceDirection Penny 3/speak Pam \"เขาเป็น ผู้ชายที่ดีนะ...^เธอเป็น ผู้หญิงที่ดีนะ...\"/speak Pam \"แต่ฉันไม่ต้องการ ให้เธอเที่ยวให้คนอื่น มาทำความสะอาด บ้านของฉัน! มันน่าขายหน้า เข้าใจใช่ไหม?$4\"/pause 300/faceDirection Penny 2/pause 600/showFrame Penny 23/pause 700/speak Penny \"...ค่ะแม่ $s\"/pause 1000/mail PennyCleanTrailer/end warpOut",
        "36/f Penny 1500/p Penny": "musicboxsong/9 7/farmer -30 30 0 Penny 9 7 0/skippable/pause 1000/playSound doorClose/warp farmer 12 9/pause 400/faceDirection Penny 2/pause 300/speak Penny \"@ มาได้เวลาพอดีเลย!#$b#ฉันลองอาหารสูตรใหม่น่ะ ทำเสร็จพอดีเลย! $h\"/pause 400/move farmer 0 -2 3/faceDirection Penny 1/move farmer -2 0 3/speak Penny \"ขอไปจัดการต่อ แปปหนึ่งนะ\"/pause 200/faceDirection Penny 0/pause 200/animate Penny false true 120 29 30/playSound crafting/pause 320/playSound crafting/pause 320/playSound crafting/pause 320/playSound crafting/pause 320/stopAnimation Penny/pause 500/playSound openBox/showFrame Penny 29/pause 400/playSound furnace/showFrame Penny 30/pause 1500/playSound clank/faceDirection Penny 0/pause 500/faceDirection Penny 1 true/showFrame Penny 28/speak Penny \"นี่  ลองชิมดูหน่อยมั้ย\"/pause 800/faceDirection farmer 2/farmerEat 200/showFrame Penny 4/pause 2500/stopAnimation farmer/pause 500/playSound gulp/animate farmer false true 350 104 105/pause 500/specificTemporarySprite pennyCook/pause 1500/faceDirection farmer 2/pause 500/speak Penny \"$q 72 null#...เป็นไงบ้างคะ?#$r 72 50 event_cook1#(โกหก) อืมม! อร่อยมากเลย!#$r 73 -50 event_cook2#เอ่อ... ไม่กินต่อแล้วได้ไหม?#$r 73 0 event_cook3#รสชาติของมัน.. ไม่เหมือนอะไรที่ เคยกินมาเลย... ปรุงยังไงถึงออกมาแย่ ขนาดนี้เนี่ย? \"/pause 500/speak Penny \"$p 72#นี่ ยังไงคุณก็ได้เป็น คนองชิมคนแรก ฉันว่าจะตั้งชื่อมันว่า 'ชิลลิ เดอ @ $h|อ่าาา.. ก็ อาจจะมีอะไรผิดพลาดกับ.. ส่วนผสมล่ะมั้งคะ... $s\"/stopAnimation farmer/faceDirection farmer 3/pause 600/speak Penny \"อื้ม.. แล้ว.. สนใจจะดูหนัง หรือหาอะไรทำด้วยกัน รึเปล่าคะ?\"/pause 500/move farmer 5 0 0 true/move Penny 5 0 0 true/globalFade/viewport -1000 -1000/end dialogue Penny \"ยังไงก็  ขอบคุณที่ช่วยชิม ให้นะคะ$h\""
    }
}
