{
    "header": {
        "target": "w",
        "formatVersion": 5,
        "hidef": true,
        "compressed": 128
    },
    "readers": [
        {
            "type": "Microsoft.Xna.Framework.Content.DictionaryReader`2[[System.String, mscorlib, Version=4.0.0.0, Culture=neutral, PublicKeyToken=b77a5c561934e089],[System.String, mscorlib, Version=4.0.0.0, Culture=neutral, PublicKeyToken=b77a5c561934e089]]",
            "version": 0
        },
        {
            "type": "Microsoft.Xna.Framework.Content.StringReader",
            "version": 0
        }
    ],
    "content": {
        "112/n seenJunimoNote": "WizardSong/-1000 -1000/farmer 8 24 0 Wizard 10 15 2 Junimo -2000 -2000 2/skippable/addConversationTopic cc_Begin/showFrame Wizard 20/viewport 8 18 true/move farmer 0 -3 0/pause 2000/speak Wizard \"อ่า... เข้ามาสิ\"/pause 800/animate Wizard false false 100 20 21 22 0/playSound dwop/pause 1000/stopAnimation Wizard/move Wizard -2 0 3 false/move Wizard 0 2 2/pause 1500/speak Wizard \"ข้ามีนามว่า ราสโมเดียส... ผู้แสวงหาสัจธรรมแห่งมนตรา#$b#สื่อกลางระหว่าง สิ่งที่จับต้องได้และ สิ่งที่ไร้ตัวตน#$b#ผู้เชี่ยวชาญแห่ง ธาตุทั้งเจ็ด#$b#ผู้พิทักษ์แห่ง ห้องศักดิ์สิ-... เจ้าคงเข้าใจสินะ\"/pause 1000/move Wizard 0 1 2/speak Wizard \"และเจ้า... @ ผู้ที่ข้ามองเห็นถึงการมาถึง ไว้เนิ่นนานมาแล้ว\"/pause 1500/speak Wizard \"มานี่สิ ข้าอยากจะให้เจ้า ดูอะไรบางอย่าง \"/pause 500/faceDirection Wizard 1/playMusic none/pause 800/speak Wizard \"จับตาดูให้ดี!\"/playMusic clubloop/pause 1000/showFrame Wizard 19/playSound wand/screenFlash .8/warp Junimo 10 17/specificTemporarySprite junimoCage/pause 3000/shake Junimo 800/playSound junimoMeep1/pause 1000/shake Junimo 800/playSound junimoMeep1/pause 1000/faceDirection Wizard 1 true/showFrame Wizard 4/pause 2000/shake Junimo 800/playSound junimoMeep1/pause 1000/speak Wizard \"เจ้าเคยเห็นหนึ่งใน พวกเขามาก่อน แล้วใช่หรือไม่? \"/move Wizard 0 -1 1/pause 1000/shake Junimo 800/playSound junimoMeep1/pause 1000/speak Wizard \"พวกเขาเรียกตัวเองว่า 'จูนิโม่'...#$b#จิตวิญญาณลึกลับ แต่ว่าด้วยเหตุผล อะไรบางอย่าง ตนนี้.... ปฏิเสธที่จะคุยกับข้า \"/pause 1000/playSound dwop/faceDirection Wizard 2 true/showFrame Wizard 16/pause 500/playSound wand/screenFlash .8/warp Junimo -3000 -3000/specificTemporarySprite junimoCageGone/playMusic WizardSong/pause 1000/showFrame Wizard 0/pause 500/speak Wizard \"ข้าไม่ค่อยแน่ใจว่าทำไม พวกเขาถึงเข้าไปอยู่ ในศูนย์ชุมชน แต่เจ้า ไม่มีเหตุผลที่ต้องกลัว พวกเขาหรอกนะ\"/pause 1000/move farmer 0 -1 0/emote farmer 48/pause 1000/speak Wizard \"หืมม? เจ้าพบแผ่นป้ายสีทอง ที่เขียนด้วยภาษาแปลกๆ งั้นเหรอ?#$b#ช่างน่าสนใจจริงๆ...\"/move Wizard 0 1 2/speak Wizard \"รออยู่นี่ก่อน ข้าจะไปดูด้วยตัวเอง แล้วข้าจะรีบกลับมา\"/pause 1000/playSound shwip/faceDirection Wizard 3 true/pause 50/faceDirection Wizard 0 true/pause 50/faceDirection Wizard 1 true/pause 50/faceDirection Wizard 2 true/pause 50/showFrame Wizard 16/pause 500/playSound wand/warp Wizard -3000 -3000/specificTemporarySprite wizardWarp/pause 2000/faceDirection farmer 1/faceDirection farmer 3/faceDirection farmer 0/pause 2000/playSound dwop/faceDirection Wizard 0 true/faceDirection farmer 1 true/pause 50/faceDirection farmer 2/pause 1500/playSound doorClose/warp Wizard 8 24/faceDirection farmer 2 true/showFrame farmer 94/startJittering/move Wizard 0 -1 0/stopJittering/showFrame farmer 0/move Wizard 0 -2 0/speak Wizard \"ข้าเจอบันทึกนั่นแล้ว...\"/move Wizard -2 0 3/pause 800/speak Wizard \"ภาษาเลือนรางนัก แต่ข้าสามารถ ถอดรหัสออกมาได้:\"/pause 1000/message \"เรา เหล่าจูนิโม่ ยินดีที่จะช่วยเหลือท่าน ในทางกลับกัน เราขอของขวัญ แห่งหุบเขาแห่งนี้ เป็นการตอบแทน หากท่านเป็น หนึ่งเดียวกับป่าแล้ว ท่านก็จะเห็นลักษณะ ที่แท้จริงของแผ่นป้ายนี้ \"/pause 500/move Wizard 0 -2 3/faceDirection farmer 3 true/move Wizard -3 0 2/pause 1000/showFrame Wizard 18/emote Wizard 40/speak Wizard \"อืม... 'หนึ่งเดียวกับป่า'... พวกเขาหมายถึงอะไรกันนะ? \"/pause 1000/speak Wizard \"... *ฟุดฟิด* ... *ฟุดฟิด* ...\"/pause 1500/showFrame Wizard 0/jump Wizard/pause 800/speak Wizard \"อาฮ่า!$h\"/pause 800/faceDirection Wizard 1/speak Wizard \"มานี่!$h\"/pause 500/move farmer -2 0 0/move farmer 0 -1 3/move farmer -2 0 3/move Wizard -1 0 2/move farmer -1 0 2/pause 500/speak Wizard \"หม้อใหญ่ของข้า เต็มไปด้วยส่วนผสมจากป่า $h#$b#ต้นเฟิร์นอ่อน, ด้วงมอส, เห็ดพิษเคลือบคาราเมล... เจ้าได้กลิ่นไหม?$h\"/pause 500/showFrame Wizard 18/showFrame 96/pause 1000/speak Wizard \"นี่ ลองดื่มดูสิ ให้สารสกัดแห่งป่า เหล่านี้แทรกซึม ไปทั่วกายเจ้า $h\"/pause 800/emote farmer 28/showFrame Wizard 19/pause 800/showFrame farmer 90/pause 1000/farmerEat 184/pause 4000/playSound gulp/animate farmer false true 350 104 105/pause 4000/specificTemporarySprite farmerForestVision/pause 7000/pause 19500/globalFade .008/specificTemporarySprite junimoCageGone2/viewport -1000 -1000/playMusic none/pause 2000/playSound reward/pause 300/message \"เจ้าได้รับพลัง เวทมนตร์แห่งป่าแล้ว ตอนนี้เจ้าสามารถถอดรหัส ความหมายที่แท้จริง ของแผ่นป้ายของ จูนิโม่ได้แล้วล่ะ\"/end warpOut",
        "418172/n hasPickedUpMagicInk": "WizardSong/2 14/farmer 3 14 3 Wizard 1 14 1/skippable/pause 1000/speak Wizard \"เจ้าพบน้ำหมึก ของข้าแล้วเหรอ! เยี่ยมไปเลย\"/move Wizard 1 0 1/pause 1000/speak Wizard \"อ่า...\"/faceDirection Wizard 2/pause 500/showFrame Wizard 18/pause 500/speak Wizard \"นี่เจ้า... ไม่ได้บังเอิญเจออดีตภรรยา ข้าหรอกใช่มั้ย#$b#ไม่เหรอ? แล้วบ้านของเธอล่ะ...?#$b#เจ้าคิดว่า เธออยู่คนเดียวหรือเปล่า? หรือว่า... $h\"/pause 500/showFrame Wizard 0/emote Wizard 12/pause 500/faceDirection Wizard 3/pause 500/speak Wizard \"...อันที่จริง ไม่ต้องบอกข้าหรอก... ข้าไม่อยากรู้\"/pause 500/pause 500/faceDirection Wizard 2/pause 500/speak Wizard \"ว่าแต่... เจ้าคงจะสงสัยเกี่ยวกับ รางวัลของเจ้าสินะ นี่...\"/move Wizard -1 0 1/pause 800/faceDirection Wizard 2/pause 1000/showFrame Wizard 16/pause 800/specificTemporarySprite arcaneBook/playSound fireball/shake Wizard 500/pause 4000/faceDirection farmer 0/faceDirection Wizard 1/faceDirection Wizard 0/pause 500/speak Wizard \"นี่เป็นตำราอัญเชิญ#$b#พลังเวทมนตร์ เข้มข้นมาก... แต่ข้าจะสรุปให้ฟังง่ายๆ แล้วกัน#$b#เมื่อใช้ตำราเล่มนี้ เจ้าจะสามารถอัญเชิญ สิ่งก่อสร้างวิเศษ มาตั้งในฟาร์มของเจ้าได้#$b# ข้าคิดว่าเจ้าจะพบว่า มันมีประโยชน์นะ\"/pause 500/faceDirection farmer 3/faceDirection Wizard 1/speak Wizard \"โอ้ เกือบลืมพูดไป... *อะแฮ่ม* ...ขอบคุณ\"/pause 1000/emote farmer 32/pause 800/end"
    }
}
