{
    "header": {
        "target": "w",
        "formatVersion": 5,
        "hidef": true,
        "compressed": 128
    },
    "readers": [
        {
            "type": "Microsoft.Xna.Framework.Content.DictionaryReader`2[[System.String, mscorlib, Version=4.0.0.0, Culture=neutral, PublicKeyToken=b77a5c561934e089],[System.String, mscorlib, Version=4.0.0.0, Culture=neutral, PublicKeyToken=b77a5c561934e089]]",
            "version": 0
        },
        {
            "type": "Microsoft.Xna.Framework.Content.StringReader",
            "version": 0
        }
    ],
    "content": {
        "2123343/e 2111294/t 2200 2540/w sunny/F/D Emily": "nightTime/-1000 -1000/farmer 29 14 3 Emily 26 14 1/skippable/specificTemporarySprite EmilyCamping/viewport 27 12 true/pause 5000/faceDirection Emily 2/pause 1000/faceDirection Emily 3/pause 1500/faceDirection Emily 2 true/pause 50/faceDirection Emily 1/pause 1000/speak Emily \"เอาล่ะ นี่มันสนุกจริงๆ ใช่ไหม?\"/pause 500/faceDirection farmer 2/pause 500/faceDirection Emily 2/pause 1000/speak Emily \"จริงๆ แล้วน่ะ ออกจะน่ากลัวมากกว่า...$u\"/pause 1000/playSound grunt/pause 800/faceDirection Emily 0/emote Emily 8/pause 500/faceDirection farmer 0/move Emily 0 -1 1/move Emily 1 0 2/faceDirection farmer 3/move farmer 0 -1 3/move farmer -1 0 2/pause 2000/shake Emily 2000/pause 1500/speak Emily \"หึย... ข้างนอกนี่หนาวจังเลย... $4\"/pause 1000/faceDirection Emily 1/pause 500/faceDirection Emily 2/pause 500/animate Emily false true 250 52 53/pause 250/playSound dwop/positionOffset Emily 4 0/pause 250/pause 250/playSound dwop/positionOffset Emily 4 0/pause 250/pause 250/playSound dwop/positionOffset Emily 4 0/pause 250/pause 250/playSound dwop/positionOffset Emily 4 0/pause 250/pause 250/playSound dwop/positionOffset Emily 4 0/pause 250/pause 250/playSound dwop/positionOffset Emily 4 0/pause 250/pause 250/playSound dwop/positionOffset Emily 4 0/pause 250/pause 250/playSound dwop/positionOffset Emily 4 0/pause 250/stopAnimation Emily/pause 3000/showFrame Emily 55/pause 1000/eyes 1 -8500/pause 2000/emote farmer 32/pause 500/pause 1000/playSound leafrustle/pause 2000/addTemporaryActor Bear 32 32 23 4 2 true character/playSound leafrustle/pause 1000/move Bear 0 7 2/pause 1000/animate Bear false true 500 16 17/pause 500/playSound rabbit/pause 1000/playSound rabbit/pause 500/stopAnimation Bear/pause 1000/shake Bear 1000/playSound grunt/faceDirection farmer 3 true/faceDirection Emily 3 true/pause 1200/showFrame Emily 26/showFrame farmer 0/faceDirection farmer 2 true/showFrame farmer 94/jump Emily/jump farmer/pause 100/positionOffset Emily -4 0/pause 100/positionOffset Emily -4 0/pause 100/positionOffset Emily -4 0/pause 100/positionOffset Emily -4 0/pause 100/positionOffset Emily -4 0/pause 100/jump Bear/positionOffset Emily -4 0/pause 400/speed Emily 4/speed farmer 4/move Emily 0 -1 0/warp Emily -1000 -1000/playSound Ship/move farmer 0 -1 0/warp farmer -1000 -1000/playSound Ship/specificTemporarySprite shakeTent/pause 1000/specificTemporarySprite stopShakeTent/pause 1000/move Bear 0 1 2/pause 500/animate Bear false true 500 16 17/pause 500/playSound rabbit/pause 1000/playSound rabbit/pause 500/stopAnimation Bear/pause 500/faceDirection Bear 1/pause 1000/playSound grunt/shake Bear 500/pause 700/move Bear -4 0 2/move Bear 0 3 2/move Bear -3 0 3/warp Bear -1000 -1000/playSound leafrustle/pause 1000/speak Emily \"หมี! ฉันหวังว่ามันจะไม่หิวนะ... $6\"/pause 1000/specificTemporarySprite shakeTent/playSound grassyStep/pause 500/specificTemporarySprite stopShakeTent/pause 500/specificTemporarySprite shakeTent/playSound grassyStep/pause 500/specificTemporarySprite stopShakeTent/pause 500/speak Emily \"โอ้... ถุงนอนอีกใบ ยังอยู่ข้างนอกนั่น... $u#$b#ฉันไม่มีทางจะ กลับออกไปแน่นอน! $6\"/pause 2000/speak Emily \"หืม.. @? เธอไม่คิดมาก เรื่องให้ฉันใช้ถุงนอน ของเธอด้วยคน ใช่มั้ย? $4\"/pause 2000/specificTemporarySprite shakeTent/playSound grassyStep/pause 500/specificTemporarySprite stopShakeTent/pause 500/specificTemporarySprite shakeTent/playSound grassyStep/pause 500/specificTemporarySprite stopShakeTent/pause 500/specificTemporarySprite shakeTent/playSound grassyStep/pause 500/specificTemporarySprite stopShakeTent/pause 1200/specificTemporarySprite shakeTent/playSound grassyStep/pause 500/specificTemporarySprite stopShakeTent/pause 1000/playSound woodyHit/pause 3500/globalFade/viewport -2000 -2000/pause 1000/mail EmilyDoneCamping/end newDay",
        "2120303/S 23/i 724/t 600 1900": "nightTime/-1000 -1000/farmer 25 17 3/removeQuest 29/removeItem 724/skippable/addTemporaryActor Bear 32 32 11 17 2 true character/faceDirection Bear 1/viewport 11 17 clamp true/move farmer -6 0 3/pause 1000/startJittering/emote farmer 28/pause 1000/stopJittering/pause 500/animate Bear false true 500 16 17/pause 500/playSound rabbit/pause 1000/playSound rabbit/pause 500/stopAnimation Bear/speak Bear \"กลิ่นนั้น... เข้ามาใกล้ๆ สิ...$2\"/pause 1000/move farmer -5 0 3/pause 1000/faceDirection Bear 2/pause 1000/speak Bear \"หืม... มันก็ไม่ได้บ่อยนะ ที่ข้าได้คุยกับมนุษย์ ดูเหมือนเจ้าจะมี 'เวทมนตร์แห่งป่า' อยู่บ้างในตัวนะ...$3\"/pause 100/jump Bear/pause 1000/faceDirection Bear 1/speak Bear \"เอาล่ะ... เกี่ยวกับบันทึกนั่นของข้า... เจ้าเอาของดีมาหรือเปล่า? \"/pause 1000/animate farmer true true 100 35/playSound coin/addObject 13 17 724/pause 500/animate Bear false true 500 16 17/pause 500/stopAnimation farmer/playSound rabbit/pause 1000/playSound rabbit/pause 500/stopAnimation Bear/shake Bear 2000/pause 500/removeTemporarySprites/speak Bear \"โฮววววววว... กลิ่นนั่น... นั่นมันหวานหอมจริงๆ!$h#$b#...มันเป็นซอสโปรด ของข้าเลย...  มันทำให้ข้า มีความสุขมาก$h\"/pause 1000/emote Bear 20/animate Bear false true 200 4 5 6 7/pause 50/positionOffset Bear 4 0/pause 100/positionOffset Bear 4 0/pause 100/positionOffset Bear 4 0/pause 100/positionOffset Bear 4 0/pause 100/positionOffset Bear 4 0/pause 100/positionOffset Bear 4 0/pause 100/positionOffset Bear 4 0/pause 100/positionOffset Bear 4 0/pause 100/positionOffset Bear 4 0/pause 100/positionOffset Bear 4 0/pause 100/positionOffset Bear 4 0/pause 100/positionOffset Bear 4 0/pause 100/positionOffset Bear 4 0/pause 100/positionOffset Bear 4 0/pause 100/positionOffset Bear 4 0/pause 100/positionOffset Bear 4 0/stopAnimation Bear/pause 500/playSound dwop/animate farmer true true 100 6/pause 100/positionOffset farmer 2 0/playSound dwop/animate farmer true true 100 7/pause 100/positionOffset farmer 2 0/playSound dwop/animate farmer true true 100 6/pause 100/positionOffset farmer 2 0/playSound dwop/animate farmer true true 100 7/pause 100/positionOffset farmer 2 0/playSound dwop/animate farmer true true 100 6/pause 100/positionOffset farmer 2 0/playSound dwop/animate farmer true true 100 7/pause 100/positionOffset farmer 2 0/playSound dwop/animate farmer true true 100 6/pause 100/positionOffset farmer 2 0/playSound dwop/animate farmer true true 100 7/pause 100/positionOffset farmer 2 0/stopAnimation farmer/pause 1000/speak Bear \"...เจ้าได้เพื่อนเพิ่มนะวันนี้ @\"/pause 1000/animate Bear false true 200 4 5 6 7/pause 50/positionOffset Bear 4 0/pause 100/positionOffset Bear 4 0/pause 100/positionOffset Bear 4 0/pause 100/positionOffset Bear 4 0/pause 100/positionOffset Bear 4 0/pause 100/positionOffset Bear 4 0/pause 100/positionOffset Bear 4 0/stopAnimation Bear/pause 250/playSound dwop/animate farmer true true 100 6/pause 100/positionOffset farmer 2 0/playSound dwop/animate farmer true true 100 7/pause 100/positionOffset farmer 2 0/playSound dwop/animate farmer true true 100 6/pause 100/positionOffset farmer 2 0/playSound dwop/animate farmer true true 100 7/pause 100/positionOffset farmer 2 0/playSound dwop/animate farmer true true 100 6/pause 100/positionOffset farmer 2 0/playSound dwop/animate farmer true true 100 7/pause 100/positionOffset farmer 2 0/playSound dwop/animate farmer true true 100 6/pause 100/positionOffset farmer 2 0/playSound dwop/animate farmer true true 100 7/pause 100/positionOffset farmer 2 0/stopAnimation farmer/pause 1000/speak Bear \"ข้ามีบางอย่างพิเศษ ที่อยากจะให้เจ้าดู...\"/pause 500/animate Bear false true 400 8 9 10 11/pause 400/playSound grassyStep/pause 400/playSound grassyStep/pause 400/playSound grassyStep/pause 400/playSound grassyStep/pause 400/playSound grassyStep/pause 400/playSound grassyStep/pause 400/playSound grassyStep/pause 400/playSound grassyStep/pause 400/stopAnimation Bear/fade/viewport -1000 -1000/pause 2000/message \"หมีได้เดินจากคุณไป และทิ้งความรู้ ที่แสนพิเศษ เฉพาะตัวไว้ให้คุณ... \"/pause 1000/playSound reward/message \"ซัลมอนเบอร์รี่ (Salmonberries) และแบล็กเบอร์รี่ (Blackberries) จะมีมูลค่าแพงขึ้น 3 เท่า!\"/end"
    }
}
