{
    "header": {
        "target": "w",
        "formatVersion": 5,
        "hidef": true,
        "compressed": 128
    },
    "readers": [
        {
            "type": "Microsoft.Xna.Framework.Content.DictionaryReader`2[[System.String, mscorlib, Version=4.0.0.0, Culture=neutral, PublicKeyToken=b77a5c561934e089],[System.String, mscorlib, Version=4.0.0.0, Culture=neutral, PublicKeyToken=b77a5c561934e089]]",
            "version": 0
        },
        {
            "type": "Microsoft.Xna.Framework.Content.StringReader",
            "version": 0
        }
    ],
    "content": {
        "6": "Sat",
        "name": "Saturday Spotlight",
        "intro": "0/สวัสดีผู้ชมทุกท่าน ทุกสัปดาห์ฉันได้ไปเที่ยว ยังเมืองต่าง ๆ และพบผู้คนมากมาย ที่ใช้ชีวิตแตกต่างกันไป พวกเราจะทำการขยายมุมมอง และเรียนรู้อาชีพพิเศษ วิถีชีวิต และทัศนวิสัยไปด้วยกันกับฉัน ทอม ลามินาร์ และผู้ที่กำลังรับชมรายการ 'แซทเทอร์เดย์ สปอตไลท์ (Saturday Spotlight)' อยู่",
        "day": "Sat"
    }
}
