{
    "header": {
        "target": "w",
        "formatVersion": 5,
        "hidef": true,
        "compressed": 128
    },
    "readers": [
        {
            "type": "Microsoft.Xna.Framework.Content.DictionaryReader`2[[System.String, mscorlib, Version=4.0.0.0, Culture=neutral, PublicKeyToken=b77a5c561934e089],[System.String, mscorlib, Version=4.0.0.0, Culture=neutral, PublicKeyToken=b77a5c561934e089]]",
            "version": 0
        },
        {
            "type": "Microsoft.Xna.Framework.Content.StringReader",
            "version": 0
        }
    ],
    "content": {
        "spring13": "เทศกาลไข่อีสเตอร์",
        "spring24": "เทศกาลดอกไม้",
        "summer11": "ลัวร์",
        "summer28": "ระบำแมงกะพรุงแสงจันทร์",
        "fall16": "เทศกาลแสดงสินค้า",
        "fall27": "งานภูติ",
        "winter8": "เทศกาลน้ำแข็ง",
        "winter25": "เทศกาลแห่งดวงดาวฤดูหนาว"
    }
}
