{
    "header": {
        "target": "w",
        "formatVersion": 5,
        "hidef": true,
        "compressed": 128
    },
    "readers": [
        {
            "type": "Microsoft.Xna.Framework.Content.DictionaryReader`2[[System.String, mscorlib, Version=4.0.0.0, Culture=neutral, PublicKeyToken=b77a5c561934e089],[System.String, mscorlib, Version=4.0.0.0, Culture=neutral, PublicKeyToken=b77a5c561934e089]]",
            "version": 0
        },
        {
            "type": "Microsoft.Xna.Framework.Content.StringReader",
            "version": 0
        }
    ],
    "content": {
        "name": "Egg Festival",
        "conditions": "Town/900 1400",
        "shop": "BO 36 400 -1 BO 107 2000 1 O 745 100 -1 BO 184 350 -1 BO 188 350 -1",
        "set-up": "fallFest/27 60/farmer 12 54 1/changeToTemporaryMap Town-EggFestival/loadActors Set-Up/advancedMove Vincent true -2 0 0 -2 2 0 0 2/advancedMove Jas true 2 0 0 2 -2 0 0 -2/advancedMove Pam true 0 -1 3 5000 0 2 3 5000 0 -1 3 4000/advancedMove Clint true 1 7000 0 1 3 7000 0 -1/advancedMove Demetrius true 2 15000 -3 0 0 8 3 20000 0 -8 3 0/advancedMove Willy true 2 25000 -4 0 0 -12 4 0 0 -1 4 30000 0 1 -4 0 0 12 4 0/advancedMove Shane true 4 40000 2 0 0 2 1 35000 0 -2 -2 0/advancedMove Harvey true 0 6 -6 0 0 9 -3 0 3 15000 3 0 0 3 18 0 0 -8 1 0 0 -11 -13 0 0 1 2 30000/playerControl eggFestival",
        "afterEggHunt": "pause 100/playSound whistle/waitForOtherPlayers endContest/pause 1000/globalFade/viewport -1000 -1000/playMusic event1/loadActors MainEvent/warp farmer1 27 69 /warp farmer2 26 67/warp farmer3 32 67/warp farmer4 28 71/faceDirection farmer1 0/faceDirection farmer2 1/faceDirection farmer3 3/faceDirection farmer4 0/pause 1000/viewport 27 67 true/pause 2000/speak Lewis \"ว้าวดูไข่พวกนี้สิ!$h#$b#ฉันไม่คิดว่า เธอจะหามาได้มากขนาดนี้ เราเตรียมไว้จนถึงบริเวณ ก่อนเข้าเขตทะเลเลยนะ! *คิกๆ*$h\"/pause 800/playMusic none/speak Lewis \"และแล้ว ผู้ชนะเลิศในปีนี้ได้แก่...\"/playMusic none/pause 3000/cutscene eggHuntWinner/null/playMusic event1/pause 500/fork AbbyWin/move Lewis 0 1 2/speak Lewis \"นี่รางวัลของเธอ! รับไปเลย\"/awardFestivalPrize/null/move Lewis 0 -1 0/speak Lewis \"นี่ก็จบไปแล้วสำหรับ เทศกาลไข่ปีนี้ ขอขอบคุณ ทุกคนที่มาร่วมงาน!\"/pause 600/viewport move 1 0 5000/pause 2000/globalFade/viewport -1000 -1000/waitForOtherPlayers festivalEnd/end",
        "AbbyWin": "pause 100/jump Abigail/faceDirection Vincent 3/pause 800/move Abigail 0 -1 0/faceDirection Vincent 0/speak Lewis \"นี่รางวัลของเธอ Abigail รับไปเลย!\"/pause 500/move Abigail 0 -1 0/playSound coin/pause 400/move Abigail 0 2 0/faceDirection Lewis 0/speak Lewis \"นี่ก็จบไปแล้วสำหรับ เทศกาลไข่ปีนี้ ขอขอบคุณ ทุกคนที่มาร่วมงาน!\"/pause 1000/viewport move 1 -1 5000/pause 2000/globalFade/viewport -1000 -1000/waitForOtherPlayers festivalEnd/end",
        "mainEvent": "pause 500/playMusic none/pause 500/globalFade/viewport -1000 -1000/loadActors MainEvent/warp farmer1 27 69 /warp farmer2 27 67/warp farmer3 32 67/warp farmer4 28 71/faceDirection farmer1 0/faceDirection farmer2 1/faceDirection farmer3 3/faceDirection farmer4 0/pause 1000/viewport 27 67 true unfreeze/pause 2000/speak Lewis \"ตอนนี้ถึงเวลาเด็ด ของเทศกาลไข่นี่แล้ว... การล่าไข่!$h\"/pause 100/jump Jas/jump Vincent/pause 1000/speak Lewis \"ใจเย็นๆเด็กๆ เธอต้องใช้พลังงาน ในการค้นหาไข่ ที่ซ่อนอยู่ให้มากที่สุด เพื่อที่จะได้รางวัล กลับบ้านเป็นที่ระลึก\"/pause 100/faceDirection Vincent 3 true/faceDirection Jas 1 true/pause 1000/faceDirection Vincent 0 true/faceDirection Jas 0 /pause 800/faceDirection Lewis 3/faceDirection Lewis 2/faceDirection Lewis 1/faceDirection Lewis 2/pause 800/speak Lewis \"ตอนนี้... ทุกคนพร้อมกันหรือยัง?\"/pause 1000/waitForOtherPlayers startContest/jump Lewis/pause 1000/speak Lewis \"เริ่มการค้นหาไข่ได้!$h\"/advancedMove Maru false -2 0 0 6 -9 0 0 -2 -9 0 0 -1 2 0 0 -12 6 0 0 -7 3 0/advancedMove Abigail false 0 21 -20 0 0 3 7 0 0 -15 -9 0 9 0 0 18/advancedMove Jas false 0 12 8 0 0 10 3 0 0 4 14 0 0 -20 -6 0 0 3/advancedMove Sam false 4 0 0 -4 2 0 0 -4 12 0 0 -6 19 0 0 20 0 -20 0 20/advancedMove Vincent false 0 3 24 0 0 21 9 0 0 4 -20 0 20 0 -20 0/playSound whistle/playMusic tickTock/playerControl eggHunt",
        "Abigail_spouse": "ไปให้พ้น! เราเป็นคู่แข่งกัน จนกว่ากิจกรรมล่าไข่จะจบลง!$h",
        "Leah_spouse": "ฉันไม่มีเพื่อนมากนักในเมือง ฉันเลยเบื่อกิจกรรมพวกนี้ แต่ถึงอย่างนั้น ฉันก็ชอบบุฟเฟ่ต์ในงานนี้นะ",
        "Maru_spouse": "ฉันกำลังพยายามตามจับตัวเพนนีอยู่ เธอมีไข่ไปรวมกับพวกเขา หรือปล่าวล่ะ?",
        "Penny_spouse": "มารุพยายามโน้มน้าวฉัน ให้ลองกินไข่ปีศาจ ฉันไม่แน่ใจว่าท้องฉัน จะย่อยมันได้...",
        "Haley_spouse": "ฉันกำลังไปลองกินเมนูไข่ อะไรซักอย่างนึง แต่ฉันก็นึกได้ว่า ฤดูใบไม้ผลิ ฉันลดความอ้วนอยู่นี่นา",
        "Sebastian_spouse": "ฉันจะเอาใจช่วยเธอ ในกิจกรรมล่าไข่นะ$h",
        "Sam_spouse": "เดอะแกงค์ ยังเป็นเหมือนเดิมตลอดไป แล้วเธอกำลังมีความสุขรึปล่าว?",
        "Alex_spouse": "โอ้ยยย... ฉันคิดว่า ฉันกินไข่ต้มมากเกินไปนะ...$s",
        "Harvey_spouse": "ทุกคนเป็นยังไงบ้าง? ฉันแค่นั่งพัก ให้หายเหนื่อยซักแปปน่ะ ฉันหวังว่าจะเห็นเธอ ในกิจกรรมล่าไข่นะ!",
        "Elliott_spouse": "ฉันพอใจมาก ที่เห็นคุณได้ผ่อนคลาย ที่รัก$h",
        "Abigail": "การค้นหาไข่เนี่ย ก็เหมือนการล่าสมบัติแหละ$h",
        "Robin": "ฤดูใบไม้ผลิเป็นช่วงเวลา ที่ไม่มีเวลาว่าง... ดังนั้นควรมีวันหยุด มาสังสรรค์กับเพื่อนๆ บ้าง",
        "Demetrius": "ไข่... มันจะไม่แปลกเหรอ ที่จะเอามากิน",
        "Maru": "ฉันตั้งตารอ เทศกาลครั้งนี้เลยล่ะ... มันทำให้ชาวบ้าน ได้พบปะสังสรรค์กัน",
        "Sebastian": "พวกเราจะลองเอาไข่เน่า มาโยนเล่นกัน...#$b#แต่ นายกเทศมนตรีเลวิสก็รีบมาห้ามเลย",
        "Linus": "ไม่มีใครพูดกับฉันเลย.. ฉันมาเพื่อ ไข่ปีศาจเท่านั้นแหละ",
        "Pierre": "เฮ้! มาแถวนี้ ทำไม$u#$b#อย่าจับอะไร เด็ดขาดล่ะ",
        "Caroline": "แอ็บบี้ชอบเทศกาล ล่าไข่นี้มากเลย ตั้งแต่เธอยังเป็น เด็กตัวเล็กๆ",
        "Alex": "ฉันพยายามกินไข่ ทุกวันอย่างน้อยวันละ 3 ฟอง#$e#ฉันต้องการโปรตีน เพื่อขาของฉัน",
        "George": "ทุกคนมีความสุขอะไรกันนักหนา? หืมมม..#$b#ไข่... ไข่ทำไมหรอ?",
        "Evelyn": "เทศกาลนี้เป็น ประเพณีที่สืบต่อกัน มานานตั้งแต่ฉัน จำความได้#$b#ประเพณี ได้เชื่อมต่อ ระหว่างอดีต มาจนถึงปัจจุบัน... ช่างทำให้มี ความสุขดีจัง",
        "Lewis": "ขอให้สนุกนะ @?$h",
        "Clint": "มีอาหารเพิ่มอีกไหม?$s",
        "Penny": "เด็กๆตั้งตารอ เทศกาลนี้มาทั้ง สัปดาห์เลย",
        "Pam": "เฮะๆ... ฉันลองใส่อะไรดีๆ ลงไปในน้ำพันช์ ด้วยล่ะ$h#$e#จุ๊ๆ... เป็นความลับระหว่างเรา นะ เจ้าเด็กน้อย",
        "Emily": "ฉันทาสีไข่ มาตั้งแต่เช้าแล้วล่ะ... มันเป็นสิ่งที่ฉันชอบ ที่สุดในเทศกาลนี้เลย$h",
        "Haley": "เทศกาลนี้ก็ดีอยู่หรอก... แต่ฉันตั้งตารอเทศกาลดอกไม้มากกว่า",
        "Jodi": "วินเซนท์ชอบเทศกาลนี้มาก... ฉันรู้สึกดี ที่เห็นเขามีความสุข",
        "Kent": "จริงๆฉันไม่ค่อยชอบ ไข่เท่าไหร่",
        "Marlon": "ถึงขาฉันจะไม่ดี แต่ฉันก็ไม่เคยพลาด งานเทศกาลซักครั้ง",
        "Sam": "*ฟุตฟิดๆ*... เอ่อ... ฉันเป็น... ภูมิแพ้...$s",
        "Leah": "อืมมมม... น้ำพันช์นี่อร่อยเหาะไปเลย$h",
        "Shane": "เหล่าแม่ไก่ของเรา ทำงานหนักเพื่อ เทศกาลนี้#$b#พวกมันสมควร จะได้รางวัล... จัดไป ข้าวโพดเหลือง เต็มจาน!$h",
        "Marnie": "ยินดีต้อนรับ สู่เทศกาลไข่... เติมเต็มไปด้วยไข่ จากแม่ไก่ของฉัน",
        "Elliott": "การพักงานบ้าง จะทำให้เธอทำงาน ได้ดีกว่าใน ระยะยาว",
        "Gus": "หวังว่าทุกคน คงจะชอบอาหาร... ฉันทำมาทั้งวัน เพื่อวันนี้เลย#$b#ไข่ทอด, ไข่ต้ม, ไข่คน, ไข่ปีศาจ, ไข่กวน, ไข่ช็อกโกแลต... เธอเชื่อมั้ย!$h",
        "Dwarf": "เจ้าว่ามีฝนตก งั้นเหรอ? *เฮือก*#$e#ฝน... บางทีอาจเป็น ตำนานสำหรับ พวกเราเลย พวกเราบางคน อาศัยมาโดยไม่เคย เจอเรื่องแบบนี้ มาก่อน",
        "Wizard": "หืม... แล้วไข่กิ้งก่าที่ โรยด้วย กระดูกสีดำล่ะ",
        "Harvey": "ไข่เป็นสุดยอดอาหาร ที่เหมาะแก่การ ควบคุมอาหารเลย #$e#อุ๊บ... ผมคงต้องหยุด ทำตัวเป็นหมอ สักวันแล้วล่ะ$11",
        "Sandy": "ฉันได้ยินว่า มีฝนตก อยู่ที่บ้าน แล้วทำไม ยังอยู่นี่อีกล่ะ?$h#$e#จริงๆ ฉันก็คิดถึงฝน เหมือนกันนะ...$s",
        "Jas": "หนูหวังว่า หนูจะหาไข่ได้ ก่อนที่วินเซนท์จะเอาไปทั้งหมด....$s",
        "Vincent": "เมื่อไหร่การล่าไข่ถึงจะเริ่ม?! ผมรู้สึกตื่นเต้นมาก!!$h",
        "Willy": "บางครั้งฉันซ่อนไข่ ดีเกินไปจนไม่มี ใครหาเจอเลย...#$b#ก็นะ นานไปจนถึงหน้าร้อน เลยแหละ หลังจากอากาศ ร้อนขึ้นมาก็จะเริ่ม ได้กลิ่นไข่เน่า มาเลยล่ะ แฮะๆ$h",
        "???": "อ่า น้ำในท่อระบายน้ำวันนี้ ไหลอย่างรวดเร็ว วันนี้คงจะชุ่มชื้นน่าดู... ฉันชอบอากาศ อย่างนี้แหละ"
    }
}
