{
    "header": {
        "target": "w",
        "formatVersion": 5,
        "hidef": true,
        "compressed": 128
    },
    "readers": [
        {
            "type": "Microsoft.Xna.Framework.Content.DictionaryReader`2[[System.String, mscorlib, Version=4.0.0.0, Culture=neutral, PublicKeyToken=b77a5c561934e089],[System.String, mscorlib, Version=4.0.0.0, Culture=neutral, PublicKeyToken=b77a5c561934e089]]",
            "version": 0
        },
        {
            "type": "Microsoft.Xna.Framework.Content.StringReader",
            "version": 0
        }
    ],
    "content": {
        "name": "Flower Dance",
        "conditions": "Forest/900 1400",
        "shop": "BO 48 350 -1 BO 192 350 -1 BO 204 350 -1 BO 108 250 -1 BBL 108 1000 1 O 18 50 10 O 22 50 10 BO 137 2500 1",
        "set-up": "event1/22 22/farmer 76 17 1/changeToTemporaryMap Forest-FlowerFestival/loadActors Set-Up/advancedMove Vincent true -6 0 0 -1 6 0 0 1/advancedMove Jas true 1 0 0 1 -6 0 0 -1 5 0/advancedMove Pam true 2 25000 0 -3 4 0 4 25000 -4 0 0 3/advancedMove Haley true 0 1 2 3000 2 0 0 -1 -2 0 3 500 4 500 1 500 2 500 2 0 1 500 2 500 3 500 4 500 0 2 0 -2 -2 0/advancedMove Caroline true 7 0 0 1 1 18000 0 -1 -7 0 3 18000/advancedMove Willy true 2 25000 -4 0 0 -12 4 0 0 -1 4 30000 0 1 -4 0 0 12 4 0/playerControl flowerFestival",
        "mainEvent": "pause 500/playMusic none/pause 500/globalFade/viewport -1000 -1000/loadActors MainEvent/warp farmer1 5 21/warp farmer2 11 21/warp farmer3 23 21/warp farmer4 12 21/faceDirection farmer1 2/faceDirection farmer3 2/faceDirection farmer4 2/faceDirection farmer 2/warp Girl1 13 24/warp Girl2 15 24/warp Girl3 11 24/warp Girl4 9 24/warp Girl5 17 24/warp Girl6 19 24/warp Guy1 13 27/warp Guy2 15 27/warp Guy3 11 27/warp Guy4 9 27/warp Guy5 17 27/warp Guy6 19 27/showFrame Girl1 40/showFrame Girl3 40/showFrame Girl5 40/showFrame Girl4 40/showFrame Girl2 40/showFrame Girl6 40/showFrame Guy6 44/showFrame Guy5 44/showFrame Guy4 44/showFrame Guy3 44/showFrame Guy2 44/showFrame Guy1 44/viewport 14 25 clamp true/pause 2000/playMusic FlowerDance/pause 600/animate Girl1 false true 600 43 41 43 42/animate Girl6 false true 600 43 41 43 42/animate Girl3 false true 600 43 41 43 42/animate Girl5 false true 600 43 41 43 42/animate Girl4 false true 600 43 41 43 42/animate Girl2 false true 600 43 41 43 42/animate Guy5 false true 600 44 45/animate Guy6 false true 600 44 45/animate Guy3 false true 600 44 45/animate Guy2 false true 600 44 45/animate Guy4 false true 600 44 45/animate Guy1 false true 600 44 45/pause 9600/animate Girl1 false true 600 46 47/animate Girl6 false true 600 46 47/animate Girl3 false true 600 46 47/animate Girl5 false true 600 46 47/animate Girl4 false true 600 46 47/animate Girl2 false true 600 46 47/animate Guy5 false true 300 46 47/animate Guy6 false true 300 46 47/animate Guy3 false true 300 46 47/animate Guy2 false true 300 46 47/animate Guy4 false true 300 46 47/animate Guy1 false true 300 46 47/positionOffset Guy1 0 -2/positionOffset Guy6 0 -2/positionOffset Guy4 0 -2/positionOffset Guy3 0 -2/positionOffset Guy2 0 -2/positionOffset Guy5 0 -2/pause 300/positionOffset Guy6 0 -2/positionOffset Guy1 0 -2/positionOffset Guy4 0 -2/positionOffset Guy3 0 -2/positionOffset Guy2 0 -2/positionOffset Guy5 0 -2/pause 300/positionOffset Guy6 0 -2/positionOffset Guy1 0 -2/positionOffset Guy4 0 -2/positionOffset Guy3 0 -2/positionOffset Guy2 0 -2/positionOffset Guy5 0 -2/pause 300/positionOffset Guy6 0 -2/positionOffset Guy1 0 -2/positionOffset Guy4 0 -2/positionOffset Guy3 0 -2/positionOffset Guy2 0 -2/positionOffset Guy5 0 -2/pause 300/positionOffset Guy6 0 -2/positionOffset Guy1 0 -2/positionOffset Guy4 0 -2/positionOffset Guy3 0 -2/positionOffset Guy2 0 -2/positionOffset Guy5 0 -2/pause 300/positionOffset Guy6 0 -2/positionOffset Guy1 0 -2/positionOffset Guy4 0 -2/positionOffset Guy3 0 -2/positionOffset Guy2 0 -2/positionOffset Guy5 0 -2/pause 300/positionOffset Guy6 0 -2/positionOffset Guy1 0 -2/positionOffset Guy4 0 -2/positionOffset Guy3 0 -2/positionOffset Guy2 0 -2/positionOffset Guy5 0 -2/pause 300/positionOffset Guy6 0 -2/positionOffset Guy1 0 -2/positionOffset Guy4 0 -2/positionOffset Guy3 0 -2/positionOffset Guy2 0 -2/positionOffset Guy5 0 -2/pause 300/positionOffset Guy6 0 -2/positionOffset Guy1 0 -2/positionOffset Guy4 0 -2/positionOffset Guy3 0 -2/positionOffset Guy2 0 -2/positionOffset Guy5 0 -2/pause 300/positionOffset Guy6 0 -2/positionOffset Guy1 0 -2/positionOffset Guy4 0 -2/positionOffset Guy3 0 -2/positionOffset Guy2 0 -2/positionOffset Guy5 0 -2/pause 300/positionOffset Guy6 0 -2/positionOffset Guy1 0 -2/positionOffset Guy4 0 -2/positionOffset Guy3 0 -2/positionOffset Guy2 0 -2/positionOffset Guy5 0 -2/pause 300/positionOffset Guy6 0 -2/positionOffset Guy1 0 -2/positionOffset Guy4 0 -2/positionOffset Guy3 0 -2/positionOffset Guy2 0 -2/positionOffset Guy5 0 -2/pause 300/positionOffset Guy6 0 -2/positionOffset Guy1 0 -2/positionOffset Guy4 0 -2/positionOffset Guy3 0 -2/positionOffset Guy2 0 -2/positionOffset Guy5 0 -2/pause 300/positionOffset Guy6 0 -2/positionOffset Guy1 0 -2/positionOffset Guy4 0 -2/positionOffset Guy3 0 -2/positionOffset Guy2 0 -2/positionOffset Guy5 0 -2/pause 300/positionOffset Guy6 0 -2/positionOffset Guy1 0 -2/positionOffset Guy4 0 -2/positionOffset Guy3 0 -2/positionOffset Guy2 0 -2/positionOffset Guy5 0 -2/pause 300/positionOffset Guy6 0 -2/positionOffset Guy1 0 -2/positionOffset Guy4 0 -2/positionOffset Guy3 0 -2/positionOffset Guy2 0 -2/positionOffset Guy5 0 -2/positionOffset Guy1 0 -2/positionOffset Guy4 0 -2/positionOffset Guy3 0 -2/positionOffset Guy2 0 -2/positionOffset Guy5 0 -2/pause 300/positionOffset Guy6 0 -2/positionOffset Guy1 0 -2/positionOffset Guy4 0 -2/positionOffset Guy3 0 -2/positionOffset Guy2 0 -2/positionOffset Guy5 0 -2/pause 300/positionOffset Guy1 0 -2/positionOffset Guy4 0 -2/positionOffset Guy3 0 -2/positionOffset Guy2 0 -2/positionOffset Guy5 0 -2/pause 300/positionOffset Guy6 0 -2/positionOffset Guy1 0 -2/positionOffset Guy4 0 -2/positionOffset Guy3 0 -2/positionOffset Guy2 0 -2/positionOffset Guy5 0 -2/pause 300/positionOffset Guy6 0 -2/positionOffset Guy1 0 -2/positionOffset Guy4 0 -2/positionOffset Guy3 0 -2/positionOffset Guy2 0 -2/positionOffset Guy5 0 -2/pause 300/positionOffset Guy1 0 -2/positionOffset Guy4 0 -2/positionOffset Guy3 0 -2/positionOffset Guy2 0 -2/positionOffset Guy5 0 -2/pause 300/positionOffset Guy6 0 -2/positionOffset Guy1 0 -2/positionOffset Guy4 0 -2/positionOffset Guy3 0 -2/positionOffset Guy2 0 -2/positionOffset Guy5 0 -2/pause 300/positionOffset Guy6 0 -2/positionOffset Guy1 0 -2/positionOffset Guy4 0 -2/positionOffset Guy3 0 -2/positionOffset Guy2 0 -2/positionOffset Guy5 0 -2/pause 300/positionOffset Guy6 0 -2/positionOffset Guy1 0 -2/positionOffset Guy4 0 -2/positionOffset Guy3 0 -2/positionOffset Guy2 0 -2/positionOffset Guy5 0 -2/pause 300/positionOffset Guy6 0 -2/positionOffset Guy1 0 -2/positionOffset Guy4 0 -2/positionOffset Guy3 0 -2/positionOffset Guy2 0 -2/positionOffset Guy5 0 -2/pause 300/positionOffset Guy6 0 -2/positionOffset Guy1 0 -2/positionOffset Guy4 0 -2/positionOffset Guy3 0 -2/positionOffset Guy2 0 -2/positionOffset Guy5 0 -2/pause 300/positionOffset Guy6 0 -2/positionOffset Guy1 0 -2/positionOffset Guy4 0 -2/positionOffset Guy3 0 -2/positionOffset Guy2 0 -2/positionOffset Guy5 0 -2/pause 300/positionOffset Guy6 0 -2/positionOffset Guy1 0 -2/positionOffset Guy4 0 -2/positionOffset Guy3 0 -2/positionOffset Guy2 0 -2/positionOffset Guy5 0 -2/animate Girl1 false true 600 43 41 43 42/animate Girl6 false true 600 43 41 43 42/animate Girl3 false true 600 43 41 43 42/animate Girl5 false true 600 43 41 43 42/animate Girl4 false true 600 43 41 43 42/animate Girl2 false true 600 43 41 43 42/animate Guy5 false true 600 44 45/animate Guy6 false true 600 44 45/animate Guy3 false true 600 44 45/animate Guy2 false true 600 44 45/animate Guy4 false true 600 44 45/animate Guy1 false true 600 44 45/pause 7600/stopAnimation Girl3/stopAnimation Girl6/stopAnimation Girl5/stopAnimation Girl2/stopAnimation Girl1/stopAnimation Girl4/stopAnimation Guy3/stopAnimation Guy2/stopAnimation Guy6/stopAnimation Guy1/stopAnimation Guy5/stopAnimation Guy4/pause 3000/globalFade/viewport -1000 -1000/message \"น่าสนุกจัง! แต่ได้เวลากลับบ้านแล้ว...\"/waitForOtherPlayers festivalEnd/end",
        "Abigail": "ฉันเกลียดการ เต้นรำต่อหน้าคนอื่น มันดูน่าอายมาก...#$e#แต่แม่ก็ให้ฉันเต้น$u",
        "Robin": "อ๊าา... อากาศช่างหอมหวลไปด้วย กลิ่นของดอกไม้$h",
        "Demetrius": "การเต้นรำ ฤดูใบไม้ผลิเนี่ยเป็นพิธีกรรม แบบโบราณเลยนะ#$e#เฮ้... เธอควรรู้เอาไว้นะ",
        "Maru": "ฉันชอบการเต้นรำ คนนี้ดูเกร็งไปนิด แต่ก็ถูกใจคนแก่ๆ ล่ะนะ",
        "Sebastian": "โอ้ยย...",
        "Linus": "โอ้ สวัสดี ดีจังที่คุณคุยกับฉัน#$b#ฤดูใบไม้ผลิจะจบลงแล้ว... น่าเสียดายจัง",
        "Pierre": "อะไรกัน! มาแถวนี้ ทำไม?$u#$b#อย่าแตะต้อง อะไรล่ะ",
        "Caroline": "ฉันอยากให้ปีแอร์ได้ใช้เวลาอยู่กับ ครอบครัวบ้าง...$s",
        "Alex": "ฉันกำลังเพลิน ไปกับวิวทิวทัศน์น่ะ.... อิอิ",
        "George": "ดอกไม้เหรอ? ฉันแทบไม่เห็น พวกมันเลย#$e#ข้างนอกนี่มันจ้าเกินไป!",
        "Evelyn": "ฉันจัดดอกไม้พวกนี้ เป็นอาทิตย์เลยนะ ชอบมั้ยล่ะ",
        "Lewis": " ถ้าเธออยากเต้นรำกับ บรรดาหนุ่มสาวทั้งหลาย เธอก็ต้องหาคู่เต้นแล้วล่ะ",
        "Clint": "เอมิลี่จะมาเต้นรำ กับฉันไหมนะ?",
        "Penny": "*เอื๊อก* ฉันกังวลจัง$s",
        "Pam": "นี่แหละคือชีวิต... ล่ะ เจ้าเด็กน้อย? ไวน์หวานๆ เสียงน้ำจากลำห้วย ที่กำลังไหล อากาศอุ่นๆ... นี่ฉันพูดถึงไวน์ ไปรึยัง?",
        "Emily": "วู้... ฉันอิ่มพุงกางเลย เฮ้ เธอลองเยลลี่สีแดง นี่หรือยัง?",
        "Haley": "ฉันกำลังฝึกการเต้นรำอยู่... มันจะต้องสมบูรณ์แบบ#$e#ฉันได้รับตำแหน่งราชินีดอกไม้ติดต่อกัน 5 ปี และฉันยังไม่พร้อม ที่จะก้าวลงจากบัลลังก์!",
        "Jodi": "เธอจะเต้นรำไหม วันนี้ หืม @?$h",
        "Kent": "ทุ่งหญ้าโล่งๆ นี่.... มันทำให้ ฉันประหม่า#$e#*กระซิบเบาๆ*  คิดถึงสิ่งที่มี ความสุขสิเคนท์ คิดถึงสิ่งที่มี ความสุขเข้าไว้",
        "Marlon": "มานีดูดีนะวันนี้...",
        "Sam": "รู้อะไรมั้ย? ฉันยอมรับ... ฉันชอบ ดอกไม้จริงๆ!",
        "Leah": "ว่าไง @ ดีใจนะ ที่เจอเธอที่นี่$h",
        "Shane": "อื้มม... ซอสนี้อร่อยสุดๆ ไปเลย *ซู้ด*#$e#อาห์ เขียวๆนี้ก็แซ่บมาก! *หยับๆ*#$b#*แจ้บๆ* ...อู้ว$s",
        "Marnie": "*กำลังจ้อง*.... รักอยู่ในอากาศ... ฉันกำลังร้องเพลง$s",
        "Elliott": "ฉันสวมเสื้อตัวโปรด เพื่องานเต้นรำเลยนะเนี่ย... เรื่องแบบนี้ไม่ได้ เกิดขึ้นบ่อยๆนะ!",
        "Gus": "ฤดูจับกบ กำลังเริ่มแล้ว",
        "Dwarf": "มีฝนตกงั้นเหรอ? *เฮือก*#$e#ฝน.... นี่อาจเป็น ตำนานสำหรับพวกเราเลย พวกเราบางคน อยู่มาโดยไม่เคย เจอเรื่องแบบนี้ มาก่อน",
        "Wizard": "เจ้าไม่ควรมาที่นี่เลย",
        "Harvey": " ผมกำลังรวบรวม ความกล้าหาญเพื่อที่ จะขอใครสักคน เต้นรำด้วย$11",
        "Sandy": "ฉันได้ยินว่า ที่นั่นฝนตกล่ะ นั่นใช่เหตุผล ที่คุณมาที่นี่มั้ย?$h#$e#จริงๆแล้ว บางครั้งฉันก็ คิดถึงฝนนะ...$s",
        "Jas": "สักวันหนึ่ง หนูจะต้องเป็นราชินีดอกไม้ให้ได้!",
        "Vincent": "ไม่ยุติธรรมเลย... ทำไมผมเป็นราชินีดอกไม้ไม่ได้?",
        "Willy": "ฉันควรเอาเบ็ดตกปลา มาด้วยนะเนี่ย!"
    }
}
