{
    "header": {
        "target": "w",
        "formatVersion": 5,
        "hidef": true,
        "compressed": 128
    },
    "readers": [
        {
            "type": "Microsoft.Xna.Framework.Content.DictionaryReader`2[[System.String, mscorlib, Version=4.0.0.0, Culture=neutral, PublicKeyToken=b77a5c561934e089],[System.String, mscorlib, Version=4.0.0.0, Culture=neutral, PublicKeyToken=b77a5c561934e089]]",
            "version": 0
        },
        {
            "type": "Microsoft.Xna.Framework.Content.StringReader",
            "version": 0
        }
    ],
    "content": {
        "name": "Dance Of The Moonlight Jellies",
        "conditions": "Beach/2200 2400",
        "set-up": "ocean/-1000 -1000/farmer 38 3 2/changeToTemporaryMap Beach-Jellies/loadActors Set-Up/advancedMove Vincent true 0 12 3 3000 2 0 1 3000 0 -12 -2 0 3 3000/advancedMove Jas true 0 2 3 5000 0 -2 3 5000/advancedMove Clint false 2 50000 -2 0 3 500 2 1000 3 1000 1 0 2 1000/advancedMove Harvey True 0 -12 -10 0 0 6 2 25000 0 -6 10 0 0 12 2 25000/viewport 38 2 clamp true/pause 1000/playerControl jellies",
        "mainEvent": "pause 500/globalFade/viewport -1000 -1000/changeLocation Beach/warp farmer1 28 36/warp spouse 29 36/positionOffset farmer 0 16/faceDirection spouse 2/warp farmer2 29 35/warp farmer3 34 36/warp farmer4 35 36/faceDirection farmer1 2/faceDirection farmer2 2/faceDirection farmer3 2/faceDirection farmer4 2/specificTemporarySprite candleBoat/viewport 26 36 true/pause 2000/move Lewis 0 1 2/move Lewis -2 0 3/pause 400/showFrame Lewis 16 true/animate Lewis false false 200 25 16 17 17/pause 800/playSound parry/specificTemporarySprite candleBoatMove/pause 500/showFrame Lewis 0 true/animate Lewis false false 200 25 12/pause 400/faceDirection Lewis 2/pause 6000/specificTemporarySprite moonlightJellies/pause 10000/playMusic moonlightJellies/pause 30000/viewport move -1 0 8000/pause 10000/viewport move 1 0 20000/pause 18000/globalFade/viewport -1000 -1000/pause 2000/pause 1000/message \"ช่วงเวลาดีๆ ของฤดูร้อนกำลังผ่านไป และตอนนี้... กระพรุนแสงจันทร์ กำลังลอยผ่านไปสู่จุดหมาย ที่ไม่มีใครรู้\"/playMusic none/pause 2000/waitForOtherPlayers festivalEnd/end",
        "Leah_spouse": "เฮ้ ฉันเคยมาดูมันแล้ว เมื่อฤดูร้อนก่อนๆนี้  ฉันจะมาพบเธออีกที ตอนปล่อยเรือเทียนละกัน",
        "Abigail": "ช่างเป็นประสบการณ์ อันน่าตื่นเต้นที่หาดู ได้ยากจริง ๆ... ",
        "Robin": "*หาว*... นี่มันเลยเวลานอน ของฉันมาแล้วนะ$s#$e#เฮ้ เห็นกระทงนั่นมั้ย? ฉันทำเองแหละ$h",
        "Demetrius": "'กระพรุนแสงจันทร์'... เป็นสายพันธุ์ที่น่าทึ่งดีนะ เราโชคดีมาก ที่พวกมันผ่านมาที่นี่ในการ เดินทางไกลไปทางใต้#$e#ไม่รู้เหมือนกัน ทำไมพวกเขามีแสง... น่าประหลาดมาก",
        "Maru": "ดูเหมือนอากาศ จะเริ่มหนาวแล้วนะ ฉันว่าฤดูใบไม้ร่วง กำลังจะมาถึงแล้วแหละ",
        "Sebastian": "ฉันว่าฉันเห็น บางอย่างขยับในนั้นนะ... บางอย่างที่มันใหญ่ บางอย่างที่มันลึกลับ#$e#พยายามที่จะหลอกให้คุณกลัว...$h",
        "Pierre": "ชู่วว... พรุ่งนี้เข้ามาเอา เมล็ดพันธุ์ฤดูใบไม้ร่วง ที่ร้านฉันสิ!",
        "Caroline": "แสงเทียนพวกนี้ ช่างดูโรแมนติคเสียจริง เห็นด้วยมั้ย?",
        "Linus": "เดี๋ยวฉันค่อย ๆ ย่องไปแอบดู ตอนที่แมงกระพรุนลอยมา แล้วกันนะ... ฉันไม่อยากจะไป รบกวนคนอื่นเขา",
        "Alex": "ไม่อยากเชื่อเลยว่า หน้าร้อนกำลังจะหมดไป... เหมือนเพิ่งจะเริ่มต้นนี่เอง$s",
        "George": "อะไรกัน ทำไมถึงมองฉัน ด้วยสายตาแบบนั้น? เธอคิดว่าฉันแก่เกินกว่า จะสนุกกับอะไรแบบนี้ หรือไง?",
        "Evelyn": "ฉันยังจำได้ว่า เคยเห็นแมงกระพรุนพวกนี้ เมื่อตอนที่ยังเป็นเด็ก ฉันกระโดดไปมา ด้วยความสนุกเมื่อพวกมันมาถึง!#$e#แต่นั่นก็นานมาแล้ว... ฉันไม่มีเรี่ยวแรง ขนาดนั้นอีกแล้วล่ะ",
        "Lewis": "สวัสดียามดึก @ พวกแมงกระพรุนแสงจันทร์ กำลังใกล้เข้ามาแล้วล่ะ... ฉันเห็นตัวนึงเรืองแสงอยู่ลิบ ๆ นู่นแหนะ#$b#เดี๋ยวพอเราปล่อย เรือแสงเทียนนี้ไปนะ พวกมันจะลอยมา ทักทายเราที่ท่าเรือนี้เอง",
        "Clint": "คืนนี้ฉันสวมรองเท้าคู่เก่ง มาด้วยล่ะ... แต่ไม่มีใครสังเกตเลย$s",
        "Emily": "มองดูสิที่ทะเล ที่ไร้ซึ่งจุดสิ้นสุดนั่น ใต้น้ำลึก มีสัตว์ทะเลหลากหลายชนิด กำลังเคลื่อนที่ ภายใต้ความมืดมิดอยู่ #$b#ใช่เอรี่ รึเปล่านะ",
        "Penny": "ชีวิตของแมงกระพรุน นี่ช่างง่ายดายดีจัง... เพียงแค่ปล่อยให้คลื่นลม พัดพาผ่านไปตลอดกาล",
        "Pam": "อย่าไปบอกกัสนะ แต่ฉันผิดหวังนิดหน่อยนะเนี่ย ที่คืนนี้ไม่มีบุฟเฟต์ด้วย",
        "Haley": "ฉันน่าจะเอากล้องมาด้วยนะเนี่ย! ชอบลืมตลอดเลย$s",
        "Jodi": "ตรงนั้นน่ะ! ฉันเห็นอะไรบางอย่าง เรืองแสงด้วย!#$b#โธ่... ไปซะแล้ว$s",
        "Kent": "สวัสดีตอนเย็น @ หวังว่าเธอจะหาเวลาพักผ่อน ได้ก่อนฤดูเก็บเกี่ยวนะ",
        "Sam": "ฉันว่าพวกมัน อาจจะมีพิษร้ายแรงนะ?#$e#แบบนี้คงผลักเซบาสเตียนลงน้ำไม่ได้แล้ว...$h",
        "Leah": "เฮ้ ฉันเคยมาดูมันแล้ว เมื่อฤดูร้อนก่อนๆนี้",
        "Shane": "พวกแมงกระพรุน เคยมาที่นี่เมื่อปีที่แล้ว และพวกมันก็จะกลับมาอีก ในอีกในปีหน้า... ธรรมชาติช่างน่าอัศจรรย์จริงๆ",
        "Marnie": "เหมือนคนจะเยอะเกินไป สำหรับท่าที่เป็นไม้เก่าๆนะ! ฉันจะอยู่ตรงนี้ใกล้ๆ ชายหาดดีกว่า",
        "Elliott": "ถ้าเราทำให้มหาสมุทรเกิดมลพิษ แมงกระพรุนก็จะสูญพันธ์ มันพร้อมที่จะเกิดขึ้นตลอด#$e#น่าละอายใจ... ที่เราไม่เคารพธรรมชาติ อีกต่อไป",
        "Gus": "'แมงกระพรุนแสงจันทร์'... ฉันสงสัยจังว่ามันรสชาติยังไง?$h#$b#แน่นอน! ฉันยังไม่เคยลองมันเลยนะ!$u",
        "Dwarf": "มีฝนตกงั้นเหรอ? *เฮือก*#$e#ฝน.... นี่อาจเป็น ตำนานสำหรับพวกเราเลย พวกเราบางคน อยู่มาโดยไม่เคย เจอเรื่องแบบนี้ มาก่อน",
        "Wizard": "หาข้าเจอได้ยังไงกันเนี่ย? ข้าว่าข้าหาที่ซ่อนดีแล้วนะ#$b#บางทีเจ้าอาจจะมี ญาณทิพย์ก็ได้#$e#ข้ามาที่นี่เพื่อสังเกตลูนาลูส (Lunaloos)... หรือที่พวกเจ้าเรียกกันว่า 'กระพรุนแสงจันทร์' พวกมันเป็นสิ่งมีชีวิตใต้น้ำ ที่แลดูมีมนต์ขลังเอามากๆ",
        "Harvey": "ดีแล้วที่ฤดูร้อนกำลังจะผ่านไป เอาจริงๆนะ ผมรู้สึกมีความสุขมากที่จะได้ บอกลาบรรดายุงไปเสียที!",
        "Sandy": "ฉันได้ยินว่าที่นั่นฝนตกล่ะ นั่นใช่เหตุผล ที่คุณมาที่นี่มั้ย?$h#$e#จริงๆแล้ว ฉันก็คิดถึงฝนเหมือนกันนะ...$s",
        "Jas": "หนูหวังว่าพวกมันจะออกลูกเยอะๆ ในปีนี้นะ!",
        "Vincent": "ผมอยากเห็นแมงกะพรุนสีเขียวจัง เพราะมันหาได้ยากมาก!",
        "Willy": "พวกปลากลางคืนส่วนใหญ่ มักจะกลัวแสงนะ... แต่เจ้าพวกนี้ มันแปลกกว่าใครเพื่อนเลย"
    }
}
