{
    "header": {
        "target": "w",
        "formatVersion": 5,
        "hidef": true,
        "compressed": 128
    },
    "readers": [
        {
            "type": "Microsoft.Xna.Framework.Content.DictionaryReader`2[[System.String, mscorlib, Version=4.0.0.0, Culture=neutral, PublicKeyToken=b77a5c561934e089],[System.String, mscorlib, Version=4.0.0.0, Culture=neutral, PublicKeyToken=b77a5c561934e089]]",
            "version": 0
        },
        {
            "type": "Microsoft.Xna.Framework.Content.StringReader",
            "version": 0
        }
    ],
    "content": {
        "name": "Luau",
        "conditions": "Beach/900 1400",
        "set-up": "event2/-1000 -1000/farmer 38 3 2/changeToTemporaryMap Beach-Luau/loadActors Set-Up/addTemporaryActor Governor 16 32 32 4 2/advancedMove Vincent true 3 0 3 3000 -3 0 3 3000/advancedMove Jas true 3 0 1 3000 -3 0 1 3000/advancedMove Pam true 4 25000 -5 0 4 20000 5 0/advancedMove Gus True 0 -1 3 4000 0 1 3 4000/advancedMove Shane true 1 10000 0 1 1 10000 0 -1/advancedMove Clint true 4 15000 -3 0 4 15000 6 0 4 10000 -3 0/animate Emily false true 250 16 17 16 17 20 21 20 21 18 19 18 19 22 23 22 23/animate Robin false true 500 20 21 20 22/animate Demetrius false true 500 24 25 24 26/animate Marnie false true 200 17 18 17 19/positionOffset Marnie 0 16/viewport 38 2 clamp true/pause 1000/playerControl luau",
        "mainEvent": "pause 500/playMusic ocean/globalFade/viewport -1000 -1000/loadActors MainEvent/addTemporaryActor Governor 16 32 35 10 2/warp farmer1 33 19/warp farmer2 32 19/warp farmer3 40 19/warp farmer4 28 9/faceDirection farmer1 0/faceDirection farmer2 0/faceDirection farmer3 0/faceDirection farmer4 1/viewport 35 12 true/pause 2000/faceDirection Lewis 3/pause 100/faceDirection Lewis 2/pause 100/faceDirection Lewis 1/pause 100/faceDirection Lewis 2/speak Lewis \"เอาล่ะทุกคนครับ! ตอนนี้ก็เป็นอีกครั้ง สำหรับกิจกรรมปรุงซุปนี้#$b#ฉันหวังว่าทุกคน จะใส่ของดีมีคุณภาพ ลงไปในหม้อนะ เราไม่อยาก ให้ท่านผู้ว่าเสียใจ ที่มาที่หมู่บ้านนี้!\"/pause 1000/faceDirection Lewis 3/pause 500/speak Lewis \"เยี่ยม... เอ่อ.. ท่านครับ เชิญให้เกียรติ ชิมซุปนี่ได้มั้ยครับ?\"/pause 500/speak Governor \"แน่นอน! ฉันรอมาเกือบทั้งปีเลย\"/playMusic none/pause 500/move Governor 0 1 2/pause 1000/playSound dwop/showFrame Governor 8 true/pause 1000/animate Governor false false 200 8 8 9 10 11 11/pause 1100/playSound sipTea/pause 1000/playSound gulp/pause 500/showFrame Governor 8 true/animate Governor false false 200 11 10 9 8/pause 900/speak Governor \"...$h\"/pause 300/cutscene governorTaste/null",
        "governorReaction6": "pause 1000/playMusic ocean/speak Governor \"อืม... มันหนืดๆ นิดหน่อย... แต่จริงๆแล้ว รสชาติค่อนข้างดี!\"/pause 600/emote Governor 8/speak Governor \"รอเดี๋ยว... มีอะไร อยู่ในชาม... นี่ล่ะ?$2\"/pause 500/showFrame Governor 14/playSound slimeHit/jump Governor/pause 500/showFrame Lewis 24/jump Lewis/textAboveHead Lewis \"น นี่มัน?!\"/showFrame Emily 26/pause 1000/showFrame Marnie 16/jump Marnie/textAboveHead Marnie \"*อ้าปากค้าง*\"/pause 1000/shake Governor 2000/emote Governor 12/pause 500/showFrame Emily 4/showFrame Marnie 8/speak Governor \"นี่... ช่างอุกอาจ!$1#$b#ตลอดชีวิตของฉัน ไม่เคยถูกดูถูก มาก่อน!$1\"/pause 600/showFrame Governor 13/playSound throw/specificTemporarySprite luauShorts/pause 500/jump Lewis/pause 1000/speak Governor \"หยี๋... ลิ้นฉัน บวมขึ้น.... คิดว่าฉันกำลัง คลื่นไส้$u\"/pause 400/globalFade/viewport -1000 -1000/pause 1000/warp Governor -100 -100/playSound slimedead/faceDirection Lewis 2/viewport 35 12 true/pause 1000/speak Lewis \"ใครก็ตามที่มี ส่วนร่วมใน การกระทำ ที่น่ากลัวนี้ ควรได้รับการตำหนิ กล้าใช้รายการ ส่วนตัวของฉัน เพื่อจุดประสงค์นี้!$4#$b#และเพื่อ ทำลายซุปที่ สมบูรณ์แบบนี้... ไม่อาจยกโทษให้ได้! ฉันไม่เคยรู้สึก อับอายมากขนาดนี้ มาก่อนใน ชุมชนนี้... ช่างน่า รังเกียจจริงๆ$4\"/pause 500/faceDirection Lewis 0/emote Lewis 12/speak Lewis \"กลับบ้านไปซะ เทศกาล จบลงแล้ว$s\"/pause 500/globalFade/viewport -1000 -1000/message \"ฉันเดาว่า 'การแกล้ง เล็กๆน้อยๆ' ก็ไม่ใช่เรื่องดี หรอก ...\"/pause 500/message \"ได้เวลากลับบ้านแล้วล่ะ\"/waitForOtherPlayers festivalEnd/end",
        "governorReaction5": "emote Governor 40/pause 400/speak Governor \"อืม... มันก็ไม่ได้แย่นะ แต่รู้สึกเหมือนมันขาด อะไรบางอย่างไป...$s#$b#นี่ได้ใส่อาหาร ที่เตรียมมาลงในหม้อ กันครบทุกคนรึยังเนี่ย? มันรู้สึกเหมือนยังขาด เสียงในหัวใจของใครบางคนไป\"/showFrame Governor 0/pause 400/showFrame Lewis 18/emote Lewis 28/pause 600/showFrame Lewis 0/pause 400/move Lewis 2 0 2/move Lewis 0 2 3/pause 500/animate Lewis false false 200 19 19 22 23 23 22 23 23 22 19 19/pause 800/playSound gulp/pause 600/playSound gulp/pause 1000/speak Lewis \"จริงด้วย... รสชาติมันออกจะจืดๆ ไปหน่อยนะ$s\"/pause 1000/speak Lewis \"ขอบคุณที่มาร่วมงานในปีนี้ ด้วยนะครับท่านผู้ว่า  ต้องขอโทษด้วยนะครับ ที่น้ำซุปของปีนี้ ออกจะธรรมดาไปหน่อย\"/pause 500/faceDirection Lewis 2/speak Lewis \"เอาหละ... มีใครจะกินซุปอีกมั้ย?\"/faceDirection Marnie 0 true/advancedMove Gus false 0 -1 5 0 4 1000/advancedMove Jodi false 0 -2/advancedMove Clint false 0 1 -1 0 0 3 -2 0/advancedMove Emily false 3 0/advancedMove Pam false 0 2 7 0/pause 1000/globalFade/viewport -1000 -1000/pause 300/message \"ถึงแม้น้ำซุปปีนี้ จะจืดไปหน่อย แต่งานลัวร์ ก็ยังสนุกดีนะ!!\"/pause 500/message \"ได้เวลากลับบ้านแล้วล่ะ.\"/waitForOtherPlayers festivalEnd/end",
        "governorReaction4": "emote Governor 16/pause 600/shake Governor 1000/jump Governor/pause 800/playMusic SettlingIn/speak Governor \"โอ้พระเจ้า... นี่มัน เป็นซุปที่ยอดเยี่ยมมาก!$h\"/shake Governor 5000/animate Governor false true 100 9 10 11 11 10/pause 800/move Lewis 2 0 2/move Lewis 0 2 3/pause 500/animate Lewis false false 200 19 19 22 23 23 22 23 23 22 19 19/pause 800/playSound gulp/pause 600/playSound gulp/pause 1000/speak Lewis \"ท่านพูดถูก มันโคตรอร่อยเลย! $h\"/pause 500/faceDirection Lewis 2/speak Lewis \"เยี่ยมมากทุกคน เอาล่ะไหนใคร อยากชิมซุปนี่บ้าง$h\"/faceDirection Marnie 0 true/advancedMove Gus false 0 -1 5 0 4 1000/advancedMove Jodi false 0 -2/advancedMove Clint false 0 1 -1 0 0 3 -2 0/advancedMove Emily false 3 0/advancedMove Pam false 0 2 7 0/pause 1000/globalFade/viewport -1000 -1000/pause 300/message \"ผู้ว่าไม่ได้ล้อเล่นเลยแฮะ ซุปนี่มันอร่อยจริงๆ!\"/pause 500/message \"ได้เวลากลับบ้านแล้วล่ะ\"/waitForOtherPlayers festivalEnd/end",
        "governorReaction3": "emote Governor 32/pause 400/playMusic jaunty/speak Governor \"อ้า... นี้เป็นชุปที่น่ารื่นรมย์มาก ของจากหุบเขานี้ ไม่เคยทำให้ฉันผิดหวัง!\"/showFrame Governor 0/pause 400/move Lewis 2 0 2/move Lewis 0 2 3/pause 500/animate Lewis false false 200 19 19 22 23 23 22 23 23 22 19 19/pause 800/playSound gulp/pause 600/playSound gulp/pause 1000/speak Lewis \"มืมม... อร่อย คุณทำได้ดีที่เดียว\"/pause 500/faceDirection Lewis 2/speak Lewis \"เอาหละ... ใครอยากได้ชุปบ้าง?\"/faceDirection Marnie 0 true/advancedMove Gus false 0 -1 5 0 4 1000/advancedMove Jodi false 0 -2/advancedMove Clint false 0 1 -1 0 0 3 -2 0/advancedMove Emily false 3 0/advancedMove Pam false 0 2 7 0/pause 1000/globalFade/viewport -1000 -1000/pause 300/message \"เทศกาลลัวร์ เป็นไปได้ด้วยดี! โชคดี ที่เราเอาของอร่อยสำหรับชุปมา\"/pause 500/message \"ได้เวลากลับบ้านแล้วล่ะ\"/waitForOtherPlayers festivalEnd/end",
        "governorReaction2": "pause 400/playMusic ocean/speak Governor \"อืม... ฉันไม่รู้จะว่ายังไงดี ซุปนี้มันก็รสชาติเหมือน ซุปทั่วๆไปอ่ะนะ\"/showFrame Governor 0/pause 400/showFrame Lewis 18/emote Lewis 28/pause 600/showFrame Lewis 0/pause 400/move Lewis 2 0 2/move Lewis 0 2 3/pause 500/animate Lewis false false 200 19 19 22 23 23 22 23 23 22 19 19/pause 800/playSound gulp/pause 600/playSound gulp/pause 1000/speak Lewis \"ท่านพูดถูก แต่ มันก็ไม่ได้แย่อย่างที่คิดนะ\"/pause 500/faceDirection Lewis 2/speak Lewis \"เอาละ... ใครต้องการซุปบ้าง?\"/faceDirection Marnie 0 true/advancedMove Gus false 0 -1 5 0 4 1000/advancedMove Jodi false 0 -2/advancedMove Clint false 0 1 -1 0 0 3 -2 0/advancedMove Emily false 3 0/advancedMove Pam false 0 2 7 0/pause 1000/globalFade/viewport -1000 -1000/pause 300/message \"ซุปมันรสชาติกลางๆแฮะ แต่ก็ดีที่ เทศกาลลัวร์ ผ่านไปด้วยดี!\"/pause 500/message \"ได้เวลากลับบ้านแล้วล่ะ\"/waitForOtherPlayers festivalEnd/end",
        "governorReaction1": "emote Governor 28/pause 400/playMusic ocean/speak Governor \"อืม... มันน่าขยะแขยงจัง ปีนี้ฉันขอผ่านก็แล้วกัน.$s\"/showFrame Governor 0/pause 400/showFrame Lewis 18/emote Lewis 28/pause 600/showFrame Lewis 0/pause 400/move Lewis 2 0 2/move Lewis 0 2 3/pause 500/animate Lewis false false 200 19 19 22 23 23 22 23 23 22 19 19/pause 800/playSound gulp/pause 600/playSound gulp/pause 1000/speak Lewis \"แหวะ.. คงต้องมีใครบางคน ใส่วัตถุดิบเกรดต่ำลงไปแน่เลย$s\"/pause 500/faceDirection Lewis 2/speak Lewis \"เอาละ.... มีใครอยากจะลองบ้าง?\"/faceDirection Marnie 0 true/advancedMove Gus false 0 -1 5 0 4 1000/advancedMove Jodi false 0 -2/advancedMove Clint false 0 1 -1 0 0 3 -2 0/advancedMove Emily false 3 0/advancedMove Pam false 0 2 7 0/pause 1000/globalFade/viewport -1000 -1000/pause 300/message \"ซุปออกมาไม่ค่อยดีซักเท่าไหร่ แต่เทศกาลลัวร์ก็จบลงได้ด้วยดี!\"/pause 500/message \"ได้เวลากลับบ้านแล้วล่ะ\"/waitForOtherPlayers festivalEnd/end",
        "governorReaction0": "pause 500/showFrame Governor 13/pause 500/shake Governor 2000/emote Governor 12/pause 500/speak Governor \"อั๊ก! นี่มันเลวร้ายเป็นที่สุด! ฉันแทบจะอ้วกออกมาแล้ว...... $u\"/showFrame Governor 13/jump Lewis/pause 800/speak Governor \"ฉันไม่ไหวแล้ว...$u\"/globalFade/viewport -1000 -1000/pause 1000/warp Governor -100 -100/playSound slimedead/faceDirection Lewis 2/viewport 35 12 true/pause 1000/speak Lewis \"เข้าใจเล่นนี่ ทุกคน... ใครก็ตามที่มันบังอาจใส่ ของห่วยแตกลงไปในซุปนั่น! ฉันผิดหวังในตัวแกที่สุด$4\"/pause 500/faceDirection Lewis 0/emote Lewis 12/speak Lewis \"แยกย้ายกลับบ้านกันไปได้แล้ว งานเทศกาลมันจบสิ้นลงแล้ว$s\"/pause 500/globalFade/viewport -1000 -1000/message \"วินาศสันตะโรอะไรกันขนาดนี้...\"/pause 500/message \"ได้เวลากลับบ้านแล้วล่ะ\"/waitForOtherPlayers festivalEnd/end",
        "Governor": "ช่างเป็นงานที่ อบอุ่นจริงๆ... สนุกทุกครั้ง ที่มาเยือนหุบเขาเลย#$e#ฉันต้องไปคุยกับภรรยา เรื่องซื้อบ้านพักตากอากาศ ที่นี่สักหน่อยแล้ว",
        "Abigail_spouse": "อย่าให้ฉันไปหยุดความสนุก ของเธอเลย ฉันแค่อยากยืนมองทะเล ซักหน่อยน่ะ",
        "Leah_spouse": "มันดีอยู่หรอกนะ ที่ได้เห็นทุกคนมารวมกัน แต่ฉัน อยากกลับไปที่ฟาร์มมากกว่า",
        "Maru_spouse": "ฮาร์วีย์พยายามมาคุยกับฉันอยู่ แต่ที่ฉันต้องการทั้งหมด ก็แค่ได้กินของย่างบ้างอ่ะ",
        "Penny_spouse": "ฉันแค่กำลังขำเพื่อนเก่าคนนึง เกี่ยวกับเรื่องของซุปนั้น",
        "Haley_spouse": "ฟู่... ฉันไม่อยากขยับหรือทำอะไรอีก ฉันเริ่มจะเหงื่อออกแล้วนะ",
        "Sebastian_spouse": "ฉันกำลังทำสิ่งที่ ฉันทำได้ดีที่สุด นั้นคือ พยายามอารมณ์ดีเข้าไว้",
        "Sam_spouse": "ฉันคิดว่ามันคงไม่ดีแน่ ถ้ามีบางคน เอาบางสิ่งไม่ดีใส่ลงไปในซุป...",
        "Alex_spouse": "เฮ้ ฉันจะอ้อนวอนเธอ ทุกวิถีทางเพื่อจะมา พักผ่อนที่หาดนี้ อากาศมันดีมากๆเลยล่ะ!",
        "Harvey_spouse": "โอ้ ที่รัก... ทราย มันเข้าไปในถุงเท้าฉันน่ะ...$s",
        "Elliott_spouse": "กระท่อมเก่าดูเหมือนจะดีขึ้น ทุกๆครั้งที่ฉันกลับมา ฉันนึกว่ามันจะพังไปแล้วซะอีก",
        "Abigail": "มันเหนื่อยนะ ที่จะเข้าสังคม กับทุกคน... มานั่งดูทะเล ยังดีกว่า",
        "Emily": "%เธอไม่ตอบ",
        "Robin": "โอ้ว... ที่รัก คุณเหยียบเท้า ฉันอยู่นะ",
        "Demetrius": "ผมเหนื่อย มากแล้วนะที่รัก นี่เราจะไป กินบุฟเฟ่ต์กันได้รึยัง *แฮ่กๆ*",
        "Maru": "ฉันไม่รู้หรอกนะว่าลีนัส กำลังย่างตัวอะไรอยู่ แต่กลิ่นมันหอม ชะมัดเลย... *เฮื้อก*",
        "Sebastian": "มีอยู่ปีหนึ่งที่แพม เอาปลาแอนโชวี่หนึ่งปอนด์ ใส่ลงไปในหม้อ#$e#ไม่แปลกใจเลยสินะ ว่าทำไมชั่วโมง บำเพ็ญประโยชน์ สาธารณะของแซมถึงได้นำโด่งกว่า ชาวบ้านไปขนาดนี้?$h",
        "Linus": "ค่อยๆ หมุนช้าๆ ไปเรื่อยๆ นี่แหละเคล็ดลับ แห่งการย่างเนื้อ ให้อร่อย",
        "Pierre": "อืมม... ถ้าเข้าหาท่านผู้ว่าถูกจังหวะ บางที อาจจะได้ยกเว้นภาษีร้านค้า ก็ได้นะ...#$b#หวังว่า ท่านน่าจะชอบวิสกี้ชั้นดีนะ?#$e#แต่ตอนนี้ คงต้องรอให้นายกเทศมนตรี หยุดพล่ามกับเขา ตลอดบ่ายแบบนี้ก่อน",
        "Caroline": "ฉันใส่ผักสดๆ จากสวนของฉัน ลงไปในหม้อซุป ส่วนกลางด้วยล่ะ",
        "Alex": "อากาศดี เหมาะแก่การ จัดปาร์ตี้ชายหาด เนอะ ว่ามั้ย?",
        "George": "เสียงเพลงจะดังมากเกิน ไปแล้ว!#$b#จะหาความสงบ เพื่อดื่มด่ำกับทะเล ได้ยังไงกัน?",
        "Evelyn": "อาห์... กลิ่นอายของทะเล ทำให้ฉันหวนกลับไป เมื่อหลายปีมาแล้ว ก่อนที่เธอจะเกิด เสียอีก",
        "Lewis": "ดูฉลาดนี่! ผู้ว่าการรัฐ จะมาเยี่ยมที่นี่ทุกปี#$b#ถ้าเธอนำบางอย่าง มาทำเป็นอาหาร และเพิ่มมันลงไปใน หม้อซุป",
        "Clint": "ฉันอิ่มแล้ววว แต่จะมีอะไรอื่นอีกล่ะ นอกจากการกิน?",
        "Penny": "เราจัด เทศกาลนี้ขึ้นทุกปี เพื่อให้ท่านผู้ว่า ได้ลิ้มลองของทุกอย่าง ที่หมู่บ้านเราหามาได้#$e#นายกเทศมนตรีเลวิสหวังว่ามันจะช่วยให้ ท่านผู้ว่าอยู่ข้างเรา นั่นเป็นเหตุผลว่าทำไม เขาถึงกังวล กับรสชาติของซุป เป็นอย่างมาก",
        "Pam": "เห... บุฟเฟต์ฟรีไง นี่แหละหนึ่งในเป้าหมาย ของการอยู่ที่นี่ล่ะ สนุกกับมันซะ เจ้าหนู!",
        "Haley": "ก็อยากจะเต้นนะ แต่ไม่อยากให้ เหงื่อออกเลย",
        "Jodi": "ฉันหวังว่าชุปปีนี้ จะอร่อยนะ",
        "Kent": "เฮ้ ยินดีที่ได้เจอคุณ",
        "Marlon": "ฉันมาอยู่ตรงนี้ เพราะมีต้นไม้อยู่... มันทำให้ อากาศเย็นน่ะ",
        "Sam": "ผู้ว่าเหรอ? ใครสน...#$e#แล้วทำไมถึงต้อง สนใจลุงแก่ๆ ที่ไม่ซ้ำหน้า แบบนี้ด้วยล่ะ?",
        "Leah": "ทำฟาร์ม ถึงไหนแล้ว? ดูเหมือนฤดูนี้ จะทำให้เธอ ยุ่งมากเลยนะ",
        "Shane": "ว้าว... คุณไม่มีทางหา ชัทนีย์พริกขี้หนู ในเมืองใหญ่ ได้แบบนี้หรอก",
        "Marnie": "ถ้าเธอนำของ มาใส่ซุปนะ ปีนบันได ด้านโน้นแล้วก็ โยนมันลงไปเลยจ้ะ",
        "Elliott": "วันนี้ฉันตื่นสาย เมื่อตอนก้าวออก จากประตูไปแล้ว ฉันก็พบว่าตัวเอง อยู่ท่ามกลาง เสียงเอะอะวุ่นวาย!#$e#ฉันลืมไปเลย ว่าวันนี้ มีงานลัวร์$h",
        "Gus": "หนอย พวกแมลงวันทรายนี่ ชอบมาตอมอาหาร อยู่เรื่อยเลย!",
        "Dwarf": "มีฝนตกงั้นเหรอ? *เฮือก*#$e#ฝน.... นี่อาจเป็น ตำนานสำหรับพวกเราเลย พวกเราบางคน อยู่มาโดยไม่เคย เจอเรื่องแบบนี้ มาก่อน",
        "Wizard": "พวกเงือกเอง ก็สนใจเกี่ยวกับ เทศกาลของมนุษย์ เหมือนกัน#$e#พวกเขา จะหัวเสียมาก ถ้าพวกเจ้าทิ้งขยะ ลงไปในทะเล",
        "Harvey": "ดีนะที่ผม ทาครีมกันแดด มาก่อน#$e#หวังว่ามารุจะไม่ลืม ทาครีมกันแดด ที่ไหล่ของเธอนะ?",
        "Sandy": "ฉันได้ยินว่า ที่นั่นฝนตกล่ะ นั่นใช่เหตุผล ที่คุณมาที่นี่มั้ย?$h#$e#จริงๆแล้ว บางครั้งฉันก็ คิดถึงฝนนะ...$s",
        "Jas": "วินเซนท์เต้นไม่เก่ง เลยสักนิด",
        "Vincent": "น่าเบื่อจัง...",
        "Willy": "ว่าไง @ ออกมาสูดอากาศ เหมือนกันเหรอ#$e#พูดจริงๆนะ ตอนนี้ฉันอยาก ไปยืนตกปลา มากกว่าจะมา ร่วมงานนี้อีก"
    }
}
