{
    "header": {
        "target": "w",
        "formatVersion": 5,
        "hidef": true,
        "compressed": 128
    },
    "readers": [
        {
            "type": "Microsoft.Xna.Framework.Content.DictionaryReader`2[[System.String, mscorlib, Version=4.0.0.0, Culture=neutral, PublicKeyToken=b77a5c561934e089],[System.String, mscorlib, Version=4.0.0.0, Culture=neutral, PublicKeyToken=b77a5c561934e089]]",
            "version": 0
        },
        {
            "type": "Microsoft.Xna.Framework.Content.StringReader",
            "version": 0
        }
    ],
    "content": {
        "name": "Festival of Ice",
        "conditions": "Forest/900 1400",
        "shop": "BO 113 5000 1 O 746 750 5 BL 746 2000 1",
        "set-up": "christmasTheme/-1000 -1000/farmer 68 0 1/changeToTemporaryMap Forest-IceFestival/loadActors Set-Up/animate Robin false true 100 24 25 26 24 25 26 24 25 26 24 25 26 27 27 27 27 27 27 27 27 27 27 27 27 27 27 27 27/advancedMove Pierre true -1 0 0 -1 1 5000 0 1 1 0 4 5000/advancedMove Vincent true 0 3 3 0 2 5000 0 -5 2 0 1 5000 -5 0 0 2 3 5000/advancedMove Pam true -5 0 0 1 2 5000 0 -1 5 0 2 7000/playerControl iceFestival",
        "mainEvent": "globalFade/viewport -1000 -1000/playMusic none/warp farmer1 71 35/warp farmer2 72 35/warp farmer3 70 35/warp farmer4 69 35/faceDirection farmer1 0/faceDirection farmer2 0/faceDirection farmer3 0/faceDirection farmer4 0/loadActors Main-Event/faceDirection Pam 1/faceDirection Elliott 0/faceDirection Willy 0/viewport 71 35 true/pause 2000/speak Lewis \"เอาล่ะทุกคน ขอเริ่มต้นการแข่งขัน ตกปลาน้ำแข็งในปีนี้\"/pause 200/faceDirection Lewis 3/pause 300/faceDirection Lewis 2/faceDirection Lewis 1/pause 300/faceDirection Lewis 2/pause 400/speak Lewis \"ผู้เข้าแข่งขัน เป้าหมายของคุณคือ การจับปลามากที่สุด เท่าที่คุณจะสามารถทำได้ ภายในในสองนาที โดยใช้เบ็ดตกปลาที่จัดไว้ให้#$b#คุณต้องจับปลาจาก หลุมน้ำแข็งที่มีให้\"/pause 600/speak Lewis \"เอาล่ะ ทุกคนพร้อมหรือยัง?\"/pause 500/waitForOtherPlayers startContest/jump Lewis/faceDirection Pam 2 true/faceDirection Elliott 1 true/faceDirection Willy 2 true/speak Lewis \"เริ่มได้!\"/advancedMove Lewis false 0 -4 2 1000/advancedMove Marnie true 4 6000 -2 0 4 5000 2 0/advancedMove Maru true 3 4000 0 2 3 7000 0 -2/advancedMove Jas true 2 0 0 -9 -4 0 2 20000 4 0 0 9 -2 0 3 15000/advancedMove Jodi true 1 6000 -1 0 0 2 1 8000 0 -1 1 6000 0 -1 1 0/jump Willy/shake Pam 700/showFrame Pam 16/extendSourceRect Pam 0 32/showFrame Elliott 40/extendSourceRect Elliott 16 0/shake Elliott 400/pause 300/showFrame Willy 16/extendSourceRect Willy 0 32/playMusic fallFest/playerControl iceFishing",
        "afterIceFishing": "pause 100/playSound whistle/waitForOtherPlayers endContest/pause 1000/restoreStashedItem/globalFade/viewport -1000 -1000/extendSourceRect Pam reset/extendSourceRect Willy reset/extendSourceRect Elliott reset/specificTemporarySprite iceFishingCatch/faceDirection Pam 0/faceDirection Willy 0/faceDirection Elliott 0/playMusic event1/loadActors MainEvent/warp farmer1 71 35/warp farmer2 72 35/warp farmer3 70 35/warp farmer4 69 35/faceDirection farmer1 0/faceDirection farmer2 0/faceDirection farmer3 0/faceDirection farmer4 0/pause 1000/viewport 71 35 true/pause 2000/move Lewis 0 4 2/speak Lewis \"ว้าว มีปลาเยอะเเยะไปหมด!$h\"/pause 300/showFrame Lewis 18/shake Lewis 1000/speak Lewis \"*อุ๊บ*... กลิ่นมัน...$s\"/pause 500/showFrame Lewis 0/pause 600/move Lewis 0 1 2/speak Lewis \"เอาล่ะ ผู้ชนะในการแข่งขัน ตกปลาฤดูหนาวปีนี้ได้...\"/pause 800/playMusic none/pause 3000/cutscene iceFishingWinner/null/playMusic event1/pause 500/fork DickWin/move Lewis 0 1 2/speak Lewis \"นี่คือรางวัลของคุณ!\"/awardFestivalPrize/null/move Lewis 0 -1 0/speak Lewis \"ดีล่ะ นี่คือ เทศกาลแห่งน้ำแข็งของปีนี้ ขอบคุณทุกคนที่มา! #$b#ตอนนี้ขอปล่อยปลา ที่น่าสงสารพวกนี้ก่อน...$s\"/move Lewis -3 0 0/move Lewis 0 -1 0/advancedMove Willy true 0 3 -2 0/pause 600/viewport move 1 0 5000/pause 2000/playMusic none/globalFade/viewport -1000 -1000/pause 1000/cutscene iceFishingWinnerMP/fork OtherPlayerWin/message \"ฉันไม่อยากจะเชื่อเลยว่า ฉันจะชนะ เอาล่ะได้เวลากลับบ้านแล้ว\"/waitForOtherPlayers festivalEnd/end",
        "OtherPlayerWin": "message \"ถึงฉันจะไม่ชนะการแข่ง แต่มันก็สนุกอยู่ดี! ถึงเวลากลับบ้านแล้ว\"/waitForOtherPlayers festivalEnd/end",
        "DickWin": "pause 100/jump Willy/faceDirection Elliott 3/pause 800/move Willy 0 -1 0/faceDirection Elliott 0/speak Lewis \"นี่คือรางวัลของนายวิลลี่\"/pause 500/move Willy 0 -2 0/move Lewis -1 0 2/move Lewis 0 1 2/playSound coin/pause 400/move Lewis 0 -1 0/pause 500/speak Lewis \"ดีล่ะ นี่คือเทศกาลแห่งน้ำแข็ง ของปีนี้ ขอบคุณทุกคนที่มา! #$b#ตอนนี้ขอปล่อยปลา ที่น่าสงสารพวกนี้ก่อน...$s\"/move Lewis -2 0 0/pause 600/viewport move 1 0 5000/pause 2000/playMusic none/globalFade/viewport -1000 -1000/pause 1000/message \"ไม่ชนะในการแข่งขัน แต่ช่างมันเถอะ แค่นี้ก็สนุกแล้ว! ได้เวลากลับบ้านแล้ว\"/waitForOtherPlayers festivalEnd/end",
        "Abigail_spouse": "เฮ้ ที่รัก...ดูนี่ เหมือนเธอเลย!$h",
        "Penny_spouse": "เธอจะเข้าร่วมการแข่งขันตกปลา ปีนี้รึปล่าว @? แม่ของฉันซีเรียสมากเลย เกี่ยวกับการเป็นผู้ชนะ",
        "Haley_spouse": "บรื๋อ...มือของฉันแข็งหมดแล้ว หลังจากปั้นเจ้านี่$l",
        "Sebastian_spouse": "ไม่ต้องเป็นห่วงฉันหรอก ฉันไม่ได้หนาวอะไรมากมาย...",
        "Sam_spouse": "เธอหนาวรึปล่าว? แน่ใจนะ ว่าจะไม่เอามือมาซุก ในเจ็คเก็ตของฉันหน่อย?",
        "Alex_spouse": "ฉันจะเอาใจช่วยเธอ ในการแข่งขันนะ.",
        "Harvey_spouse": "ฉันคิดถึงกองไฟอันแสนอบอุ่น ของเราที่บ้านจริงๆ...$l",
        "Elliott_spouse": "ฉันรู้เธออาจจะชนะฉัน ในการแข่งตกปลา แต่ไม่เป็นไรหรอก ฉันแค่ตกเอาสนุกแค่นั้นเอง$h",
        "Abigail": "นี่มนุษย์หิมะของฉัน เป็นไงบ้าง?",
        "Robin": "ฉันขอโทษนะ กำแพงที่แกะสลักน้ำแข็ง มันดึงความสนใจฉันไปหมดเลย!",
        "Demetrius": "คุณรู้อะไรไหม บางทีฉันอาจจะต้องใส่ แจ็คเก็ตบ้างแล้ว",
        "Maru": "ฉันไม่ค่อยจะมีความคิด สร้างสรรค์ซักเท่าไหร่ เมื่อพูดถึงตุ๊กตาหิมะ$s",
        "Sebastian": "หนาวเหรอ? ไม่ฉันไม่เคยรู้สึกหนาว",
        "Pierre": "หิมะเย็นมากจนไม่รู้สึกถึง ปลายนิ้วแล้ว...$s",
        "Shane": "ถ้าทุกอย่างมันขึ้นกับผมนะ ผมเลือกจัดเทศกาลพิซซ่า ที่ร้านดีกว่า แต่นี่...",
        "Caroline": "หน้าหนาวนี้เป็นยังไงบ้างล่ะ @?$h",
        "Linus": "การสร้างกระท่อมหิมะ มันเป็นศิลปะ! ฉันจำวิธีการมาจาก ผู้คนที่อาศัยอยู่ในทุ่งน้ำแข็ง ที่อยู่ไกลออกไปในแถบ ทะเลเยือกแข็ง#$e#แต่นั่นก็ผ่านมานานมากแล้ว$h#$e#แล้วกระท่อมหิมะนี่ก็ ใช้ได้ดีเลยทีเดียว แต่มันง่ายกว่ามากที่จะอาศัย อยู่ในเต้นท์ตลอดทั้งปี",
        "Alex": "ตุ๊กตาหิมะก็โอเคนะฉันว่า ส่วนฉันก็กำลังตั้งหน้าตั้งตา รอคอยฤดูใบไม้ผลิ",
        "George": "หืมมมม... นี่ภรรยาฉัน ลากมาข้างนอกหนาวๆ เพื่ออะไรแบบนี้เหรอ?",
        "Evelyn": "ฉันเคยเล่าเรื่องที่ ฉันกับจอร์จเจอกันครั้งแรกหรือยัง? เขาปาหิมะใส่ฉัน ในเทศกาลนี้ล่ะ#$e#เขาเป็นสุภาพบุรุษ และเข้ามาดูว่าฉัน เป็นอะไรหรือเปล่า$h",
        "Lewis": "ยินดีต้อนรับสู่เทศกาลน้ำแข็ง!#$e#ไฮไลท์ของงานในวันนี้ นั่นก็คือการแข่งขันตกปลา ทุกคนจะเข้าไปยืนที่ 'หลุมน้ำแข็ง' และตกปลามาเก็บไว้ ให้ได้มากที่สุด#$b#ถ้าเธอพร้อมเมื่อไหร่ ส่งสัญญาณมาบอกฉันด้วยล่ะ",
        "Clint": "เอมิลี่มาช่วยฉัน โดยที่ฉันยังไม่ทันได้ร้องขอเลย... มันหมายความว่ายังไงกัน? *อึก*$4",
        "Emily": "ว้าว ตุ๊กตาหิมะนี่ ต้องปรับแต่งใหม่ ซะหน่อยแล้ว แล้วใครจะทำ?$s",
        "Penny": "$y 'อืมมม... พวกเราจะทำตุ๊กตาหิมะ เเบบไหนดีล่ะ? _แบบคลาสสิก จมูกแครอท หมวกทรงสูง ผ้าพันคอ_ ฉันคิดว่า มันอาจจะเยี่ยมก็ได้ ถ้าจะยึดติดแบบคลาสสิก ว่ามั้ย?$h _แบบง่ายๆ แท่งน้ำแข็ง เสาอากาศ ดวงตาทำด้วยโคนไอติม_โอเค! ฟังดูน่าสนุกนะ$h_ตุ๊กตาหิมะตัวอื่นมันน่าเบื่อ คิดนอกกรอบสิ!_ อืม โอเค ฉันคิดว่าควรจะติดอะไร ที่ไม่เหมือนคนอื่นเขาดู'",
        "Pam": "ฉันวางแผนว่าจะชนะ การแข่งตกปลาจากหลุมน้ำแข็ง!#$e#คงเอาชนะวิลลี่ได้ยากน่าดูนะ ฉันว่าเขาทำอะไรแบบนี้ ทั้งวันทั้งคืนอยู่แล้ว$s",
        "Haley": "ฤดูหนาวนี่ก็ไม่เลว.... เล่นหิมะมันสนุกมากๆ!",
        "Jodi": "ป่าดูสวยงามในฤดูหนาว จริงมั้ย?",
        "Kent": "ฉันชอบฤดูหนาว มันช่างเงียบสงบ",
        "Sam": "เฮ้ @ เธอจะไปเข้าร่วมการแข่งขัน ตกปลาน้ำแข็ง?#$e#โอ้, ฉันไม่.. ฉันไม่รู้จักวิธีตกปลา",
        "Leah": "โอ้ว น้ำเเข็งมันคือวัตถุดิบที่ดี ในการเเกะสลักนะ เเต่มันอยู่ได้ไม่นานหรอก#$e#เเต่ฉันคิดว่าน่าจะทำมัน ได้ดีกว่าเดิมนะ",
        "Marnie": "น่าสงสารสัตว์ที่อยู่ข้างนอก คงหนาวมาก$s",
        "Elliott": "ฉันเข้าร่วมการแข่งตกปลา จากหลุมน้ำแข็งในวันนี้ ทำไมฉันไม่แข่งล่ะ?#$e#แต่ถึงอย่างนั้น โอกาสที่วิลลี่จะแพ้ ก็หาได้ยากมาก",
        "Gus": "ขอโทษนะ ตอนนี้ไม่มีอาหารหรอก#$e#เเต่ รอจนถึงงานเลี้ยงดาวฤดูหนาวสิ คุณคงอิ่มไปอีกหลายวัน",
        "Willy": "$y 'เฮ้ @ พร้อมสำหรับการแข่ง ตกปลาจากหลุมน้ำแข็งรึยัง?_พร้อมแล้ว ฉันจะทำให้ดีที่สุด!_รู้สึกได้ถึงสปิริตเลย!$h_แน่นอน ฉันจะเอาชนะคุณด้วย!_แล้วเราจะได้เห็นกัน$h_เอาจริงนะ!ฉันไม่พร้อมเลย ฉันตกปลาไม่เก่งน่ะ เข้าใจล่ะ ถือว่าเป็นการ ฝึกไปในตัว!$h'",
        "Wizard": "แอบย่องเข้ามาชม หอประหลาดของข้าเหรอ? เจ้านี่ก็แปลกดีนะ",
        "Harvey": "อากาศที่เย็นสุดขั้วอาจทำให้ ร่างกายตกอยู่ในภาวะเครียดได้ ต้องแน่ใจว่า ให้ความอบอุ่นร่างกาย อย่างเพียงพอ!#$e#อ้อ แล้วก็ขอให้มีความสุข กับเทศกาลนะ!$h",
        "Sandy": "ฉันได้ยินว่า ที่นั่นฝนตกล่ะ นั่นใช่เหตุผล ที่คุณมาที่นี่ใช่มั้ย?$h#$e#จริงๆแล้ว บางครั้งฉันก็ คิดถึงฝนนะ...$s",
        "Jas": "หนูอยากใส่จมูกแครอทให้เขาหล่ะ!$h",
        "Vincent": "ผมเห็นปลาตัวใหญ่ อยู่ข้างใต้นั้น!!",
        "Marlon": "เฮ้ สวัสดีตอนสาย"
    }
}
