{
    "header": {
        "target": "w",
        "formatVersion": 5,
        "hidef": true,
        "compressed": 128
    },
    "readers": [
        {
            "type": "Microsoft.Xna.Framework.Content.DictionaryReader`2[[System.String, mscorlib, Version=4.0.0.0, Culture=neutral, PublicKeyToken=b77a5c561934e089],[System.String, mscorlib, Version=4.0.0.0, Culture=neutral, PublicKeyToken=b77a5c561934e089]]",
            "version": 0
        },
        {
            "type": "Microsoft.Xna.Framework.Content.StringReader",
            "version": 0
        }
    ],
    "content": {
        "Fri.000": "ในที่สุด... ก็ได้มีเวลาเล็กๆ น้อยๆ อยู่กับตัวเองสักที",
        "Sun.000": "เจ้าของบ้านคนก่อนหน้า เขาเป็นคนสร้างห้องบูชาน่ะ พวกเราก็ไม่ได้เคร่ง เรื่องศาสนากันหรอก แต่ฉันก็ยินดีที่จะให้คนอื่นๆ ได้ใช้กันนะ ถ้าพวกเขาต้องการน่ะ",
        "fall_25.002": "ขอโทษทีนะ ฉันมีบางอย่าง ที่จะคุยกับหมอฮาร์วีย์ เป็นการส่วนตัวน่ะ...$u",
        "Tue.000": "อืม... ฉันควรใส่อะไรที่มันพิเศษ ไปเต้นแอโรบิกในวันนี้ดีมั้ย?",
        "Tue.001": "ตอนนี้หุ่นของเธอ เป๊ะเวอร์เลยนะ โจดี้! น่าจะเป็นเพราะดัมเบลแน่ๆ ใช่มั้ยล่ะ?",
        "fall_25.000": "วันนี้หมอนัดฉันมา ตรวจร่างกายน่ะ แต่อย่างน้อยก็ไม่ต้อง เดินมาไกลล่ะนะ",
        "fall_25.001": "เธอก็มาตรวจร่างกาย เหมือนกันหรอ? ว่าแต่เป็นอะไรมาล่ะ?",
        "Tue.002": "อื้ม... ฉันคิดว่าวันนี้ฉัน ได้คุกกี้มาด้วย *กรุบกรับ*",
        "winter_16.000": "คืนนี้ฉันจะชอปปิ้ง ให้สุดเหวี่ยงไปเลย! บอกฉันด้วยนะ ถ้าเธอเห็นปีแอร์กำลังมา..."
    }
}
