{
    "header": {
        "target": "w",
        "formatVersion": 5,
        "hidef": true,
        "compressed": 128
    },
    "readers": [
        {
            "type": "Microsoft.Xna.Framework.Content.DictionaryReader`2[[System.String, mscorlib, Version=4.0.0.0, Culture=neutral, PublicKeyToken=b77a5c561934e089],[System.String, mscorlib, Version=4.0.0.0, Culture=neutral, PublicKeyToken=b77a5c561934e089]]",
            "version": 0
        },
        {
            "type": "Microsoft.Xna.Framework.Content.StringReader",
            "version": 0
        }
    ],
    "content": {
        "winter_16.002": "หมอ ปอดของผม เป็นอะไรงั้นหรือครับ? บางทีมันก็ชอบส่งเสียงแปลกๆ ออกมาตอนที่ผมถอนหายใจ",
        "winter_15.000": "พรุ่งนี้ฉันมีนัด ตรวจร่างกาย... บางทีโชว์นางเงือกอาจจะ ทำให้ฉันใจเย็นลงก็ได้นะ? แต่ถ้าพวกเค้าคิดว่า ฉันตบตาล่ะ... *อึก*",
        "winter_16.001": "ฉันมาตรวจเรื่องปอดน่ะ... สูดเอาพวกฝุ่นกับถ่านหิน เข้าไปทุกวันคงไม่ดีแน่ๆ",
        "winter_16.000": "วันนี้ฉันมีนัด ตรวจร่างกายน่ะ ถ้าจะซื้ออะไรก็รีบๆ ทำซะล่ะ"
    }
}
