{
    "header": {
        "target": "w",
        "formatVersion": 5,
        "hidef": true,
        "compressed": 128
    },
    "readers": [
        {
            "type": "Microsoft.Xna.Framework.Content.DictionaryReader`2[[System.String, mscorlib, Version=4.0.0.0, Culture=neutral, PublicKeyToken=b77a5c561934e089],[System.String, mscorlib, Version=4.0.0.0, Culture=neutral, PublicKeyToken=b77a5c561934e089]]",
            "version": 0
        },
        {
            "type": "Microsoft.Xna.Framework.Content.StringReader",
            "version": 0
        }
    ],
    "content": {
        "winter_16.000": "ฉันขอแนะนำให้นายไปลอง ใช้บริการทัวร์เรือดำน้ำ ดูสักครั้งนะ มันมีแต่สิ่งมีชีวิตที่น่าเหลือเชื่อ อาศัยอยู่ใต้ท้องทะเล เต็มไปหมดเลยล่ะ",
        "summer_25.000": "หน้าหนาวกำลังจะมาถึงแล้ว ฉันเลยมาที่นี่เพื่อเอาวัคซีน แก้หวัดของตัวเองไปน่ะ",
        "summer_25.001": "คุณหมอฮาร์วีย์ ไม่นานมานี้คุณได้อ่าน บทความเรื่อง 'เทคนิคการแพทย์ ทางชีววิทยา' บ้างมั้ย? ผมเชื่อว่ามันจะต้องเป็น บทความที่คุณต้องสนใจแน่ๆ"
    }
}
