{
    "header": {
        "target": "w",
        "formatVersion": 5,
        "hidef": true,
        "compressed": 128
    },
    "readers": [
        {
            "type": "Microsoft.Xna.Framework.Content.DictionaryReader`2[[System.String, mscorlib, Version=4.0.0.0, Culture=neutral, PublicKeyToken=b77a5c561934e089],[System.String, mscorlib, Version=4.0.0.0, Culture=neutral, PublicKeyToken=b77a5c561934e089]]",
            "version": 0
        },
        {
            "type": "Microsoft.Xna.Framework.Content.StringReader",
            "version": 0
        }
    ],
    "content": {
        "winter_17.000": "ขบวนเรือ ของกลุ่มพ่อค้าจากแดนไกล กำลังเดินทางไปรอบโลก เพื่อค้นหาความมั่งคั่ง ที่ไฝ่ฝันมาโดยตลอด... ช่างเป็นการผจญภัย ที่ยอดเยี่ยมจริงๆ!",
        "marriage_Mon.000": "ว่าไง @ ฉันแค่มายืนดูคลื่นทะเลน่ะ",
        "summer_9.001": "ผมปวดหลังมากเลยคุณหมอ... หมอรู้มั้ย มันก็เป็นเพราะ ผมนั่งก้มเขียนนิยายนานๆ นี่แหละ",
        "summer_9.000": "สวัสดี อะไรที่พาเธอมา อยู่ในสถานที่แบบนี้ล่ะ?"
    }
}
