{
    "header": {
        "target": "w",
        "formatVersion": 5,
        "hidef": true,
        "compressed": 128
    },
    "readers": [
        {
            "type": "Microsoft.Xna.Framework.Content.DictionaryReader`2[[System.String, mscorlib, Version=4.0.0.0, Culture=neutral, PublicKeyToken=b77a5c561934e089],[System.String, mscorlib, Version=4.0.0.0, Culture=neutral, PublicKeyToken=b77a5c561934e089]]",
            "version": 0
        },
        {
            "type": "Microsoft.Xna.Framework.Content.StringReader",
            "version": 0
        }
    ],
    "content": {
        "Fri.000": "เครื่องทอผ้านี่มันดีจังเลยนะ เหมือนอยู่ในสวรรค์เลยล่ะ",
        "marriage_Mon.002": "กัส ดูจะมีปัญหาตลอดเวลาเลยนะ เวลาฉันไม่อยู่คอยช่วย จัดการเรื่องต่างๆ เนี่ย",
        "winter_11.000": "หลายๆ คนที่นี่ ก็มาตรวจสุขภาพร่างกาย ประจำปีกันทั้งนั้นแหละ",
        "marriage_Fri.001": "ฉันมาตรงนี้ เพราะกลิ่นผลไม้มันพามาน่ะ",
        "winter_11.001": "หมอคะ ฉันขอออกไปรักษา ด้วยวิธีธรรมชาติได้มั้ย ถ้ามันเป็นไปได้อ่ะนะ",
        "marriage_Mon.001": "วันนี้ฉันขอ ไปเดินออกกำลังกายนะ ตอนนี้เหมือนขาของฉัน มันเริ่มจะอ่อนปวกเปียก ไปหมดแล้ว",
        "marriage_Fri.000": "ฉันแค่มาดูนางเงือกน่ะ",
        "marriage_Mon.000": "มันดีนะ ที่ได้กลับมาเยี่ยมบ้านเก่า หลังจากที่ย้ายออกไปน่ะ บ้านหลังนี้ เต็มไปด้วยความทรงจำดีๆ เยอะแยะเลยล่ะ",
        "marriage_Fri.002": "คืนวันศุกร์นี่มันวุ่นวายมากๆ เลยล่ะ ฉันเลยจะต้องมาช่วยงาน นิดหน่อย แต่มันก็สนุกดีนะ!$h",
        "winter_15.000": "ฉันว่าฉันชอบเรือลำนี้นะ สีเรือมันดูดีมากๆ เลย!"
    }
}
