{
    "header": {
        "target": "w",
        "formatVersion": 5,
        "hidef": true,
        "compressed": 128
    },
    "readers": [
        {
            "type": "Microsoft.Xna.Framework.Content.DictionaryReader`2[[System.String, mscorlib, Version=4.0.0.0, Culture=neutral, PublicKeyToken=b77a5c561934e089],[System.String, mscorlib, Version=4.0.0.0, Culture=neutral, PublicKeyToken=b77a5c561934e089]]",
            "version": 0
        },
        {
            "type": "Microsoft.Xna.Framework.Content.StringReader",
            "version": 0
        }
    ],
    "content": {
        "Thu.000": "สถานที่แห่งนี้ เต็มไปด้วยความทรงจำ สำหรับฉันเลยนะ ...ขอบคุณมากๆ เลยนะจ้ะ มันดูดีสุดๆ ไปเลยล่ะ$h",
        "2.001": "โอ้ ที่รัก นี่มันเรื่องคอขาดบาดตาย หรือเปล่า? แล้วทำไมเธอ ถึงมาอยู่ที่นี่ล่ะ$s",
        "winter_17.000": "นี่เป็นหนึ่งในประเพณีใหม่ ของเมืองเพลิแกนน่ะ... แต่เราก็เข้าใจมัน ได้อย่างไวเลยล่ะ ใช่มั้ยจอร์จ?",
        "23.000": "เอาล่ะๆ ที่รัก... สิ่งสำคัญคือคุณหมอฮาร์วีย์ จะดูแลเธออย่างดี เขาเป็นผู้ชายที่ดี! เป็นตัวของตัวเอง เข้าไว้นะจ๊ะ",
        "23.001": "คุณคะ... ช่วยดูอาการของเขาทีได้ไหม เขาดูเหมือนจะหายใจติดๆ ขัดๆ",
        "2.000": "ถ้าหนูอายุเท่ากับฉันตอนนี้ หนูก็คงจะได้ไปหาหมอ บ่อยขึ้นน่ะสิ"
    }
}
