{
    "header": {
        "target": "w",
        "formatVersion": 5,
        "hidef": true,
        "compressed": 128
    },
    "readers": [
        {
            "type": "Microsoft.Xna.Framework.Content.DictionaryReader`2[[System.String, mscorlib, Version=4.0.0.0, Culture=neutral, PublicKeyToken=b77a5c561934e089],[System.String, mscorlib, Version=4.0.0.0, Culture=neutral, PublicKeyToken=b77a5c561934e089]]",
            "version": 0
        },
        {
            "type": "Microsoft.Xna.Framework.Content.StringReader",
            "version": 0
        }
    ],
    "content": {
        "fall_4.000": "การไปหาหมอมันทำให้ฉัน กังวลนิดหน่อยน่ะ... แบบว่าถ้าเค้าบอกว่าฉันว่า ฉันจะอยู่ได้อีกแค่ปี 2 ปีล่ะ? ฉันยังมีเรื่องที่จะต้องทำ อีกตั้งเยอะนะ!",
        "fall_4.001": "ตับใช่มั้ยล่ะ ใช่มั้ยคุณหมอ? หน้าคุณมันฟ้องนะ *เฮ้อ*... ฉันว่าฉันต้องเพลาเจ้าไวน์ สตาร์ดิว หวานเจี๊ยบนั่นลงซะหน่อยแล้ว$s",
        "Mon.000": "ฉันได้ของมาตุนไว้ที่ร้านฉัน อีกเพียบเลยล่ะ ปิแอร์มีแต่ของดีๆ ขายเต็มไปหมดทั้งนั้นเลย$h",
        "Sun.000": "เฮ้ @ ขอโทษนะ... เดี๋ยวถ้าเกมนี้จบ ร้านฉันก็จะปิดแล้วล่ะ"
    }
}
