{
    "header": {
        "target": "w",
        "formatVersion": 5,
        "hidef": true,
        "compressed": 128
    },
    "readers": [
        {
            "type": "Microsoft.Xna.Framework.Content.DictionaryReader`2[[System.String, mscorlib, Version=4.0.0.0, Culture=neutral, PublicKeyToken=b77a5c561934e089],[System.String, mscorlib, Version=4.0.0.0, Culture=neutral, PublicKeyToken=b77a5c561934e089]]",
            "version": 0
        },
        {
            "type": "Microsoft.Xna.Framework.Content.StringReader",
            "version": 0
        }
    ],
    "content": {
        "winter_9.000": "ไม่มีอะไร ต้องให้เครียดหรอก... ฉันก็แค่ จะต้องไปตรวจร่างกายเฉยๆ",
        "winter_9.001": "คุณหมอคะ ฉันแค่มีน้ำมูกเฉยๆ นะ แต่ร่างกายฉันปกติแข็งแรงดี!",
        "winter.000": "มันหนาวเกินกว่าจะงัดตัวเอง ออกจากเตียงได้ง่ายๆ เลยล่ะ",
        "marriage_Mon.000": "ไงที่รัก! วันนี้ฉันกลับมาเยี่ยม พี่สาวของฉันน่ะ",
        "rain.000": "วันนี้สภาพอากาศแปรปรวนจัง ฉันไม่อยากจะลุก ออกจากเตียงเลย",
        "winter_16.001": "บรื๋ออ.... ฉันไม่ได้แต่งตัวเพื่อจะมา เจออากาศแบบนี้นะ...$s",
        "winter_16.000": "หนาวจัง หนาวจนไม่อยากจะลุก ออกจากเตียงเลยล่ะ"
    }
}
