{
    "header": {
        "target": "w",
        "formatVersion": 5,
        "hidef": true,
        "compressed": 128
    },
    "readers": [
        {
            "type": "Microsoft.Xna.Framework.Content.DictionaryReader`2[[System.String, mscorlib, Version=4.0.0.0, Culture=neutral, PublicKeyToken=b77a5c561934e089],[System.String, mscorlib, Version=4.0.0.0, Culture=neutral, PublicKeyToken=b77a5c561934e089]]",
            "version": 0
        },
        {
            "type": "Microsoft.Xna.Framework.Content.StringReader",
            "version": 0
        }
    ],
    "content": {
        "Fri.000": "เจ้านี่ เข้ากับอาหารเพื่อสุขภาพ ได้อย่างดีเลยล่ะ",
        "marriageJob.000": "ไงที่รัก มาทำอะไรที่คลินิกล่ะ?#$e#เอ๋ มาหาผมเหรอ รู้สึกดีจังเลยแฮะ$h",
        "Fri.001": "ผมแค่จะเอาของพวกนี้ ไปเก็บเข้าที่น่ะ",
        "marriage_Mon.001": "เสียงของสายน้ำ มันทำให้ผมรู้สึก ผ่อนคลายมากเลยล่ะ",
        "marriage_Mon.000": "ไง! ผมเพิ่งออกไปซื้อพวกของ ที่จำเป็นมาน่ะ ทีนี้ก็ทำอาหารเพื่อสุขภาพ ให้กับพวกเราได้แล้ว",
        "Sat.000": "ผมแค่จะเอาของพวกนี้ ไปเก็บเข้าที่น่ะ",
        "winter_15.000": "ฤดูหนาวอาจจะเป็น ฤดูที่น่าเบื่อ แต่มันก็ทำให้อะไรๆ ดูสว่างสดใสขึ้นมาได้นะ!"
    }
}
