{
    "header": {
        "target": "w",
        "formatVersion": 5,
        "hidef": true,
        "compressed": 128
    },
    "readers": [
        {
            "type": "Microsoft.Xna.Framework.Content.DictionaryReader`2[[System.String, mscorlib, Version=4.0.0.0, Culture=neutral, PublicKeyToken=b77a5c561934e089],[System.String, mscorlib, Version=4.0.0.0, Culture=neutral, PublicKeyToken=b77a5c561934e089]]",
            "version": 0
        },
        {
            "type": "Microsoft.Xna.Framework.Content.StringReader",
            "version": 0
        }
    ],
    "content": {
        "spring_11.003": "วันนี้วินเซนท์เก่งมากๆ เลยล่ะ ตอนที่เจอคุณหมอ ฉันภูมิใจในตัวเขาจริงๆ",
        "winter_17.000": "มันคงจะตื่นเต้นน่าดูเลยนะ ถ้าได้ออกไปเที่ยวเล่น เหมือนกับพวกเขา... *เฮ้อ*...",
        "spring_11.001": "เข้มแข็งหน่อยวินเซนท์ ลองคิดถึงพ่อของลูกดูสิ",
        "Tue.000": "ไม่นะ... แขนของฉัน มันเหมือนเยลลี่เลย... $s",
        "spring.000": "ชู่ว... เค้ากำลังหลับอยู่นะ",
        "spring_18.000": "เฮ้! เธอจะเข้ามายุ่งกับนัดส่วนตัว ของคนอื่นไม่ได้นะ!$u",
        "spring_11.002": "หมอฮาร์วีย์คะ? ฉันกังวลกับ ส่วนสูงของวินเซนท์น่ะค่ะ สำหรับเด็กวัยนี้เค้าไม่ตัวเล็ก ไปหน่อยเหรอคะ?",
        "spring_11.000": "วินเซนท์เขาเกลียดการ ไปหาหมอที่สุดเลยล่ะนะ แต่ทำยังไงได้ เขาก็ต้องทนกับมันไปนั่นแหละ"
    }
}
