{
    "header": {
        "target": "w",
        "formatVersion": 5,
        "hidef": true,
        "compressed": 128
    },
    "readers": [
        {
            "type": "Microsoft.Xna.Framework.Content.DictionaryReader`2[[System.String, mscorlib, Version=4.0.0.0, Culture=neutral, PublicKeyToken=b77a5c561934e089],[System.String, mscorlib, Version=4.0.0.0, Culture=neutral, PublicKeyToken=b77a5c561934e089]]",
            "version": 0
        },
        {
            "type": "Microsoft.Xna.Framework.Content.StringReader",
            "version": 0
        }
    ],
    "content": {
        "spring_16.001": "ฉันดูแข็งแรงดีมั้ยคะ คุณหมอฮาร์วีย์?",
        "marriage_Mon.000": "สวัสดีตอนบ่าย @ ฉันแค่ออกมาเดินเล่น และสูดอากาศสักพักน่ะ คงเพราะเริ่มมีอาการคิดถึง เจ้ากระท่อมหลังน้อยๆ นั่นซะแล้วล่ะ",
        "winter_15.000": "ฮื้ม... ภาพวาดของลูพินี่เหรอ? ไม่เลวเลยนี่...",
        "spring_16.000": "ไง มาหาหมอที่นี่หรอ?"
    }
}
