{
    "header": {
        "target": "w",
        "formatVersion": 5,
        "hidef": true,
        "compressed": 128
    },
    "readers": [
        {
            "type": "Microsoft.Xna.Framework.Content.DictionaryReader`2[[System.String, mscorlib, Version=4.0.0.0, Culture=neutral, PublicKeyToken=b77a5c561934e089],[System.String, mscorlib, Version=4.0.0.0, Culture=neutral, PublicKeyToken=b77a5c561934e089]]",
            "version": 0
        },
        {
            "type": "Microsoft.Xna.Framework.Content.StringReader",
            "version": 0
        }
    ],
    "content": {
        "winter_15.000": "คนพวกนี้ก็เป็นนักเดินทาง เหมือนกับฉันนั่นแหละ... ฉันรู้สึกได้ถึงความผูกผัน ขอแค่ได้ยืนดูพวกเขา อยู่จากตรงนี้ก็พอใจแล้ว",
        "winter.000": "แม้แต่คนอย่างฉัน ก็ยังจำเป็นที่จะต้องเข้าไป อบอุ่นร่างกาย ในบ้านเป็นระยะๆ เลย"
    }
}
