{
    "header": {
        "target": "w",
        "formatVersion": 5,
        "hidef": true,
        "compressed": 128
    },
    "readers": [
        {
            "type": "Microsoft.Xna.Framework.Content.DictionaryReader`2[[System.String, mscorlib, Version=4.0.0.0, Culture=neutral, PublicKeyToken=b77a5c561934e089],[System.String, mscorlib, Version=4.0.0.0, Culture=neutral, PublicKeyToken=b77a5c561934e089]]",
            "version": 0
        },
        {
            "type": "Microsoft.Xna.Framework.Content.StringReader",
            "version": 0
        }
    ],
    "content": {
        "spring_25.000": "*งึมงำ*... หมอรู้หมดเลย... *งึมงำ*$4",
        "spring_25.001": "วันนึงฉันดื่มเยอะ ขนาดไหนน่ะเหรอ? คำถามอะไรของหมอเนี่ย?$u"
    }
}
