{
    "header": {
        "target": "w",
        "formatVersion": 5,
        "hidef": true,
        "compressed": 128
    },
    "readers": [
        {
            "type": "Microsoft.Xna.Framework.Content.DictionaryReader`2[[System.String, mscorlib, Version=4.0.0.0, Culture=neutral, PublicKeyToken=b77a5c561934e089],[System.String, mscorlib, Version=4.0.0.0, Culture=neutral, PublicKeyToken=b77a5c561934e089]]",
            "version": 0
        },
        {
            "type": "Microsoft.Xna.Framework.Content.StringReader",
            "version": 0
        }
    ],
    "content": {
        "winter_4.001": "เฮ้! ขอความเป็นส่วนตัว บ้างได้มั้ย?$a",
        "marriage_Mon.002": "ฉันสงสัยจังว่า อนาคตข้างหน้า มารุจะแต่งงานกับใครมั้ย?",
        "marriageJob.000": "สวัสดีที่รัก รู้สึกดีจังที่คุณมาเยี่ยมฉัน ถึงที่ทำงาน$h",
        "marriage_Mon.001": "ไม่ต้องกังวล ฉันใช้เงินของตัวเอง ซื้อของพวกนั้นมา",
        "marriage_Mon.000": "ว่าไงที่รัก! ฉันกำลังชอปปิ้งอยู่เลย",
        "winter_15.000": "คุณได้กลิ่นนั่นไหม ฉันก็แค่พูดไปอย่างนั้นแหละ อย่าสนใจเลย...",
        "winter_4.000": "ฉันมีนัดที่คลินิก ตอนบ่ายนี้แหละ",
        "rain2.000": "ฉันจะเข้าไปข้างในนะ ก็แค่ต้องการเวลา ทำสมาธิเงียบๆ บ้าง"
    }
}
