{
    "header": {
        "target": "w",
        "formatVersion": 5,
        "hidef": true,
        "compressed": 128
    },
    "readers": [
        {
            "type": "Microsoft.Xna.Framework.Content.DictionaryReader`2[[System.String, mscorlib, Version=4.0.0.0, Culture=neutral, PublicKeyToken=b77a5c561934e089],[System.String, mscorlib, Version=4.0.0.0, Culture=neutral, PublicKeyToken=b77a5c561934e089]]",
            "version": 0
        },
        {
            "type": "Microsoft.Xna.Framework.Content.StringReader",
            "version": 0
        }
    ],
    "content": {
        "summer_18.001": "ไม่มีเรื่องแย่ๆ ที่จะต้องบอกนี่คุณหมอ ฉันก็รู้สึกดีเหมือนทุกๆ ครั้งที่ผ่านมานั่นแหละ",
        "summer_18.000": "อะไรที่ทำให้คน สุขภาพดีอย่างเธอ มาอยู่ที่นี่ได้เนี่ย?",
        "Tue.000": "เรามาเจอกันทุกๆ สัปดาห์ ให้กำลังใจกันและกัน เพื่อสุขภาพร่างกาย และสุขภาพจิตที่ดีล่ะนะ",
        "winter_16.000": "การไปดูเรือ คือสิ่งที่ฉันชอบที่สุดเลย เสียงลั่นของไม้ มันทำให้ฉันรู้สึกดีแปลกๆ"
    }
}
