{
    "header": {
        "target": "w",
        "formatVersion": 5,
        "hidef": true,
        "compressed": 128
    },
    "readers": [
        {
            "type": "Microsoft.Xna.Framework.Content.DictionaryReader`2[[System.String, mscorlib, Version=4.0.0.0, Culture=neutral, PublicKeyToken=b77a5c561934e089],[System.String, mscorlib, Version=4.0.0.0, Culture=neutral, PublicKeyToken=b77a5c561934e089]]",
            "version": 0
        },
        {
            "type": "Microsoft.Xna.Framework.Content.StringReader",
            "version": 0
        }
    ],
    "content": {
        "summer_4.000": "โธ่เอ๊ย.. ฉันเกือบลืมไปเลย ฉันต้องไปหา คุณหมอฮาร์วีย์วันนี้",
        "Fri.000": "ฉันควรปล่อยให้แซม เขาชนะซักครั้งดีไหม?... ไม่ล่ะ$h",
        "marriage_Fri.001": "ฝีมือของฉันไม่ได้ลดลงหรอก... ขนาดแซม ฉันยังเอาชนะได้ง่ายๆ เลย$h",
        "summer_4.001": "มาทำอะไรในนี้เนี่ย? นี่ถ้าเกิดฉันโป๊อยู่ล่ะ!$a", 
        "marriage_Mon.001": "แม่ดูมีความสุขมากเลย ตอนฉันเข้าไปที่บ้าน เธอเหมาะกับรอยยิ้ม แบบนั้นมากๆ เลยล่ะ$7",
        "marriage_Fri.000": "ฉันจะออกไปเที่ยวกับ เพื่อนเก่าในคืนนี้ซักหน่อย อาจจะกลับบ้านดึกหน่อยนะ",
        "marriage_Mon.000": "มายืนตรงนี้ทำให้ฉัน รู้สึกอยากสูบบุหรี่มากๆ เลย... แต่ฉันตัดสินใจแล้ว ที่จะเลิกสูบบุหรี่",
        "rain.000": "มหาสมุทรเป็นที่ที่ดีที่สุด ที่ฉันจะมายืนซึมซับบรรยากาศ อยู่คนเดียว... คิดอย่างนั้นเหมือนกัน ใช่ไหมล่ะ?",
        "winter_16.000": "เวลากลางคืน ฉันจะรู้สึกผ่อนคลาย ขึ้นเยอะเลย... มันดีมากซะจน ฉันมีความคิดที่จะไปซื้อ ของแปลกๆเลยล่ะ"
    }
}
