{
    "header": {
        "target": "w",
        "formatVersion": 5,
        "hidef": true,
        "compressed": 128
    },
    "readers": [
        {
            "type": "Microsoft.Xna.Framework.Content.DictionaryReader`2[[System.String, mscorlib, Version=4.0.0.0, Culture=neutral, PublicKeyToken=b77a5c561934e089],[System.String, mscorlib, Version=4.0.0.0, Culture=neutral, PublicKeyToken=b77a5c561934e089]]",
            "version": 0
        },
        {
            "type": "Microsoft.Xna.Framework.Content.StringReader",
            "version": 0
        }
    ],
    "content": {
        "marriage_Fri.001": "อืมมม... ผมคงต้องบอกว่า ร้านโจจ้ามีข้อได้เปรียบ เรื่องอาหารเย็นแช่แข็ง",
        "marriage_Mon.001": "ผมรู้สึกผูกพัน กับป่านี้มากเลยล่ะ... เพราะมันเต็มไปด้วย ความทรงจำมากมาย...",
        "marriage_Fri.000": "ไม่ต้องกังวลไปหรอก มันก็แค่โจจ้าโคล่า",
        "marriage_Fri.002": "ถ้าผมไม่สั่งเครื่องดื่มเพิ่มอีก กัสคงจะต้องปิดกิจการแน่ๆ ผมก็แค่ทำตามหน้าที่ ของพลเมืองที่ดี แล้วเดี๋ยวผมค่อยตามกลับไป ที่บ้านประมาณ 4 ทุ่มนะ",
        "marriage_Mon.000": "โอ้ เฮ้ @ คิดถึงผมแล้วเหรอ?$6",
        "winter_15.000": "ต่อจากนี้ผมจะหยุดไปที่ ซาลูนตอนกลางคืนเพื่อแจส...",
        "marriage_Sun.000": "กลิ่นในนี้มันแย่ชะมัด",
        "marriage_Sun.001": "ผมเพิ่งได้ตัวต่อโคล่ามา... ผมควรเลือกโจจ้าคลาสสิค หรือ โจจ้าบลู ดี? เพราะผมคงต้องอยู่กับ เจ้านี่ไปอีกซักพัก...",
        "marriage_Fri.003": "ผมขอเล่นอีกซักรอบนะ...$h"
    }
}
