{
    "header": {
        "target": "w",
        "formatVersion": 5,
        "hidef": true,
        "compressed": 128
    },
    "readers": [
        {
            "type": "Microsoft.Xna.Framework.Content.DictionaryReader`2[[System.String, mscorlib, Version=4.0.0.0, Culture=neutral, PublicKeyToken=b77a5c561934e089],[System.String, mscorlib, Version=4.0.0.0, Culture=neutral, PublicKeyToken=b77a5c561934e089]]",
            "version": 0
        },
        {
            "type": "Microsoft.Xna.Framework.Content.StringReader",
            "version": 0
        }
    ],
    "content": {
        "winter_16.000": "ผมอยากไปนั่งเรือ!!",
        "spring_11.001": "* ฮึก * ... แม่ครับ ผมไม่อยากไป ตรวจร่างกายเลย$s",
        "spring_11.002": "ผมจะได้อมยิ้มมั้ย? ถ้าผมยอมมาตรวจร่างกาย",
        "spring_11.000": "* สะอื้น * ... วันนี้ผมมีนัดตรวจร่างกาย ด้วยล่ะ$s"
    }
}
