{
    "header": {
        "target": "w",
        "formatVersion": 5,
        "hidef": true,
        "compressed": 128
    },
    "readers": [
        {
            "type": "Microsoft.Xna.Framework.Content.DictionaryReader`2[[System.String, mscorlib, Version=4.0.0.0, Culture=neutral, PublicKeyToken=b77a5c561934e089],[System.String, mscorlib, Version=4.0.0.0, Culture=neutral, PublicKeyToken=b77a5c561934e089]]",
            "version": 0
        },
        {
            "type": "Microsoft.Xna.Framework.Content.StringReader",
            "version": 0
        }
    ],
    "content": {
        "Fri.000": "การที่ต้องจับปลาน้ำเค็ม ตลอดทั้งวัน ทำให้ฉันรู้สึกคอแห้งจริงๆ เลยนะ",
        "spring_9.001": "อ๊ะ ฉันทำเบ็ดตกปลา เกี่ยวเข้าที่นิ้วมือ ของตัวเองล่ะ... ต้องให้คุณหมอดึงมันออก",
        "winter_17.000": "อ่า ไม่มีอะไรจะดีไปกว่า เครื่องดื่มร้อนๆ หลังจากวันอันมืดมน และหนาวเหน็บแล้วล่ะ...",
        "spring_9.002": "โอ๊ย! มันเจ็บนะหมอ!$s",
        "spring_9.000": "วันนี้ฉันมีนัดกับคุณหมอนะ ถ้าอยากจะซื้ออะไรล่ะก็ รีบหน่อยละกัน",
        "spring_9.003": "ฉันต้องการวอร์มเครื่องอีกนิด เตรียมพร้อมจะเจอกับ คืนอันหนาวเหน็บ ของมหาสมุทรน่ะ$h",
        "Sat.000": "อ่า... ไม่มีอะไรจะดีไปกว่าลมเย็นๆ หลังจากที่ต้องยืนตกปลา มาตลอดทั้งวันแล้วล่ะ$h",
        "winter_15.000": "ฉันนอนไม่หลับหรอก ถ้าตลาดกลางคืนยังจัดอยู่... เอ่อ แต่มันก็ไม่เป็นไรมากหรอก",
        "winter.000": "ฉันต้องวอร์มเครื่องอีกนิด เพื่อเตรียมพร้อมกับ คืนอันหนาวเหน็บในมหาสมุทร อีกครั้ง$h",
        "winter_16.000": "เคยไปทัวร์เรือดำน้ำ ใต้ทะเลลึกมั้ย? กัปตันคนนั้น เป็นเพื่อนเก่าของฉันเองล่ะ"
    }
}
