{
    "header": {
        "target": "w",
        "formatVersion": 5,
        "hidef": true,
        "compressed": 128
    },
    "readers": [
        {
            "type": "Microsoft.Xna.Framework.Content.DictionaryReader`2[[System.String, mscorlib, Version=4.0.0.0, Culture=neutral, PublicKeyToken=b77a5c561934e089],[System.String, mscorlib, Version=4.0.0.0, Culture=neutral, PublicKeyToken=b77a5c561934e089]]",
            "version": 0
        },
        {
            "type": "Microsoft.Xna.Framework.Content.StringReader",
            "version": 0
        }
    ],
    "content": {
        "Introduction": "เฮ้ ทำเหมืองได้ดีหนิ สำหรับมนุษย์ล่ะน่ะ",
        "Mon": "ข้าได้ของทั้งหมดนี่ มาจากพื้นผิวโลก ข้าแค่ไปเอามาจาก คนพวกนั้น ในตอนกลางคืน#$e#หืมม? ที่เจ้าเรียก หมายถึงอะไร \"ทรัพย์สินส่วนตัว\"?",
        "Tue": "อ่าห์... สตูว์แครอทถ้ำ แครอทถ้ำย่าง ซุปแครอทถ้ำและ แครอทถ้ำอูกราแตง#$e#...และขนมบรูเล่ แครอทถ้ำจานเล็ก ทำให้ค่ำคืนนี้หอมหวาน#$e#อะไรรึ?",
        "Wed": "เฮ้ อยากจะซื้ออะไรมั้ย?",
        "Wed_6": "เมื่อนานมาแล้ว ผู้คนของข้า ต่างล่วงรู้ถึง ความลับของเทคโนโลยี อันล้ำหน้า หลักฐานทาง โบราณคดียืนยันได้#$e#แต่ข้าไม่รู้ว่ามัน มาจากไหน? และมันไปไหน หมดแล้ว? ข้าว่าบางคำถาม ก็คงจะไม่มีคำตอบ เป็นแน่...",
        "Thu_4": "ข้ารู้สึกสบายขึ้น เมื่ออยู่ใต้ดิน#$e#ยิ่งลึกเท่าไร ก็ยิ่งดีขึ้นนะ",
        "Fri": "เจ้าไม่เคยเห็น คนแคระ มาก่อนใช่มั้ย?",
        "Sat_8": "เหมืองอาจจะเป็น ที่ที่สร้างความลำบาก ให้เจ้าได้ ระวังตัวด้วย เพื่อน!",
        "Sat": "ในเหมือง มันอันตราย ทำไมไม่ซื้อของ บางอย่าง  จากร้านข้า เพื่อความปลอดภัย ของเจ้าล่ะ?",
        "Sun": "สักวันหนึ่ง เจ้าต้องบอกข้า เกี่ยวกับเครื่องดื่ม ที่เจ้าเรียกว่า \"นม (milk)\".",
        "Thu": "เจ้าไม่ใช่สายลับ ที่ถูกส่งมาจาก มนุษย์เงาใช่มั้ย?#$e#ข้าจะคอยจับตา มองเจ้าไว้",
        "Fri_2": "คนส่วนใหญ่ กลัวสิ่งที่ไม่รู้... นั่นเป็นเหตุผลที่ข้า ซ่อนร้านของข้า ไว้ที่นี่#$e#ทักษะการ ขุดเหมืองของเจ้า พิสูจน์ว่า เจ้านั้นน่าเชื่อถือ"
    }
}
