{
    "header": {
        "target": "w",
        "formatVersion": 5,
        "hidef": true,
        "compressed": 128
    },
    "readers": [
        {
            "type": "Microsoft.Xna.Framework.Content.DictionaryReader`2[[System.String, mscorlib, Version=4.0.0.0, Culture=neutral, PublicKeyToken=b77a5c561934e089],[System.String, mscorlib, Version=4.0.0.0, Culture=neutral, PublicKeyToken=b77a5c561934e089]]",
            "version": 0
        },
        {
            "type": "Microsoft.Xna.Framework.Content.StringReader",
            "version": 0
        }
    ],
    "content": {
        "Introduction": "โอ้ สวัสดี และยินดีต้อนรับสู่ชุมชน เล็กๆของเรา ที่รัก#$b#เธอจะเรียกฉันว่า 'ยาย' ก็ได้นะ ถ้าเธอต้องการ$h",
        "pamHouseUpgrade": "โอ้ ดีเลย... นั้นช่างมีน้ำใจมาก ที่มาช่วยสร้างบ้านใหม่ หลังงามให้แพม!$h#$e#มันทำให้ยายอบอุ่นหัวใจ เมื่อเห็นผู้คนห่วงใย กันและกัน แบบนี้...",
        "pamHouseUpgradeAnonymous": "เรียกยายว่า คนแก่โง่เง่าก็ได้นะ... แต่ยายคิดว่ายายรู้นะ ว่าใครจ่ายเงิน สร้างบ้านใหม่ให้แพม... *ขยิบตา*",
        "MovieInvitation": "โอ้เยี่ยม! เธอช่างใจดีจริงๆ ที่รัก ทำไมล่ะ ใช่สิ... ยายต้องอยากจะ ไปดูหนังอยู่แล้ว! $h#$b#เธอไปก่อนได้เลย ค่อยไปเจอกันหน้าโรงหนัง",
        "Mon": "แหม! ช่างเป็นวันที่ดีจริงๆ$u",
        "Tue": "อย่าถือจอร์จสามียายเลยนะ เขาเป็นคนที่ไม่ค่อย เป็นมิตรกับคนแปลกหน้าน่ะ#$e#แต่ถ้าเธอได้รู้จักเขา มากกว่านี้ เขาจะทำให้เธอมีความสุข#$e#ยายรู้ว่าสักวันหนึ่ง เธอทั้งสองจะต้องกลายเป็น เพื่อนที่ดีต่อกันแน่นอนจ๊ะ!$h#$e#เนื่องจากเธอสนใจสามียาย ยายจะบอกความลับเล็กๆ น้อยๆ ของเขาให้ละกันนะ เขาเป็นคนที่ชอบต้นหอมมาก! เธอสามารถพบมันได้ในภูเขา ณ ช่วงฤดูนี้แหละ",
        "Wed": "#$1 evelynGarden1#ยายเห็นฝูงผีสื้อ สุดสวยกลุ่มนึง กำลังโบยบินอยู่ท่ามกลาง แสงแดดในสวนของเมือง เมื่อวานนี้ล่ะ $k#$e#ท่านนายกผู้แสนดี มอบหมายให้ยาย ดูแลสวนของเมืองนี้#$e#ยายเฝ้าดูแล มันมาตลอดทั้งสัปดาห์ เพราะงั้นระวังอย่าเหยียบมัน เด็ดขาดนะ!",
        "Thu": "วันนี้ยายอบคุกกี้ล่ะ ยายชอบที่จะทำเป็นรูปดอกไม้ ในช่วงฤดูใบไม้ผลิ $h#$e#บางที สักวันหนึ่งยายอาจจะ บอกสูตรให้เธอก็ได้นะ",
        "Fri": "จอร์จใช้เวลาเกือบทั้งวัน ที่หน้าทีวีบ้าๆ ของเขา#$e#ยายหวังว่าเขา จะออกไปข้างนอกบ้าง อากาศบริสุทธิ์ จะทำให้เขาดีขึ้น",
        "Sat": "ยายเคยรักที่จะมองดู บรรดาก้อนเมฆทั้งหลาย แต่ทุกวันนี้ยายดันมีปัญหา ในการมองซะแล้วสิ#$e#สายตาของยาย ไม่ได้ดีเหมือนแต่ก่อนแล้ว$s",
        "Sun": "มันดีนะ ที่ได้อยู่ใกล้ๆ กับผืนน้ำ เสียงจากทะเลทำให้ หลับได้ง่ายขึ้นเยอะเลย#$e#เมื่อสมัยยายเด็กๆ เราจะออกหาเปลือกหอยกัน ในตอนที่น้ำลง นั่นเป็นช่วงเวลาที่ดีมากเลย...",
        "Tue6": "มันดีนะ ที่เธอใช้เวลามาเยี่ยม ยายกับจอร์จน่ะ#$e#ถ้าไม่มีพวกหนุ่มๆ สาวๆ มาคอยอยู่ใกล้ พวกเราคงแก่ไวกว่านี้$h",
        "Event_cookies1": "ขอบคุณ!$h",
        "Event_cookies2": "อะไรนะจ๊ะที่รัก ยายสาบานได้เลยว่า เธอพูดว่า 'ลูกฮอกกี้' *ถอนหายใจ* หูของยายไม่ได้ดี เหมือนแต่ก่อนแล้ว$s",
        "summer_Mon": "รู้สึกมีพลังมาก ในสภาพอากาศที่ดีแบบนี้$u",
        "summer_Mon_inlaw_Alex": "หลานของยายเป็นไงบ้าง? ยายจินตนาการไว้ว่า เค้าน่าจะพอใจกับ ชีวิตในฟาร์ม#$e#เค้าสมควร ได้รับมันแล้วล่ะ... เพราะเค้าเป็นเด็กดีมาตลอด ",
        "summer_Tue": "จอร์จมักจะหงุดหงิดบ่อย ๆ ช่วงหน้าร้อน ด้วยสภาพอากาศที่ร้อน เข้าไปถึงกระดูก#$e#คุณไม่สามารถรู้ได้หรอก แต่ยายรู้ เพราะยายอยู่กับเขามา 60 กว่าปีแล้ว!",
        "summer_Wed": "ท่านนายกผู้แสนดี มอบหมายให้ยายดูแลสวน ของเมืองนี้#$e#ยายเฝ้าดูแลมันมาตลอด ทั้งสัปดาห์ เพราะงั้นระวัง อย่าเหยียบมันเด็ดขาดนะ!",
        "summer_Thu": "วันนี้ยายจะอบคุกกี้ละจ๊ะ มันจะออกมาเป็นคุกกี้มะพร้าว ที่มีรูปร่างเหมือน ต้นปาล์มเลยนะ! ฮิๆ$h#$e#บางที สักวันยายอาจจะบอก สูตรแก่เธอนะ",
        "summer_Sat": "ออกไปข้างนอกระวังด้วยนะ เดี๋ยวผิวสวยๆของเธอ จะไหม้เอา",
        "summer_Sun": "ต้นถั่วหวาน (sweet pea) กำลังผลิดอกอยู่ ณ ช่วงนี้#$e#กลิ่นของมันหอมมาก ๆ เลยใช่มั้ยจ๊ะ",
        "summer_Thu4": "ดูเหมือนว่า จะมีแขกมาที่บ้านเยอะขึ้นนะ เวลาที่ยายเริ่มทำคุกกี้เนี่ย#$e#สูตรนี้แม่ของยาย เป็นคนสอนเองล่ะ",
        "fall_Mon": "ทุกๆปี ยายจะเห็นคุณค่า ของแต่ละฤดูมากขึ้นทุกที สำหรับคนหนุ่มสาวแล้ว มันเป็นเพียงแค่สิ่งเล็กๆ น้อยๆ ที่พวกเขาไม่สนใจ อะไรหรอกจ๊ะ",
        "fall_Tue": "ยายใส่ลูกเกตลงไปใน ข้าวโอ๊ตของจอร์จ... แต่เขาก็ไมได้พูดอะไร ยายสงสัยว่าเขา ได้สังเกตเห็นมันหรือเปล่า?",
        "fall_Wed": "นายกเทศมนตรีฝากให้ยาย เป็นคนดูแลสวนในเมืองนี้#$e#ดอกไม้ในฤดูใบไม้ร่วงน่ะ บอบบางมาก ดังนั้น อย่าไปทำอะไรมันล่ะ! ยายรู้นะ ว่าเด็กๆอย่างเธอ ชอบทำอะไรอย่างนั้น",
        "fall_Thu": "วันนี้ยายอบคุกกี้จ้ะ เป็นคุกกี้ที่มีหน้าตาเหมือน ฟักทองน้อยๆ $h#$e#สักวันยายอาจจะบอกสูตรนี้ ให้เธอก็ได้นะจ๊ะ",
        "fall_Sat": "เธอเป็นเพื่อนกับ อเล็กซ์ หรือเปล่า#$e#บางครั้งเขาก็กังวล ว่ายายป่วย",
        "fall_Sat_inlaw_Alex": "โอ้ที่รัก ตอนนี้ ยายคิดเสมือนว่า เธอเป็นหลานชายยายเลย $h^โอ้ที่รัก ตอนนี้ ยายคิดเสมือนว่า เธอเป็นหลานสาวยายเลย$h",
        "fall_Sun": "สายตายายอาจจะแย่ แต่จมูกของยายน่ะ ไม่เคยโกหก!#$e#ยายยังได้กลิ่นของใบไม้ร่วง และเห็ดอยู่เลย มันทำให้ยายคิดถึงป่า ที่ยายชอบเข้าไปเล่นตอนเด็ก ๆ",
        "winter_Mon": "ระวังลื่น บนน้ำแข็งนะ ที่รัก",
        "winter_Tue": "เธอไม่หนาวเหรอ? เธอสวมเสื้อเจ็คเก็ตบาง ๆ แบบนั้น ที่รัก!#$e#อากาศแบบนี้มันไม่ค่อยดี กับข้อกระดูกยายเลย...$s",
        "winter_Wed": "ยายมักจะดูแลสวนอยู่เสมอ แต่ตอนนี้มันโดนหิมะกลบหมด#$e#ยายก็ยังชอบไปเช็คมันอยู่ดี",
        "winter_Sat": "เราอยู่ที่นี่มา 30 กว่าปีแล้ว เห็นผู้คนมากมาย มาแล้วก็จากไป เช่นปู่ของเธอไงล่ะ ขอให้เขาไปดีเถอะ... *ฮึก*",
        "winter_Sat6": "โอ้...ที่รัก เธอมีแววตา เหมือนปู่ของเธอ... $s#$e#... ใช่แล้ว... ยายรู้จักเขาดีมากๆเลยล่ะ",
        "winter_Sun": "เธอน่าจะทำซุปร้อน ๆ ให้ร่างกายอบอุ่นนะ#$e#แล้วอย่าลืม ใส่แจ็คเก็ตด้วย",
        "winter_Sat8": "@ ยายเคยบอกหรือยังว่า ยายกับจอร์จ อยู่บ้านหลังนี้มา 30 ปีแล้ว?#$e#หวังว่าเธอจะอยู่ที่นี่ ได้ยาวนานอย่างนี้เช่นกัน"
    }
}
