{
    "header": {
        "target": "w",
        "formatVersion": 5,
        "hidef": true,
        "compressed": 128
    },
    "readers": [
        {
            "type": "Microsoft.Xna.Framework.Content.DictionaryReader`2[[System.String, mscorlib, Version=4.0.0.0, Culture=neutral, PublicKeyToken=b77a5c561934e089],[System.String, mscorlib, Version=4.0.0.0, Culture=neutral, PublicKeyToken=b77a5c561934e089]]",
            "version": 0
        },
        {
            "type": "Microsoft.Xna.Framework.Content.StringReader",
            "version": 0
        }
    ],
    "content": {
        "Introduction": "...$u#$b#สวัสดีค่ะ...$u",
        "Mon": "โอ้...พี่กำลังมองหา ป้ามานีอยู่หรอคะ?$u",
        "Mon4": "สวัสดีค่ะ พี่ชาย @^สวัสดีค่ะ พี่สาว @#$e#การอยู่ในฟาร์ม มันสนุกดีนะคะ$h",
        "Tue": "อะไรนะคะ? *หัวเราะ*$h#$e#...สวัสดีค่ะ",
        "Tue6": "พี่เล่นตุ๊กตาได้นะ ถ้าพี่ต้องการ แต่อย่าลืมหวีผม ให้พวกมันหลังเล่นเสร็จ ด้วยนะคะ",
        "Wed": "...$u",
        "Wed2": "...สวัสดีค่ะ$u",
        "Wed4": "ป้ามานีไม่ให้หนูออกไปไหน หลัง 6 โมงเย็น ไม่ยุติธรรมเลย!$s#$e#หนูไม่กลัวความมืด แล้วนะ!",
        "Thu": "หนูไม่ควรจะพูด กับคนแปลกหน้า...$u",
        "Thu2": "ครูเพนนีสอนหนู ให้เขียนตัวอักษร$h#$e#ลายมือครูเค้า สวยมากเลยล่ะ",
        "Fri": "...หนูไม่รู้จักคุณ$u",
        "Fri2": "พี่ชอบโบว์ของหนู ไหมคะ?",
        "Fri4": "หนูชอบอยู่ในฟาร์ม... ของโปรดของหนู ก็คือไอศครีมสดใหม่ ที่ทำจากนมวัว ของเรา...",
        "Sat": "กลิ่นของพี่ เหมือนกับหญ้าเลย ยี้ๆ$u",
        "Sat2": "บางครั้งหนูจะไปหา กุ้งที่แม่น้ำ อย่าบอกป้ามานีนะคะ.... ครั้งนึงหนูเคย เอากุ้งให้วัวกิน ด้วยล่ะ#$e#มันชอบด้วย",
        "Sat8": "พี่ชาย@ มักจะดีกับหนู เสมอเลย$h^พี่สาว@ มักจะดีกับหนู เสมอเลย$h#$e#คนที่โตแล้ว มักจะใจร้ายและ น่าเบื่อ แต่พี่แตกต่างนะคะ",
        "Sun": "อืม... ค... คุณต้องการอะไร?$u#$e#หนูไม่ควรพูด กับคนแปลกหน้า$u",
        "Sun2": "เชนไม่ค่อยอยู่บ้าน ป้ามานีก็งานยุ่งทั้งวัน.... แบบนี้แหละ หนูเลยต้องสร้าง เกมส์เอง#$e#ต้องขอบคุณของเล่น ทั้งหมดที่หนูมี$h",
        "Sun10": "รู้ไหมคะว่า เชน เป็นพ่อเลี้ยงของหนู? เขาเป็นเพื่อน กับพ่อแม่หนู$s#$e#...พวกเขาตายแล้ว *กำลังเศร้า*$s"
    }
}
