{
    "header": {
        "target": "w",
        "formatVersion": 5,
        "hidef": true,
        "compressed": 128
    },
    "readers": [
        {
            "type": "Microsoft.Xna.Framework.Content.DictionaryReader`2[[System.String, mscorlib, Version=4.0.0.0, Culture=neutral, PublicKeyToken=b77a5c561934e089],[System.String, mscorlib, Version=4.0.0.0, Culture=neutral, PublicKeyToken=b77a5c561934e089]]",
            "version": 0
        },
        {
            "type": "Microsoft.Xna.Framework.Content.StringReader",
            "version": 0
        }
    ],
    "content": {
        "Mon": "พยายามต่อไป เจ้าหนู ฉันคิดว่าเธอจะโด่งดังได้#$e#ถามได้นะ ถ้าเธอต้องการอะไร",
        "Tue": "ฉันรู้ว่าเธอจะมาที่นี่สักวัน แน่นอนว่า ฉันทำให้มันยากหน่อย เพื่อให้เธอมีแรงจูงใจ ไปสู่ความเป็นเลิศ",
        "Wed": "ตอนแรกฉันก็เกิดมา เป็นแค่เด็กธรรมดา แต่ฉันได้ตัดสินใจ ตั้งแต่เนิ่น ๆ เลยว่า ฉันจะเป็นคนพิเศษให้ได้",
        "Thu": "เฮ้ อย่าบอกใครนะเกี่ยวกับที่นี่ โอเค? ฉันอยากให้มัน... พิเศษ#$e#เธอจะเก็บความลับ ให้กับเพื่อนเธอ Mr.Qi ใช่ไหม?",
        "Fri": "อย่าหยุดที่จะหา ความสมบูรณ์แบบ#$e#อย่าได้หยุด กับสิ่งที่ยังไม่เป็นเลิศ กับทุกอย่างที่เธอทำ",
        "Sat": "เวลาที่เธออยากพัก ก็หยุดพักนะ",
        "Sun": "ตั้งใจต่อไป แล้วสักวันเธออาจ จะได้เป็นอย่างฉัน"
    }
}
