{
    "header": {
        "target": "w",
        "formatVersion": 5,
        "hidef": true,
        "compressed": 128
    },
    "readers": [
        {
            "type": "Microsoft.Xna.Framework.Content.DictionaryReader`2[[System.String, mscorlib, Version=4.0.0.0, Culture=neutral, PublicKeyToken=b77a5c561934e089],[System.String, mscorlib, Version=4.0.0.0, Culture=neutral, PublicKeyToken=b77a5c561934e089]]",
            "version": 0
        },
        {
            "type": "Microsoft.Xna.Framework.Content.StringReader",
            "version": 0
        }
    ],
    "content": {
        "Introduction": "อ๊ะ คนแปลกหน้า! ผมชื่อวินเซนท์ครับ#$b#คุณแม่บอกผมว่า ห้ามคุยกับคน แปลกหน้า... แต่กับคุณ น่าจะไม่เป็นไร",
        "Mon": "ผมอยากเป็น เหมือนพี่เมื่อโตขึ้นจัง!$h#$e#โอเค ลาก่อนนะ!",
        "Mon4": "ผมดีใจที่พ่อกลับมา... แต่เขาดูไม่เหมือน ที่ผมจำได้อะ... พ่อไม่ค่อยอยู่บ้าน... ผมคิดถึงตอนที่ ได้เล่นกับพ่อจัง$s",
        "Tue": "*เฮ้อ*... วันนี้แม่ ไม่อนุญาตให้ผม เคี้ยวหมากฝรั่งอีกแล้ว$s",
        "Tue6": "พี่ชาย เก็บความลับ ได้ปล่าวฮะ?^พี่สาว เก็บความลับ ได้ปล่าวฮะ?$u#$b#ผมอยาก แต่งงานกับ ครูเพนนีตอนผมโตขึ้น#$e#อย่าไปบอกครูนะฮะ?$u",
        "Wed": "ผมอยากไปหาแมลง แต่แม่โกรธตลอดเลย เวลาผมเปื้อนทั้งตัว$u#$b#เลือกยากจังเลยฮะ",
        "Thu": "ผมหิวจัง... แม่อยู่ไหน?$s",
        "Thu2": "พี่ไม่น่าเบื่อ เหมือนผู้ใหญ่คนอื่นๆ!",
        "Fri": "#$c .3#อี๋ คืนนี้เป็น คืนของผักต้มอีกแล้ว... $s#$e#โอ้ ไม่... คืนนี้แม่จะทำซุปถั่ว เลนทิล$s",
        "Sat_1": "พ่อจะกลับมาเร็ว ๆ นี้แล้ว!#$b#ผมหวังว่าเขาจะเอาของเล่น มาให้ผมบ้างนะ$u",
        "Sat": "ครูเพนนีสั่งให้ผมอ่านหนังสือ เล่มใหม่ทุกสัปดาห์เลย$s#$b#อย่างน้อยครูก็ ให้ผมเลือกหนังสือเอง บางครั้งอะนะ!",
        "Sat8": "พ่อดูแปลกไป ตั้งแต่กลับมา ผมสงสัยว่า เกิดอะไรขึ้นกับพ่อ? $s#$b#พ่อไม่เล่นกับผม อีกเลย$s|",
        "Sun": "สวัสดีฮะ พี่ชาย! ^ สวัสดีฮะ พี่สาว!",
        "Sun10": "ดีฮะคุณลุง! ^ ดีฮะคุณป้า!#$e#อย่าบอกแม่นะ... แต่พี่เป็นผู้ใหญ่ที่ผม ชอบมากที่สุดเลย$h"
    }
}
